order_id,order_date,region,product_line,status,order_value_eur,processing_days
ORD-100000,2025-01-01 00:00:00.000000,Saxony,Electrification,Received,3092.91,36
ORD-100001,2025-01-01 02:36:59.483896,Lower Saxony,Service Parts,Delivered,946.43,1
ORD-100002,2025-01-01 05:13:58.967793,North Rhine-Westphalia,Signaling Systems,Shipped,11379.48,35
ORD-100003,2025-01-01 07:50:58.451690,Lower Saxony,Signaling Systems,In Progress,23315.72,30
ORD-100004,2025-01-01 10:27:57.935587,Lower Saxony,Service Parts,Delivered,5024.18,31
ORD-100005,2025-01-01 13:04:57.419483,Baden-Württemberg,Service Parts,Delivered,840.19,17
ORD-100006,2025-01-01 15:41:56.903380,North Rhine-Westphalia,Service Parts,Received,3464.72,8
ORD-100007,2025-01-01 18:18:56.387277,North Rhine-Westphalia,Rolling Stock Components,Shipped,5806.26,3
ORD-100008,2025-01-01 20:55:55.871174,North Rhine-Westphalia,Signaling Systems,Received,2016.9,10
ORD-100009,2025-01-01 23:32:55.355071,Lower Saxony,Signaling Systems,Shipped,9336.71,34
ORD-100010,2025-01-02 02:09:54.838967,Saxony,Rolling Stock Components,Delivered,1811.29,22
ORD-100011,2025-01-02 04:46:54.322864,North Rhine-Westphalia,Service Parts,Cancelled,5055.29,4
ORD-100012,2025-01-02 07:23:53.806761,Lower Saxony,Electrification,Delivered,3823.21,32
ORD-100013,2025-01-02 10:00:53.290658,Baden-Württemberg,Service Parts,In Progress,9676.35,29
ORD-100014,2025-01-02 12:37:52.774554,Saxony,Service Parts,Delivered,4838.23,11
ORD-100015,2025-01-02 15:14:52.258451,Baden-Württemberg,Rolling Stock Components,Delivered,3959.44,13
ORD-100016,2025-01-02 17:51:51.742348,Saxony,Signaling Systems,In Progress,2032.15,4
ORD-100017,2025-01-02 20:28:51.226245,Lower Saxony,Service Parts,Delivered,5106.38,2
ORD-100018,2025-01-02 23:05:50.710142,Bavaria,Signaling Systems,Delivered,3691.44,34
ORD-100019,2025-01-03 01:42:50.194038,Saxony,Rail Automation,Delivered,1886.38,43
ORD-100020,2025-01-03 04:19:49.677935,Baden-Württemberg,Signaling Systems,Delivered,5857.28,22
ORD-100021,2025-01-03 06:56:49.161832,Lower Saxony,Electrification,In Progress,7334.68,5
ORD-100022,2025-01-03 09:33:48.645729,Saxony,Electrification,In Progress,3387.18,9
ORD-100023,2025-01-03 12:10:48.129625,Bavaria,Service Parts,Delivered,13694.18,20
ORD-100024,2025-01-03 14:47:47.613522,Bavaria,Signaling Systems,In Progress,6570.67,21
ORD-100025,2025-01-03 17:24:47.097419,North Rhine-Westphalia,Service Parts,Shipped,1197.22,17
ORD-100026,2025-01-03 20:01:46.581316,North Rhine-Westphalia,Rolling Stock Components,Delivered,21399.73,12
ORD-100027,2025-01-03 22:38:46.065213,Baden-Württemberg,Electrification,Delivered,11426.46,28
ORD-100028,2025-01-04 01:15:45.549109,Saxony,Service Parts,Delivered,14794.55,18
ORD-100029,2025-01-04 03:52:45.033006,Saxony,Rolling Stock Components,Delivered,7635.42,3
ORD-100030,2025-01-04 06:29:44.516903,North Rhine-Westphalia,Service Parts,Delivered,375.59,5
ORD-100031,2025-01-04 09:06:44.000800,Saxony,Signaling Systems,Delivered,16348.32,14
ORD-100032,2025-01-04 11:43:43.484696,Saxony,Signaling Systems,In Progress,5254.64,26
ORD-100033,2025-01-04 14:20:42.968593,Bavaria,Signaling Systems,Shipped,7248.44,19
ORD-100034,2025-01-04 16:57:42.452490,North Rhine-Westphalia,Signaling Systems,Shipped,8905.48,41
ORD-100035,2025-01-04 19:34:41.936387,Lower Saxony,Rail Automation,In Progress,41353.19,17
ORD-100036,2025-01-04 22:11:41.420284,North Rhine-Westphalia,Rolling Stock Components,Shipped,2695.0,39
ORD-100037,2025-01-05 00:48:40.904180,Lower Saxony,Rolling Stock Components,In Progress,2772.64,42
ORD-100038,2025-01-05 03:25:40.388077,Bavaria,Signaling Systems,Delivered,1927.27,4
ORD-100039,2025-01-05 06:02:39.871974,Baden-Württemberg,Rail Automation,Delivered,1514.84,42
ORD-100040,2025-01-05 08:39:39.355871,Saxony,Signaling Systems,In Progress,1545.83,35
ORD-100041,2025-01-05 11:16:38.839767,Bavaria,Rail Automation,Delivered,641.02,24
ORD-100042,2025-01-05 13:53:38.323664,Saxony,Signaling Systems,Delivered,7858.27,41
ORD-100043,2025-01-05 16:30:37.807561,Baden-Württemberg,Electrification,Received,43764.89,13
ORD-100044,2025-01-05 19:07:37.291458,Baden-Württemberg,Electrification,Delivered,46944.99,33
ORD-100045,2025-01-05 21:44:36.775355,Bavaria,Service Parts,Delivered,1924.45,15
ORD-100046,2025-01-06 00:21:36.259251,Baden-Württemberg,Signaling Systems,Shipped,3643.25,15
ORD-100047,2025-01-06 02:58:35.743148,Lower Saxony,Rolling Stock Components,Delivered,19085.35,31
ORD-100048,2025-01-06 05:35:35.227045,Baden-Württemberg,Service Parts,Shipped,7907.62,43
ORD-100049,2025-01-06 08:12:34.710942,Saxony,Electrification,Delivered,5698.55,28
ORD-100050,2025-01-06 10:49:34.194838,Saxony,Signaling Systems,Received,3705.57,10
ORD-100051,2025-01-06 13:26:33.678735,Saxony,Service Parts,Delivered,17964.12,7
ORD-100052,2025-01-06 16:03:33.162632,Saxony,Signaling Systems,Shipped,1509.67,33
ORD-100053,2025-01-06 18:40:32.646529,Lower Saxony,Electrification,Delivered,8341.2,7
ORD-100054,2025-01-06 21:17:32.130426,North Rhine-Westphalia,Service Parts,In Progress,7182.68,5
ORD-100055,2025-01-06 23:54:31.614322,Bavaria,Electrification,Delivered,5154.93,26
ORD-100056,2025-01-07 02:31:31.098219,Saxony,Rail Automation,Delivered,11690.16,16
ORD-100057,2025-01-07 05:08:30.582116,Baden-Württemberg,Electrification,Delivered,5100.59,-8
ORD-100058,2025-01-07 07:45:30.066013,Saxony,Signaling Systems,Delivered,2729.9,22
ORD-100059,2025-01-07 10:22:29.549909,Baden-Württemberg,Rolling Stock Components,Delivered,5441.24,34
ORD-100060,2025-01-07 12:59:29.033806,Baden-Württemberg,Electrification,Delivered,852.94,40
ORD-100061,2025-01-07 15:36:28.517703,Saxony,Rolling Stock Components,Delivered,9642.99,28
ORD-100062,2025-01-07 18:13:28.001600,Lower Saxony,Rail Automation,Delivered,12772.53,36
ORD-100063,2025-01-07 20:50:27.485497,Baden-Württemberg,Service Parts,Delivered,2386.84,7
ORD-100064,2025-01-07 23:27:26.969393,Baden-Württemberg,Service Parts,Shipped,1837.27,40
ORD-100065,2025-01-08 02:04:26.453290,Saxony,Rolling Stock Components,In Progress,2485.61,43
ORD-100066,2025-01-08 04:41:25.937187,Baden-Württemberg,Service Parts,Shipped,4585.59,28
ORD-100067,2025-01-08 07:18:25.421084,Baden-Württemberg,Electrification,Delivered,6232.14,2
ORD-100068,2025-01-08 09:55:24.904980,Saxony,Rolling Stock Components,In Progress,29057.77,9
ORD-100069,2025-01-08 12:32:24.388877,Saxony,Signaling Systems,Delivered,25285.85,6
ORD-100070,2025-01-08 15:09:23.872774,Bavaria,Electrification,Delivered,12267.35,1
ORD-100071,2025-01-08 17:46:23.356671,Lower Saxony,Electrification,Shipped,5616.07,3
ORD-100072,2025-01-08 20:23:22.840568,Lower Saxony,Electrification,Delivered,1772.92,10
ORD-100073,2025-01-08 23:00:22.324464,Baden-Württemberg,Signaling Systems,In Progress,31182.15,37
ORD-100074,2025-01-09 01:37:21.808361,Lower Saxony,Rail Automation,In Progress,3742.82,44
ORD-100075,2025-01-09 04:14:21.292258,Baden-Württemberg,Service Parts,Delivered,6697.65,23
ORD-100076,2025-01-09 06:51:20.776155,Bavaria,Rolling Stock Components,Received,9799.51,33
ORD-100077,2025-01-09 09:28:20.260052,Saxony,Rail Automation,Shipped,5259.31,9
ORD-100078,2025-01-09 12:05:19.743948,Saxony,Rolling Stock Components,Delivered,17434.51,13
ORD-100079,2025-01-09 14:42:19.227845,Saxony,Service Parts,Shipped,8110.63,28
ORD-100080,2025-01-09 17:19:18.711742,Lower Saxony,Signaling Systems,Cancelled,14581.41,7
ORD-100081,2025-01-09 19:56:18.195639,Bavaria,Electrification,Cancelled,8039.16,26
ORD-100082,2025-01-09 22:33:17.679535,Lower Saxony,Electrification,Shipped,4714.09,16
ORD-100083,2025-01-10 01:10:17.163432,Lower Saxony,Signaling Systems,Received,5332.65,40
ORD-100084,2025-01-10 03:47:16.647329,Bavaria,Rail Automation,Delivered,4589.54,26
ORD-100085,2025-01-10 06:24:16.131226,Bavaria,Rail Automation,Delivered,1196.66,39
ORD-100086,2025-01-10 09:01:15.615123,Bavaria,Rolling Stock Components,In Progress,1634.51,32
ORD-100087,2025-01-10 11:38:15.099019,Bavaria,Signaling Systems,Delivered,11098.91,36
ORD-100088,2025-01-10 14:15:14.582916,Saxony,Rail Automation,Received,1229.9,42
ORD-100089,2025-01-10 16:52:14.066813,North Rhine-Westphalia,Signaling Systems,Delivered,3150.62,1
ORD-100090,2025-01-10 19:29:13.550710,North Rhine-Westphalia,Service Parts,In Progress,1548.26,21
ORD-100091,2025-01-10 22:06:13.034606,Bavaria,Electrification,In Progress,2970.57,13
ORD-100092,2025-01-11 00:43:12.518503,North Rhine-Westphalia,Electrification,In Progress,4143.12,26
ORD-100093,2025-01-11 03:20:12.002400,North Rhine-Westphalia,Electrification,Cancelled,3143.66,9
ORD-100094,2025-01-11 05:57:11.486297,Bavaria,Signaling Systems,Delivered,1021.27,37
ORD-100095,2025-01-11 08:34:10.970194,North Rhine-Westphalia,Signaling Systems,Delivered,4007.47,23
ORD-100096,2025-01-11 11:11:10.454090,Lower Saxony,Rolling Stock Components,Shipped,1711.65,1
ORD-100097,2025-01-11 13:48:09.937987,Baden-Württemberg,Electrification,Shipped,2440.08,2
ORD-100098,2025-01-11 16:25:09.421884,Baden-Württemberg,Rolling Stock Components,In Progress,11098.58,43
ORD-100099,2025-01-11 19:02:08.905781,Bavaria,Electrification,Delivered,14057.79,28
ORD-100100,2025-01-11 21:39:08.389677,Saxony,Rolling Stock Components,Delivered,1162.04,36
ORD-100101,2025-01-12 00:16:07.873574,Bavaria,Rolling Stock Components,Delivered,27598.94,31
ORD-100102,2025-01-12 02:53:07.357471,Saxony,Service Parts,Shipped,2804.29,41
ORD-100103,2025-01-12 05:30:06.841368,Baden-Württemberg,Rolling Stock Components,Delivered,2537.38,5
ORD-100104,2025-01-12 08:07:06.325265,Bavaria,Signaling Systems,In Progress,1843.05,37
ORD-100105,2025-01-12 10:44:05.809161,Lower Saxony,Rolling Stock Components,Cancelled,5226.53,25
ORD-100106,2025-01-12 13:21:05.293058,North Rhine-Westphalia,Electrification,Received,43464.74,8
ORD-100107,2025-01-12 15:58:04.776955,Saxony,Rolling Stock Components,Delivered,903.59,34
ORD-100108,2025-01-12 18:35:04.260852,North Rhine-Westphalia,Rail Automation,Shipped,511.54,39
ORD-100109,2025-01-12 21:12:03.744748,North Rhine-Westphalia,Electrification,Shipped,6603.54,32
ORD-100110,2025-01-12 23:49:03.228645,Bavaria,Rail Automation,Delivered,9193.69,11
ORD-100111,2025-01-13 02:26:02.712542,North Rhine-Westphalia,Electrification,Shipped,5207.94,25
ORD-100112,2025-01-13 05:03:02.196439,Lower Saxony,Signaling Systems,Shipped,9465.22,3
ORD-100113,2025-01-13 07:40:01.680336,North Rhine-Westphalia,Signaling Systems,Delivered,1416.03,32
ORD-100114,2025-01-13 10:17:01.164232,Bavaria,Signaling Systems,Delivered,1738.27,35
ORD-100115,2025-01-13 12:54:00.648129,Lower Saxony,Rail Automation,Delivered,5632.75,32
ORD-100116,2025-01-13 15:31:00.132026,Baden-Württemberg,Service Parts,In Progress,33991.86,34
ORD-100117,2025-01-13 18:07:59.615923,North Rhine-Westphalia,Electrification,Delivered,9106.55,37
ORD-100118,2025-01-13 20:44:59.099819,Bavaria,Signaling Systems,Delivered,9584.71,5
ORD-100119,2025-01-13 23:21:58.583716,Baden-Württemberg,Electrification,Shipped,1508.63,28
ORD-100120,2025-01-14 01:58:58.067613,Baden-Württemberg,Rail Automation,Delivered,7821.61,28
ORD-100121,2025-01-14 04:35:57.551510,Saxony,Service Parts,Shipped,1338.94,8
ORD-100122,2025-01-14 07:12:57.035407,Lower Saxony,Rail Automation,In Progress,34356.04,27
ORD-100123,2025-01-14 09:49:56.519303,North Rhine-Westphalia,Electrification,In Progress,1614.66,16
ORD-100124,2025-01-14 12:26:56.003200,Bavaria,Service Parts,In Progress,2046.47,18
ORD-100125,2025-01-14 15:03:55.487097,Saxony,Service Parts,Delivered,972.25,25
ORD-100126,2025-01-14 17:40:54.970994,Lower Saxony,Rail Automation,Delivered,5401.32,1
ORD-100127,2025-01-14 20:17:54.454890,Saxony,Signaling Systems,Cancelled,5157.31,8
ORD-100128,2025-01-14 22:54:53.938787,Lower Saxony,Electrification,Delivered,25966.57,21
ORD-100129,2025-01-15 01:31:53.422684,Lower Saxony,Rolling Stock Components,Received,11545.56,34
ORD-100130,2025-01-15 04:08:52.906581,North Rhine-Westphalia,Rolling Stock Components,Delivered,2059.37,24
ORD-100131,2025-01-15 06:45:52.390478,Lower Saxony,Rail Automation,Delivered,12845.32,37
ORD-100132,2025-01-15 09:22:51.874374,Saxony,Electrification,Shipped,1251.54,26
ORD-100133,2025-01-15 11:59:51.358271,Lower Saxony,Electrification,Delivered,2230.12,14
ORD-100134,2025-01-15 14:36:50.842168,North Rhine-Westphalia,Rail Automation,Cancelled,5598.79,29
ORD-100135,2025-01-15 17:13:50.326065,North Rhine-Westphalia,Electrification,Delivered,1415.06,30
ORD-100136,2025-01-15 19:50:49.809961,Saxony,Signaling Systems,Delivered,15853.17,3
ORD-100137,2025-01-15 22:27:49.293858,Baden-Württemberg,Rail Automation,Received,60309.45,7
ORD-100138,2025-01-16 01:04:48.777755,Baden-Württemberg,Signaling Systems,In Progress,3554.7,36
ORD-100139,2025-01-16 03:41:48.261652,Lower Saxony,Electrification,Shipped,2399.81,11
ORD-100140,2025-01-16 06:18:47.745549,Bavaria,Rail Automation,Delivered,4261.82,32
ORD-100141,2025-01-16 08:55:47.229445,Lower Saxony,Electrification,Delivered,2662.15,12
ORD-100142,2025-01-16 11:32:46.713342,Saxony,Rail Automation,Cancelled,6554.48,15
ORD-100143,2025-01-16 14:09:46.197239,Saxony,Electrification,Shipped,1147.52,38
ORD-100144,2025-01-16 16:46:45.681136,Saxony,Signaling Systems,Received,6976.88,24
ORD-100145,2025-01-16 19:23:45.165033,Saxony,Signaling Systems,Delivered,40260.08,1
ORD-100146,2025-01-16 22:00:44.648929,Saxony,Electrification,Delivered,543.29,18
ORD-100147,2025-01-17 00:37:44.132826,North Rhine-Westphalia,Rail Automation,In Progress,1358.98,7
ORD-100148,2025-01-17 03:14:43.616723,Baden-Württemberg,Rolling Stock Components,Delivered,3012.23,42
ORD-100149,2025-01-17 05:51:43.100620,Saxony,Signaling Systems,Delivered,8920.28,41
ORD-100150,2025-01-17 08:28:42.584516,Bavaria,Signaling Systems,Delivered,13087.6,2
ORD-100151,2025-01-17 11:05:42.068413,Bavaria,Rolling Stock Components,Delivered,11979.21,40
ORD-100152,2025-01-17 13:42:41.552310,Bavaria,Electrification,Shipped,764.43,31
ORD-100153,2025-01-17 16:19:41.036207,Bavaria,Rail Automation,Cancelled,2340.73,33
ORD-100154,2025-01-17 18:56:40.520104,North Rhine-Westphalia,Electrification,Delivered,1825.58,30
ORD-100155,2025-01-17 21:33:40.004000,Bavaria,Service Parts,Shipped,4574.63,31
ORD-100156,2025-01-18 00:10:39.487897,Saxony,Signaling Systems,Shipped,5014.6,34
ORD-100157,2025-01-18 02:47:38.971794,Lower Saxony,Service Parts,Delivered,1089.91,7
ORD-100158,2025-01-18 05:24:38.455691,Bavaria,Signaling Systems,In Progress,3030.52,25
ORD-100159,2025-01-18 08:01:37.939587,North Rhine-Westphalia,Signaling Systems,In Progress,9307.45,16
ORD-100160,2025-01-18 10:38:37.423484,North Rhine-Westphalia,Service Parts,Delivered,2462.26,22
ORD-100161,2025-01-18 13:15:36.907381,Bavaria,Service Parts,Shipped,3943.18,36
ORD-100162,2025-01-18 15:52:36.391278,Lower Saxony,Electrification,Delivered,31779.57,27
ORD-100163,2025-01-18 18:29:35.875175,Bavaria,Service Parts,In Progress,43872.04,17
ORD-100164,2025-01-18 21:06:35.359071,North Rhine-Westphalia,Electrification,Delivered,456.0,4
ORD-100165,2025-01-18 23:43:34.842968,Baden-Württemberg,Electrification,Shipped,5570.76,35
ORD-100166,2025-01-19 02:20:34.326865,Saxony,Electrification,Received,121629.65,41
ORD-100167,2025-01-19 04:57:33.810762,North Rhine-Westphalia,Signaling Systems,In Progress,8322.61,22
ORD-100168,2025-01-19 07:34:33.294658,Bavaria,Signaling Systems,Delivered,5015.75,35
ORD-100169,2025-01-19 10:11:32.778555,Saxony,Service Parts,Delivered,20825.99,44
ORD-100170,2025-01-19 12:48:32.262452,Bavaria,Signaling Systems,In Progress,6247.28,15
ORD-100171,2025-01-19 15:25:31.746349,Bavaria,Service Parts,Delivered,10721.98,40
ORD-100172,2025-01-19 18:02:31.230246,Baden-Württemberg,Signaling Systems,Delivered,3899.74,44
ORD-100173,2025-01-19 20:39:30.714142,Saxony,Rail Automation,Cancelled,6147.87,21
ORD-100174,2025-01-19 23:16:30.198039,Saxony,Rail Automation,Shipped,7858.05,13
ORD-100175,2025-01-20 01:53:29.681936,Baden-Württemberg,Service Parts,Delivered,12735.07,11
ORD-100176,2025-01-20 04:30:29.165833,North Rhine-Westphalia,Signaling Systems,Received,3056.75,27
ORD-100177,2025-01-20 07:07:28.649729,Bavaria,Signaling Systems,Shipped,2966.72,31
ORD-100178,2025-01-20 09:44:28.133626,Lower Saxony,Electrification,Cancelled,589.79,44
ORD-100179,2025-01-20 12:21:27.617523,Bavaria,Rolling Stock Components,Delivered,3210.35,32
ORD-100180,2025-01-20 14:58:27.101420,Bavaria,Service Parts,Shipped,14021.38,30
ORD-100181,2025-01-20 17:35:26.585317,North Rhine-Westphalia,Rolling Stock Components,In Progress,8180.81,18
ORD-100182,2025-01-20 20:12:26.069213,Bavaria,Rolling Stock Components,Delivered,1641.84,16
ORD-100183,2025-01-20 22:49:25.553110,Baden-Württemberg,Service Parts,Delivered,605.32,35
ORD-100184,2025-01-21 01:26:25.037007,Baden-Württemberg,Signaling Systems,Shipped,4202.09,9
ORD-100185,2025-01-21 04:03:24.520904,Saxony,Service Parts,Cancelled,13577.31,39
ORD-100186,2025-01-21 06:40:24.004800,Lower Saxony,Rolling Stock Components,Received,2902.16,37
ORD-100187,2025-01-21 09:17:23.488697,Bavaria,Signaling Systems,Shipped,1002.83,10
ORD-100188,2025-01-21 11:54:22.972594,Bavaria,Rail Automation,Delivered,2569.69,12
ORD-100189,2025-01-21 14:31:22.456491,North Rhine-Westphalia,Service Parts,Shipped,7035.86,8
ORD-100190,2025-01-21 17:08:21.940388,Baden-Württemberg,Service Parts,Shipped,19277.25,3
ORD-100191,2025-01-21 19:45:21.424284,Lower Saxony,Signaling Systems,Delivered,3705.73,19
ORD-100192,2025-01-21 22:22:20.908181,Saxony,Rail Automation,Delivered,15683.77,11
ORD-100193,2025-01-22 00:59:20.392078,Baden-Württemberg,Rail Automation,In Progress,13883.36,8
ORD-100194,2025-01-22 03:36:19.875975,Saxony,Signaling Systems,Delivered,1347.04,26
ORD-100195,2025-01-22 06:13:19.359871,North Rhine-Westphalia,Electrification,Delivered,19453.43,23
ORD-100196,2025-01-22 08:50:18.843768,North Rhine-Westphalia,Service Parts,In Progress,6799.63,10
ORD-100197,2025-01-22 11:27:18.327665,Bavaria,Service Parts,Delivered,1303.29,18
ORD-100198,2025-01-22 14:04:17.811562,Lower Saxony,Rolling Stock Components,Shipped,34095.29,12
ORD-100199,2025-01-22 16:41:17.295459,Saxony,Signaling Systems,Shipped,4280.68,39
ORD-100200,2025-01-22 19:18:16.779355,Baden-Württemberg,Rolling Stock Components,Delivered,579.53,26
ORD-100201,2025-01-22 21:55:16.263252,North Rhine-Westphalia,Rolling Stock Components,Cancelled,2259.97,11
ORD-100202,2025-01-23 00:32:15.747149,Bavaria,Rail Automation,In Progress,1723.82,10
ORD-100203,2025-01-23 03:09:15.231046,Bavaria,Service Parts,Shipped,2321.77,3
ORD-100204,2025-01-23 05:46:14.714942,Saxony,Rolling Stock Components,Delivered,3011.81,7
ORD-100205,2025-01-23 08:23:14.198839,North Rhine-Westphalia,Rail Automation,Shipped,3702.9,4
ORD-100206,2025-01-23 11:00:13.682736,Lower Saxony,Signaling Systems,Shipped,3552.82,40
ORD-100207,2025-01-23 13:37:13.166633,North Rhine-Westphalia,Rolling Stock Components,Received,4415.01,8
ORD-100208,2025-01-23 16:14:12.650530,Saxony,Service Parts,Delivered,9378.1,38
ORD-100209,2025-01-23 18:51:12.134426,Saxony,Rolling Stock Components,Shipped,2162.28,-13
ORD-100210,2025-01-23 21:28:11.618323,North Rhine-Westphalia,Signaling Systems,In Progress,18017.53,12
ORD-100211,2025-01-24 00:05:11.102220,Saxony,Rolling Stock Components,Delivered,1277.04,35
ORD-100212,2025-01-24 02:42:10.586117,North Rhine-Westphalia,Service Parts,Delivered,9668.52,38
ORD-100213,2025-01-24 05:19:10.070014,Baden-Württemberg,Rail Automation,Delivered,29959.4,43
ORD-100214,2025-01-24 07:56:09.553910,North Rhine-Westphalia,Service Parts,Shipped,4043.67,36
ORD-100215,2025-01-24 10:33:09.037807,North Rhine-Westphalia,Rail Automation,Delivered,6080.32,2
ORD-100216,2025-01-24 13:10:08.521704,Saxony,Electrification,Shipped,1694.65,15
ORD-100217,2025-01-24 15:47:08.005601,Saxony,Service Parts,In Progress,2799.06,34
ORD-100218,2025-01-24 18:24:07.489497,Bavaria,Service Parts,Delivered,27568.98,39
ORD-100219,2025-01-24 21:01:06.973394,Bavaria,Signaling Systems,Received,11196.21,26
ORD-100220,2025-01-24 23:38:06.457291,Baden-Württemberg,Rolling Stock Components,Received,7788.46,5
ORD-100221,2025-01-25 02:15:05.941188,Bavaria,Rail Automation,Received,583.02,25
ORD-100222,2025-01-25 04:52:05.425085,North Rhine-Westphalia,Rail Automation,In Progress,2234.74,34
ORD-100223,2025-01-25 07:29:04.908981,Saxony,Signaling Systems,Received,33285.96,4
ORD-100224,2025-01-25 10:06:04.392878,Bavaria,Signaling Systems,Cancelled,7722.67,34
ORD-100225,2025-01-25 12:43:03.876775,Bavaria,Rolling Stock Components,Shipped,8858.7,27
ORD-100226,2025-01-25 15:20:03.360672,Baden-Württemberg,Rolling Stock Components,In Progress,5929.0,42
ORD-100227,2025-01-25 17:57:02.844568,Baden-Württemberg,Service Parts,In Progress,2504.17,29
ORD-100228,2025-01-25 20:34:02.328465,North Rhine-Westphalia,Electrification,Delivered,7085.43,5
ORD-100229,2025-01-25 23:11:01.812362,Saxony,Rolling Stock Components,Delivered,913.03,18
ORD-100230,2025-01-26 01:48:01.296259,Baden-Württemberg,Signaling Systems,Shipped,840.5,4
ORD-100231,2025-01-26 04:25:00.780156,Bavaria,Rolling Stock Components,Delivered,2188.99,1
ORD-100232,2025-01-26 07:02:00.264052,Saxony,Rail Automation,Shipped,6071.62,20
ORD-100233,2025-01-26 09:38:59.747949,Saxony,Electrification,Shipped,874.24,6
ORD-100234,2025-01-26 12:15:59.231846,Bavaria,Service Parts,In Progress,5651.9,20
ORD-100235,2025-01-26 14:52:58.715743,Baden-Württemberg,Rail Automation,Shipped,1645.8,20
ORD-100236,2025-01-26 17:29:58.199639,Bavaria,Rail Automation,Shipped,1908.73,27
ORD-100237,2025-01-26 20:06:57.683536,Saxony,Electrification,Delivered,20528.05,26
ORD-100238,2025-01-26 22:43:57.167433,Lower Saxony,Service Parts,Shipped,5120.58,32
ORD-100239,2025-01-27 01:20:56.651330,Lower Saxony,Signaling Systems,Delivered,1818.59,10
ORD-100240,2025-01-27 03:57:56.135227,North Rhine-Westphalia,Service Parts,Received,6036.12,18
ORD-100241,2025-01-27 06:34:55.619123,Bavaria,Rolling Stock Components,In Progress,975.96,41
ORD-100242,2025-01-27 09:11:55.103020,Bavaria,Rail Automation,Shipped,7484.3,12
ORD-100243,2025-01-27 11:48:54.586917,North Rhine-Westphalia,Rolling Stock Components,Delivered,16614.81,10
ORD-100244,2025-01-27 14:25:54.070814,North Rhine-Westphalia,Signaling Systems,Shipped,10177.16,24
ORD-100245,2025-01-27 17:02:53.554710,North Rhine-Westphalia,Rolling Stock Components,Delivered,52758.79,24
ORD-100246,2025-01-27 19:39:53.038607,Saxony,Service Parts,Shipped,582.76,38
ORD-100247,2025-01-27 22:16:52.522504,Bavaria,Rolling Stock Components,In Progress,5651.44,25
ORD-100248,2025-01-28 00:53:52.006401,Saxony,Signaling Systems,Received,1121.19,8
ORD-100249,2025-01-28 03:30:51.490298,North Rhine-Westphalia,Signaling Systems,Shipped,4062.1,14
ORD-100250,2025-01-28 06:07:50.974194,Bavaria,Signaling Systems,In Progress,4923.12,43
ORD-100251,2025-01-28 08:44:50.458091,Saxony,Service Parts,In Progress,60344.8,31
ORD-100252,2025-01-28 11:21:49.941988,Saxony,Signaling Systems,Delivered,4601.99,24
ORD-100253,2025-01-28 13:58:49.425885,North Rhine-Westphalia,Rail Automation,Received,4508.53,16
ORD-100254,2025-01-28 16:35:48.909781,Bavaria,Signaling Systems,Delivered,14848.81,20
ORD-100255,2025-01-28 19:12:48.393678,North Rhine-Westphalia,Rolling Stock Components,Shipped,4637.34,38
ORD-100256,2025-01-28 21:49:47.877575,Bavaria,Rolling Stock Components,Delivered,36837.14,15
ORD-100257,2025-01-29 00:26:47.361472,Lower Saxony,Rolling Stock Components,Delivered,10266.62,14
ORD-100258,2025-01-29 03:03:46.845369,Baden-Württemberg,Service Parts,Shipped,12226.41,12
ORD-100259,2025-01-29 05:40:46.329265,Baden-Württemberg,Rolling Stock Components,Shipped,629.97,34
ORD-100260,2025-01-29 08:17:45.813162,Baden-Württemberg,Service Parts,Delivered,43640.2,8
ORD-100261,2025-01-29 10:54:45.297059,North Rhine-Westphalia,Service Parts,Delivered,2387.24,-19
ORD-100262,2025-01-29 13:31:44.780956,Lower Saxony,Signaling Systems,In Progress,4862.45,5
ORD-100263,2025-01-29 16:08:44.264852,Bavaria,Rail Automation,Received,2397.13,27
ORD-100264,2025-01-29 18:45:43.748749,Saxony,Signaling Systems,Delivered,1592.92,41
ORD-100265,2025-01-29 21:22:43.232646,Bavaria,Signaling Systems,Shipped,1309.78,13
ORD-100266,2025-01-29 23:59:42.716543,Saxony,Service Parts,Delivered,5505.85,32
ORD-100267,2025-01-30 02:36:42.200440,Bavaria,Service Parts,Shipped,562.91,31
ORD-100268,2025-01-30 05:13:41.684336,Lower Saxony,Rolling Stock Components,In Progress,3762.8,41
ORD-100269,2025-01-30 07:50:41.168233,Saxony,Rolling Stock Components,Delivered,15733.47,37
ORD-100270,2025-01-30 10:27:40.652130,North Rhine-Westphalia,Signaling Systems,Delivered,9849.11,2
ORD-100271,2025-01-30 13:04:40.136027,Bavaria,Electrification,In Progress,7908.39,7
ORD-100272,2025-01-30 15:41:39.619923,Bavaria,Electrification,Delivered,1835.51,11
ORD-100273,2025-01-30 18:18:39.103820,Saxony,Rolling Stock Components,Delivered,858.59,11
ORD-100274,2025-01-30 20:55:38.587717,North Rhine-Westphalia,Electrification,Delivered,15459.42,23
ORD-100275,2025-01-30 23:32:38.071614,North Rhine-Westphalia,Rolling Stock Components,Received,2999.33,31
ORD-100276,2025-01-31 02:09:37.555511,Lower Saxony,Service Parts,Delivered,4485.54,44
ORD-100277,2025-01-31 04:46:37.039407,North Rhine-Westphalia,Signaling Systems,Delivered,3954.64,8
ORD-100278,2025-01-31 07:23:36.523304,North Rhine-Westphalia,Rail Automation,Delivered,10297.25,32
ORD-100279,2025-01-31 10:00:36.007201,North Rhine-Westphalia,Signaling Systems,Delivered,37333.55,21
ORD-100280,2025-01-31 12:37:35.491098,Baden-Württemberg,Rolling Stock Components,In Progress,24553.55,31
ORD-100281,2025-01-31 15:14:34.974994,Lower Saxony,Rolling Stock Components,Delivered,377.87,1
ORD-100282,2025-01-31 17:51:34.458891,Bavaria,Signaling Systems,Delivered,3500.31,13
ORD-100283,2025-01-31 20:28:33.942788,Saxony,Rolling Stock Components,Received,1117.2,11
ORD-100284,2025-01-31 23:05:33.426685,Bavaria,Electrification,Shipped,13797.9,29
ORD-100285,2025-02-01 01:42:32.910582,Lower Saxony,Electrification,Shipped,4936.35,-4
ORD-100286,2025-02-01 04:19:32.394478,Saxony,Rolling Stock Components,Delivered,9573.62,36
ORD-100287,2025-02-01 06:56:31.878375,Lower Saxony,Rolling Stock Components,In Progress,3185.81,15
ORD-100288,2025-02-01 09:33:31.362272,North Rhine-Westphalia,Electrification,Delivered,1566.64,3
ORD-100289,2025-02-01 12:10:30.846169,Saxony,Rolling Stock Components,Delivered,1891.06,29
ORD-100290,2025-02-01 14:47:30.330066,North Rhine-Westphalia,Rolling Stock Components,Delivered,910.22,21
ORD-100291,2025-02-01 17:24:29.813962,Bavaria,Signaling Systems,Delivered,1224.15,2
ORD-100292,2025-02-01 20:01:29.297859,Bavaria,Rail Automation,Cancelled,970.95,6
ORD-100293,2025-02-01 22:38:28.781756,Saxony,Electrification,Received,1572.98,31
ORD-100294,2025-02-02 01:15:28.265653,Saxony,Signaling Systems,Delivered,1478.07,24
ORD-100295,2025-02-02 03:52:27.749549,Lower Saxony,Rail Automation,Shipped,7581.77,40
ORD-100296,2025-02-02 06:29:27.233446,Lower Saxony,Rolling Stock Components,Delivered,7261.54,17
ORD-100297,2025-02-02 09:06:26.717343,North Rhine-Westphalia,Rolling Stock Components,Shipped,7572.7,5
ORD-100298,2025-02-02 11:43:26.201240,Saxony,Signaling Systems,Cancelled,17898.91,2
ORD-100299,2025-02-02 14:20:25.685137,Bavaria,Rolling Stock Components,Delivered,4508.99,12
ORD-100300,2025-02-02 16:57:25.169033,Lower Saxony,Service Parts,Delivered,2082.04,5
ORD-100301,2025-02-02 19:34:24.652930,Lower Saxony,Signaling Systems,Received,55968.48,42
ORD-100302,2025-02-02 22:11:24.136827,Bavaria,Rail Automation,In Progress,13309.2,41
ORD-100303,2025-02-03 00:48:23.620724,Lower Saxony,Signaling Systems,Delivered,5811.25,20
ORD-100304,2025-02-03 03:25:23.104620,North Rhine-Westphalia,Electrification,Received,5383.87,8
ORD-100305,2025-02-03 06:02:22.588517,Saxony,Signaling Systems,Delivered,6758.92,1
ORD-100306,2025-02-03 08:39:22.072414,Bavaria,Rolling Stock Components,Received,3935.09,6
ORD-100307,2025-02-03 11:16:21.556311,Saxony,Rolling Stock Components,Delivered,5659.25,11
ORD-100308,2025-02-03 13:53:21.040208,Lower Saxony,Service Parts,Shipped,8512.73,3
ORD-100309,2025-02-03 16:30:20.524104,Lower Saxony,Service Parts,Delivered,2210.14,31
ORD-100310,2025-02-03 19:07:20.008001,Bavaria,Service Parts,Delivered,814.42,28
ORD-100311,2025-02-03 21:44:19.491898,North Rhine-Westphalia,Rail Automation,Shipped,501.09,43
ORD-100312,2025-02-04 00:21:18.975795,Baden-Württemberg,Service Parts,In Progress,13051.9,5
ORD-100313,2025-02-04 02:58:18.459691,Bavaria,Rail Automation,Received,861.59,26
ORD-100314,2025-02-04 05:35:17.943588,Baden-Württemberg,Service Parts,Delivered,8199.91,16
ORD-100315,2025-02-04 08:12:17.427485,Baden-Württemberg,Rail Automation,Delivered,1380.51,31
ORD-100316,2025-02-04 10:49:16.911382,North Rhine-Westphalia,Signaling Systems,Delivered,1405.19,28
ORD-100317,2025-02-04 13:26:16.395279,Baden-Württemberg,Signaling Systems,Delivered,2230.5,7
ORD-100318,2025-02-04 16:03:15.879175,Baden-Württemberg,Rolling Stock Components,Shipped,6084.78,38
ORD-100319,2025-02-04 18:40:15.363072,North Rhine-Westphalia,Rail Automation,Shipped,1191.0,9
ORD-100320,2025-02-04 21:17:14.846969,Baden-Württemberg,Electrification,Received,2493.33,39
ORD-100321,2025-02-04 23:54:14.330866,Baden-Württemberg,Rolling Stock Components,Shipped,4777.67,35
ORD-100322,2025-02-05 02:31:13.814762,Baden-Württemberg,Signaling Systems,Cancelled,,43
ORD-100323,2025-02-05 05:08:13.298659,Bavaria,Rail Automation,Delivered,23648.56,27
ORD-100324,2025-02-05 07:45:12.782556,Bavaria,Service Parts,Shipped,738.93,12
ORD-100325,2025-02-05 10:22:12.266453,Bavaria,Electrification,Delivered,3866.15,25
ORD-100326,2025-02-05 12:59:11.750350,North Rhine-Westphalia,Signaling Systems,Delivered,19926.28,43
ORD-100327,2025-02-05 15:36:11.234246,Lower Saxony,Rolling Stock Components,Shipped,1144.92,29
ORD-100328,2025-02-05 18:13:10.718143,Baden-Württemberg,Rail Automation,Received,4356.44,31
ORD-100329,2025-02-05 20:50:10.202040,Baden-Württemberg,Electrification,Received,5688.17,34
ORD-100330,2025-02-05 23:27:09.685937,North Rhine-Westphalia,Rail Automation,Delivered,2023.44,33
ORD-100331,2025-02-06 02:04:09.169833,Baden-Württemberg,Service Parts,Cancelled,4513.23,27
ORD-100332,2025-02-06 04:41:08.653730,Bavaria,Rolling Stock Components,Delivered,9114.2,2
ORD-100333,2025-02-06 07:18:08.137627,Lower Saxony,Rail Automation,Received,2939.94,14
ORD-100334,2025-02-06 09:55:07.621524,Saxony,Signaling Systems,In Progress,11393.09,13
ORD-100335,2025-02-06 12:32:07.105421,Baden-Württemberg,Rolling Stock Components,Delivered,7570.42,24
ORD-100336,2025-02-06 15:09:06.589317,Bavaria,Signaling Systems,Delivered,2588.44,5
ORD-100337,2025-02-06 17:46:06.073214,Saxony,Rail Automation,Delivered,16986.94,34
ORD-100338,2025-02-06 20:23:05.557111,Lower Saxony,Rolling Stock Components,Delivered,,23
ORD-100339,2025-02-06 23:00:05.041008,Saxony,Signaling Systems,Received,12600.38,19
ORD-100340,2025-02-07 01:37:04.524904,Bavaria,Service Parts,Delivered,2218.71,30
ORD-100341,2025-02-07 04:14:04.008801,Saxony,Service Parts,Delivered,3471.42,43
ORD-100342,2025-02-07 06:51:03.492698,North Rhine-Westphalia,Rail Automation,Shipped,4109.64,16
ORD-100343,2025-02-07 09:28:02.976595,Saxony,Rolling Stock Components,Delivered,7132.67,40
ORD-100344,2025-02-07 12:05:02.460492,Baden-Württemberg,Electrification,In Progress,345.57,34
ORD-100345,2025-02-07 14:42:01.944388,Baden-Württemberg,Rolling Stock Components,Received,8134.07,11
ORD-100346,2025-02-07 17:19:01.428285,North Rhine-Westphalia,Service Parts,In Progress,4390.83,-14
ORD-100347,2025-02-07 19:56:00.912182,Bavaria,Signaling Systems,In Progress,6729.89,15
ORD-100348,2025-02-07 22:33:00.396079,Baden-Württemberg,Electrification,Shipped,8541.89,35
ORD-100349,2025-02-08 01:09:59.879975,Lower Saxony,Rail Automation,Shipped,7579.4,7
ORD-100350,2025-02-08 03:46:59.363872,Baden-Württemberg,Electrification,Delivered,540.18,29
ORD-100351,2025-02-08 06:23:58.847769,Baden-Württemberg,Rail Automation,Delivered,1529.79,44
ORD-100352,2025-02-08 09:00:58.331666,Bavaria,Electrification,Shipped,7087.57,22
ORD-100353,2025-02-08 11:37:57.815563,Saxony,Rail Automation,Received,6122.13,23
ORD-100354,2025-02-08 14:14:57.299459,Baden-Württemberg,Rail Automation,Delivered,2062.12,24
ORD-100355,2025-02-08 16:51:56.783356,North Rhine-Westphalia,Electrification,Shipped,11063.46,35
ORD-100356,2025-02-08 19:28:56.267253,Saxony,Electrification,Shipped,3706.83,10
ORD-100357,2025-02-08 22:05:55.751150,Lower Saxony,Rail Automation,Delivered,13020.74,8
ORD-100358,2025-02-09 00:42:55.235047,Bavaria,Service Parts,Delivered,18601.98,12
ORD-100359,2025-02-09 03:19:54.718943,Lower Saxony,Electrification,Delivered,6675.05,29
ORD-100360,2025-02-09 05:56:54.202840,Saxony,Rolling Stock Components,Delivered,9055.32,29
ORD-100361,2025-02-09 08:33:53.686737,Saxony,Signaling Systems,In Progress,2516.68,23
ORD-100362,2025-02-09 11:10:53.170634,Saxony,Rail Automation,Delivered,13113.94,26
ORD-100363,2025-02-09 13:47:52.654530,Lower Saxony,Rail Automation,In Progress,6247.5,37
ORD-100364,2025-02-09 16:24:52.138427,Saxony,Signaling Systems,Shipped,3553.96,32
ORD-100365,2025-02-09 19:01:51.622324,Lower Saxony,Service Parts,Received,1286.01,38
ORD-100366,2025-02-09 21:38:51.106221,Saxony,Signaling Systems,Delivered,2881.35,6
ORD-100367,2025-02-10 00:15:50.590118,North Rhine-Westphalia,Electrification,In Progress,1450.37,8
ORD-100368,2025-02-10 02:52:50.074014,Saxony,Signaling Systems,Delivered,11357.56,17
ORD-100369,2025-02-10 05:29:49.557911,Lower Saxony,Rail Automation,Delivered,18816.19,12
ORD-100370,2025-02-10 08:06:49.041808,Baden-Württemberg,Signaling Systems,Delivered,13465.63,22
ORD-100371,2025-02-10 10:43:48.525705,Saxony,Rolling Stock Components,Delivered,75706.72,14
ORD-100372,2025-02-10 13:20:48.009601,Baden-Württemberg,Electrification,Delivered,2961.8,34
ORD-100373,2025-02-10 15:57:47.493498,North Rhine-Westphalia,Signaling Systems,Delivered,9473.27,19
ORD-100374,2025-02-10 18:34:46.977395,Bavaria,Rail Automation,Shipped,1340.11,6
ORD-100375,2025-02-10 21:11:46.461292,North Rhine-Westphalia,Electrification,Delivered,3956.14,18
ORD-100376,2025-02-10 23:48:45.945189,Saxony,Rail Automation,Delivered,967.69,36
ORD-100377,2025-02-11 02:25:45.429085,Baden-Württemberg,Service Parts,Delivered,9182.12,37
ORD-100378,2025-02-11 05:02:44.912982,Baden-Württemberg,Rolling Stock Components,Delivered,3324.12,38
ORD-100379,2025-02-11 07:39:44.396879,Lower Saxony,Service Parts,Delivered,512.84,15
ORD-100380,2025-02-11 10:16:43.880776,Baden-Württemberg,Rolling Stock Components,Delivered,2313.41,38
ORD-100381,2025-02-11 12:53:43.364672,Lower Saxony,Signaling Systems,Delivered,35327.81,40
ORD-100382,2025-02-11 15:30:42.848569,Bavaria,Electrification,Delivered,7719.25,9
ORD-100383,2025-02-11 18:07:42.332466,Saxony,Signaling Systems,In Progress,11452.94,6
ORD-100384,2025-02-11 20:44:41.816363,Lower Saxony,Rolling Stock Components,Delivered,5642.6,2
ORD-100385,2025-02-11 23:21:41.300260,Bavaria,Rolling Stock Components,Cancelled,,16
ORD-100386,2025-02-12 01:58:40.784156,Baden-Württemberg,Rolling Stock Components,Delivered,4999.72,1
ORD-100387,2025-02-12 04:35:40.268053,Baden-Württemberg,Rail Automation,Delivered,6438.02,30
ORD-100388,2025-02-12 07:12:39.751950,Bavaria,Electrification,Received,1470.98,33
ORD-100389,2025-02-12 09:49:39.235847,Baden-Württemberg,Signaling Systems,Delivered,11377.22,1
ORD-100390,2025-02-12 12:26:38.719743,Bavaria,Signaling Systems,Delivered,16882.12,39
ORD-100391,2025-02-12 15:03:38.203640,Lower Saxony,Service Parts,Delivered,3959.02,16
ORD-100392,2025-02-12 17:40:37.687537,Lower Saxony,Rolling Stock Components,Received,2764.61,17
ORD-100393,2025-02-12 20:17:37.171434,Bavaria,Rolling Stock Components,Delivered,2173.08,38
ORD-100394,2025-02-12 22:54:36.655331,Lower Saxony,Rolling Stock Components,Delivered,34034.78,18
ORD-100395,2025-02-13 01:31:36.139227,Lower Saxony,Signaling Systems,In Progress,2988.43,22
ORD-100396,2025-02-13 04:08:35.623124,Lower Saxony,Service Parts,Shipped,10083.4,22
ORD-100397,2025-02-13 06:45:35.107021,North Rhine-Westphalia,Rail Automation,Shipped,3989.69,35
ORD-100398,2025-02-13 09:22:34.590918,Saxony,Electrification,Delivered,3759.37,31
ORD-100399,2025-02-13 11:59:34.074814,Baden-Württemberg,Rail Automation,Received,2119.16,40
ORD-100400,2025-02-13 14:36:33.558711,North Rhine-Westphalia,Signaling Systems,In Progress,1690.32,27
ORD-100401,2025-02-13 17:13:33.042608,Lower Saxony,Rolling Stock Components,Delivered,11091.26,36
ORD-100402,2025-02-13 19:50:32.526505,Bavaria,Electrification,In Progress,1648.77,4
ORD-100403,2025-02-13 22:27:32.010402,Lower Saxony,Signaling Systems,In Progress,8174.47,5
ORD-100404,2025-02-14 01:04:31.494298,Saxony,Signaling Systems,Delivered,5429.72,25
ORD-100405,2025-02-14 03:41:30.978195,Lower Saxony,Signaling Systems,Delivered,11247.51,31
ORD-100406,2025-02-14 06:18:30.462092,Bavaria,Electrification,Delivered,2512.54,14
ORD-100407,2025-02-14 08:55:29.945989,Saxony,Electrification,Shipped,16125.52,30
ORD-100408,2025-02-14 11:32:29.429885,Lower Saxony,Service Parts,Delivered,4207.78,12
ORD-100409,2025-02-14 14:09:28.913782,Saxony,Service Parts,Delivered,85038.91,27
ORD-100410,2025-02-14 16:46:28.397679,Baden-Württemberg,Rail Automation,In Progress,832.48,24
ORD-100411,2025-02-14 19:23:27.881576,Baden-Württemberg,Electrification,In Progress,71098.98,30
ORD-100412,2025-02-14 22:00:27.365473,Lower Saxony,Electrification,Shipped,4276.96,18
ORD-100413,2025-02-15 00:37:26.849369,Saxony,Electrification,Shipped,6279.73,14
ORD-100414,2025-02-15 03:14:26.333266,Bavaria,Service Parts,Delivered,2528.25,19
ORD-100415,2025-02-15 05:51:25.817163,Lower Saxony,Signaling Systems,Delivered,875.01,22
ORD-100416,2025-02-15 08:28:25.301060,Baden-Württemberg,Rolling Stock Components,Shipped,2748.37,26
ORD-100417,2025-02-15 11:05:24.784956,Baden-Württemberg,Service Parts,In Progress,3287.05,7
ORD-100418,2025-02-15 13:42:24.268853,Lower Saxony,Electrification,In Progress,6009.41,28
ORD-100419,2025-02-15 16:19:23.752750,Saxony,Service Parts,Delivered,16869.33,38
ORD-100420,2025-02-15 18:56:23.236647,Baden-Württemberg,Rail Automation,Shipped,6062.05,5
ORD-100421,2025-02-15 21:33:22.720544,Saxony,Electrification,Delivered,6179.27,36
ORD-100422,2025-02-16 00:10:22.204440,Baden-Württemberg,Rail Automation,In Progress,7501.1,18
ORD-100423,2025-02-16 02:47:21.688337,Baden-Württemberg,Electrification,Delivered,713.07,14
ORD-100424,2025-02-16 05:24:21.172234,North Rhine-Westphalia,Service Parts,Delivered,789.36,23
ORD-100425,2025-02-16 08:01:20.656131,Baden-Württemberg,Signaling Systems,Shipped,947.01,14
ORD-100426,2025-02-16 10:38:20.140028,Bavaria,Rolling Stock Components,Delivered,3259.73,32
ORD-100427,2025-02-16 13:15:19.623924,Lower Saxony,Rail Automation,Cancelled,627.1,5
ORD-100428,2025-02-16 15:52:19.107821,Lower Saxony,Service Parts,Shipped,2301.31,22
ORD-100429,2025-02-16 18:29:18.591718,Saxony,Signaling Systems,Delivered,1091.08,28
ORD-100430,2025-02-16 21:06:18.075615,Baden-Württemberg,Service Parts,Received,8404.2,43
ORD-100431,2025-02-16 23:43:17.559511,Bavaria,Rail Automation,Delivered,7953.93,12
ORD-100432,2025-02-17 02:20:17.043408,Saxony,Rolling Stock Components,Received,3530.84,18
ORD-100433,2025-02-17 04:57:16.527305,North Rhine-Westphalia,Service Parts,Cancelled,607.92,36
ORD-100434,2025-02-17 07:34:16.011202,Saxony,Electrification,Delivered,3786.29,31
ORD-100435,2025-02-17 10:11:15.495099,Saxony,Signaling Systems,Delivered,7054.98,13
ORD-100436,2025-02-17 12:48:14.978995,Baden-Württemberg,Service Parts,Delivered,11989.65,20
ORD-100437,2025-02-17 15:25:14.462892,North Rhine-Westphalia,Signaling Systems,Delivered,33817.89,36
ORD-100438,2025-02-17 18:02:13.946789,Saxony,Electrification,Shipped,16820.4,7
ORD-100439,2025-02-17 20:39:13.430686,Bavaria,Rolling Stock Components,Delivered,5891.43,23
ORD-100440,2025-02-17 23:16:12.914582,Bavaria,Rolling Stock Components,Cancelled,3591.17,34
ORD-100441,2025-02-18 01:53:12.398479,Lower Saxony,Electrification,Delivered,2170.63,32
ORD-100442,2025-02-18 04:30:11.882376,North Rhine-Westphalia,Signaling Systems,Delivered,21834.1,21
ORD-100443,2025-02-18 07:07:11.366273,North Rhine-Westphalia,Service Parts,Delivered,5903.2,6
ORD-100444,2025-02-18 09:44:10.850170,Lower Saxony,Electrification,Delivered,9833.98,16
ORD-100445,2025-02-18 12:21:10.334066,Saxony,Rail Automation,Delivered,2567.68,35
ORD-100446,2025-02-18 14:58:09.817963,North Rhine-Westphalia,Signaling Systems,In Progress,1255.14,20
ORD-100447,2025-02-18 17:35:09.301860,Bavaria,Rolling Stock Components,Received,3164.11,42
ORD-100448,2025-02-18 20:12:08.785757,Bavaria,Electrification,In Progress,3521.98,41
ORD-100449,2025-02-18 22:49:08.269653,Baden-Württemberg,Rolling Stock Components,Delivered,6069.0,11
ORD-100450,2025-02-19 01:26:07.753550,North Rhine-Westphalia,Signaling Systems,Shipped,2183.8,32
ORD-100451,2025-02-19 04:03:07.237447,Saxony,Rolling Stock Components,Shipped,5051.63,14
ORD-100452,2025-02-19 06:40:06.721344,Lower Saxony,Electrification,Cancelled,17952.36,24
ORD-100453,2025-02-19 09:17:06.205241,Lower Saxony,Signaling Systems,Shipped,780.35,44
ORD-100454,2025-02-19 11:54:05.689137,Saxony,Rail Automation,Delivered,478.86,39
ORD-100455,2025-02-19 14:31:05.173034,Baden-Württemberg,Electrification,In Progress,19351.11,43
ORD-100456,2025-02-19 17:08:04.656931,Lower Saxony,Service Parts,Received,982.41,31
ORD-100457,2025-02-19 19:45:04.140828,North Rhine-Westphalia,Electrification,Delivered,3235.44,17
ORD-100458,2025-02-19 22:22:03.624724,Baden-Württemberg,Signaling Systems,Delivered,9598.17,25
ORD-100459,2025-02-20 00:59:03.108621,North Rhine-Westphalia,Electrification,Delivered,4604.78,9
ORD-100460,2025-02-20 03:36:02.592518,Bavaria,Rail Automation,In Progress,4534.11,22
ORD-100461,2025-02-20 06:13:02.076415,Baden-Württemberg,Rail Automation,Delivered,5322.17,35
ORD-100462,2025-02-20 08:50:01.560312,Lower Saxony,Service Parts,Shipped,78478.93,37
ORD-100463,2025-02-20 11:27:01.044208,Baden-Württemberg,Rolling Stock Components,In Progress,34845.78,17
ORD-100464,2025-02-20 14:04:00.528105,Baden-Württemberg,Signaling Systems,Received,2291.36,28
ORD-100465,2025-02-20 16:41:00.012002,Baden-Württemberg,Signaling Systems,In Progress,15614.84,1
ORD-100466,2025-02-20 19:17:59.495899,Baden-Württemberg,Rolling Stock Components,Shipped,8570.3,9
ORD-100467,2025-02-20 21:54:58.979795,North Rhine-Westphalia,Rail Automation,In Progress,4810.39,13
ORD-100468,2025-02-21 00:31:58.463692,Bavaria,Rail Automation,Cancelled,1810.47,32
ORD-100469,2025-02-21 03:08:57.947589,Saxony,Electrification,Shipped,8074.81,28
ORD-100470,2025-02-21 05:45:57.431486,Baden-Württemberg,Service Parts,In Progress,3509.93,31
ORD-100471,2025-02-21 08:22:56.915383,Lower Saxony,Service Parts,In Progress,3237.26,8
ORD-100472,2025-02-21 10:59:56.399279,Baden-Württemberg,Service Parts,Delivered,2113.76,8
ORD-100473,2025-02-21 13:36:55.883176,Lower Saxony,Electrification,Received,14761.92,34
ORD-100474,2025-02-21 16:13:55.367073,North Rhine-Westphalia,Service Parts,Delivered,2112.21,23
ORD-100475,2025-02-21 18:50:54.850970,Lower Saxony,Rolling Stock Components,Cancelled,2126.41,10
ORD-100476,2025-02-21 21:27:54.334866,Saxony,Electrification,In Progress,11564.92,37
ORD-100477,2025-02-22 00:04:53.818763,Bavaria,Rolling Stock Components,Delivered,4193.27,25
ORD-100478,2025-02-22 02:41:53.302660,Lower Saxony,Electrification,Received,4319.26,33
ORD-100479,2025-02-22 05:18:52.786557,Lower Saxony,Service Parts,Delivered,15308.8,4
ORD-100480,2025-02-22 07:55:52.270454,Bavaria,Rolling Stock Components,Shipped,20849.2,7
ORD-100481,2025-02-22 10:32:51.754350,Saxony,Rolling Stock Components,Shipped,473.13,33
ORD-100482,2025-02-22 13:09:51.238247,Baden-Württemberg,Rolling Stock Components,In Progress,4265.64,2
ORD-100483,2025-02-22 15:46:50.722144,Lower Saxony,Electrification,Delivered,1041.8,32
ORD-100484,2025-02-22 18:23:50.206041,Bavaria,Signaling Systems,Shipped,3211.61,5
ORD-100485,2025-02-22 21:00:49.689937,North Rhine-Westphalia,Service Parts,In Progress,4878.49,17
ORD-100486,2025-02-22 23:37:49.173834,Bavaria,Rolling Stock Components,Delivered,3326.45,12
ORD-100487,2025-02-23 02:14:48.657731,North Rhine-Westphalia,Signaling Systems,Delivered,1591.13,12
ORD-100488,2025-02-23 04:51:48.141628,Saxony,Service Parts,Delivered,1504.77,35
ORD-100489,2025-02-23 07:28:47.625525,Baden-Württemberg,Service Parts,In Progress,10946.07,21
ORD-100490,2025-02-23 10:05:47.109421,Bavaria,Rolling Stock Components,Delivered,26590.01,21
ORD-100491,2025-02-23 12:42:46.593318,Lower Saxony,Rolling Stock Components,Delivered,509.52,2
ORD-100492,2025-02-23 15:19:46.077215,Saxony,Electrification,In Progress,3427.61,21
ORD-100493,2025-02-23 17:56:45.561112,Bavaria,Signaling Systems,Delivered,10994.61,15
ORD-100494,2025-02-23 20:33:45.045009,Lower Saxony,Signaling Systems,Shipped,4741.63,11
ORD-100495,2025-02-23 23:10:44.528905,Bavaria,Rolling Stock Components,Delivered,1443.67,10
ORD-100496,2025-02-24 01:47:44.012802,North Rhine-Westphalia,Service Parts,In Progress,2905.71,18
ORD-100497,2025-02-24 04:24:43.496699,Bavaria,Rolling Stock Components,Delivered,6852.48,23
ORD-100498,2025-02-24 07:01:42.980596,Bavaria,Service Parts,Shipped,3505.5,31
ORD-100499,2025-02-24 09:38:42.464492,Bavaria,Service Parts,Cancelled,4662.1,26
ORD-100500,2025-02-24 12:15:41.948389,Saxony,Rolling Stock Components,Shipped,4812.27,2
ORD-100501,2025-02-24 14:52:41.432286,Bavaria,Rail Automation,Cancelled,2760.84,39
ORD-100502,2025-02-24 17:29:40.916183,Lower Saxony,Signaling Systems,Delivered,12066.95,7
ORD-100503,2025-02-24 20:06:40.400080,North Rhine-Westphalia,Service Parts,Shipped,2906.66,24
ORD-100504,2025-02-24 22:43:39.883976,North Rhine-Westphalia,Service Parts,Delivered,1626.17,39
ORD-100505,2025-02-25 01:20:39.367873,Bavaria,Rail Automation,Cancelled,57102.51,32
ORD-100506,2025-02-25 03:57:38.851770,Saxony,Electrification,Shipped,4511.69,26
ORD-100507,2025-02-25 06:34:38.335667,Saxony,Rail Automation,Shipped,281.43,23
ORD-100508,2025-02-25 09:11:37.819563,Lower Saxony,Rail Automation,Delivered,19540.01,14
ORD-100509,2025-02-25 11:48:37.303460,Bavaria,Service Parts,Shipped,19471.01,29
ORD-100510,2025-02-25 14:25:36.787357,North Rhine-Westphalia,Signaling Systems,Received,8126.56,25
ORD-100511,2025-02-25 17:02:36.271254,Saxony,Rail Automation,In Progress,9845.79,31
ORD-100512,2025-02-25 19:39:35.755151,Bavaria,Electrification,Shipped,52876.62,2
ORD-100513,2025-02-25 22:16:35.239047,Saxony,Rolling Stock Components,Shipped,1704.31,2
ORD-100514,2025-02-26 00:53:34.722944,Saxony,Rail Automation,In Progress,5690.56,23
ORD-100515,2025-02-26 03:30:34.206841,North Rhine-Westphalia,Rail Automation,Delivered,42901.97,11
ORD-100516,2025-02-26 06:07:33.690738,Baden-Württemberg,Electrification,Delivered,54161.52,29
ORD-100517,2025-02-26 08:44:33.174634,Lower Saxony,Signaling Systems,Received,3285.58,42
ORD-100518,2025-02-26 11:21:32.658531,Lower Saxony,Rail Automation,Delivered,44853.91,35
ORD-100519,2025-02-26 13:58:32.142428,North Rhine-Westphalia,Rail Automation,Delivered,11883.35,9
ORD-100520,2025-02-26 16:35:31.626325,Saxony,Signaling Systems,Cancelled,25456.74,32
ORD-100521,2025-02-26 19:12:31.110222,Bavaria,Electrification,Received,,30
ORD-100522,2025-02-26 21:49:30.594118,Saxony,Rail Automation,In Progress,6877.37,15
ORD-100523,2025-02-27 00:26:30.078015,North Rhine-Westphalia,Signaling Systems,Delivered,55844.47,14
ORD-100524,2025-02-27 03:03:29.561912,Lower Saxony,Rail Automation,Delivered,2747.73,17
ORD-100525,2025-02-27 05:40:29.045809,Saxony,Rolling Stock Components,Delivered,39835.41,22
ORD-100526,2025-02-27 08:17:28.529705,Lower Saxony,Service Parts,Delivered,47418.03,30
ORD-100527,2025-02-27 10:54:28.013602,Bavaria,Rolling Stock Components,Received,22012.22,17
ORD-100528,2025-02-27 13:31:27.497499,Lower Saxony,Rail Automation,Delivered,4541.89,16
ORD-100529,2025-02-27 16:08:26.981396,Lower Saxony,Electrification,In Progress,6430.96,8
ORD-100530,2025-02-27 18:45:26.465293,Baden-Württemberg,Service Parts,In Progress,1209.2,39
ORD-100531,2025-02-27 21:22:25.949189,Baden-Württemberg,Rolling Stock Components,Delivered,2987.41,31
ORD-100532,2025-02-27 23:59:25.433086,Baden-Württemberg,Signaling Systems,In Progress,9728.19,12
ORD-100533,2025-02-28 02:36:24.916983,Lower Saxony,Electrification,Delivered,1023.12,33
ORD-100534,2025-02-28 05:13:24.400880,North Rhine-Westphalia,Rolling Stock Components,Delivered,3541.47,12
ORD-100535,2025-02-28 07:50:23.884776,Lower Saxony,Signaling Systems,In Progress,41744.02,25
ORD-100536,2025-02-28 10:27:23.368673,North Rhine-Westphalia,Rail Automation,Cancelled,4147.24,38
ORD-100537,2025-02-28 13:04:22.852570,North Rhine-Westphalia,Signaling Systems,Cancelled,15321.18,18
ORD-100538,2025-02-28 15:41:22.336467,Baden-Württemberg,Rolling Stock Components,Delivered,9165.05,19
ORD-100539,2025-02-28 18:18:21.820364,Saxony,Rolling Stock Components,In Progress,3503.58,3
ORD-100540,2025-02-28 20:55:21.304260,Bavaria,Rail Automation,Shipped,4144.12,35
ORD-100541,2025-02-28 23:32:20.788157,Baden-Württemberg,Signaling Systems,Shipped,5904.98,5
ORD-100542,2025-03-01 02:09:20.272054,Baden-Württemberg,Signaling Systems,Shipped,514.85,35
ORD-100543,2025-03-01 04:46:19.755951,Saxony,Rail Automation,Shipped,13928.22,27
ORD-100544,2025-03-01 07:23:19.239847,Bavaria,Signaling Systems,Cancelled,4314.7,37
ORD-100545,2025-03-01 10:00:18.723744,Lower Saxony,Rail Automation,In Progress,14474.0,21
ORD-100546,2025-03-01 12:37:18.207641,Lower Saxony,Electrification,Delivered,7532.79,16
ORD-100547,2025-03-01 15:14:17.691538,Baden-Württemberg,Rolling Stock Components,Received,4110.03,28
ORD-100548,2025-03-01 17:51:17.175435,Bavaria,Electrification,Delivered,6107.69,25
ORD-100549,2025-03-01 20:28:16.659331,Baden-Württemberg,Service Parts,Delivered,6130.32,33
ORD-100550,2025-03-01 23:05:16.143228,North Rhine-Westphalia,Service Parts,Shipped,24929.55,17
ORD-100551,2025-03-02 01:42:15.627125,Baden-Württemberg,Service Parts,In Progress,5265.44,43
ORD-100552,2025-03-02 04:19:15.111022,Baden-Württemberg,Rail Automation,Delivered,6747.87,30
ORD-100553,2025-03-02 06:56:14.594918,Lower Saxony,Signaling Systems,Delivered,1226.5,41
ORD-100554,2025-03-02 09:33:14.078815,Lower Saxony,Electrification,Delivered,4666.91,4
ORD-100555,2025-03-02 12:10:13.562712,Lower Saxony,Electrification,Shipped,24336.71,2
ORD-100556,2025-03-02 14:47:13.046609,North Rhine-Westphalia,Electrification,Shipped,7877.01,9
ORD-100557,2025-03-02 17:24:12.530506,Lower Saxony,Electrification,Cancelled,1496.5,31
ORD-100558,2025-03-02 20:01:12.014402,Bavaria,Service Parts,Delivered,1683.77,25
ORD-100559,2025-03-02 22:38:11.498299,Saxony,Electrification,Delivered,2174.07,37
ORD-100560,2025-03-03 01:15:10.982196,Bavaria,Signaling Systems,Delivered,14758.79,36
ORD-100561,2025-03-03 03:52:10.466093,Bavaria,Service Parts,Delivered,12889.84,5
ORD-100562,2025-03-03 06:29:09.949989,Lower Saxony,Electrification,Shipped,,24
ORD-100563,2025-03-03 09:06:09.433886,Saxony,Rail Automation,In Progress,4493.9,24
ORD-100564,2025-03-03 11:43:08.917783,Saxony,Rolling Stock Components,Shipped,5781.4,29
ORD-100565,2025-03-03 14:20:08.401680,Saxony,Rolling Stock Components,Delivered,1705.55,31
ORD-100566,2025-03-03 16:57:07.885577,North Rhine-Westphalia,Rolling Stock Components,Received,3198.63,37
ORD-100567,2025-03-03 19:34:07.369473,Lower Saxony,Service Parts,Shipped,21249.71,19
ORD-100568,2025-03-03 22:11:06.853370,Saxony,Electrification,Delivered,7705.79,23
ORD-100569,2025-03-04 00:48:06.337267,North Rhine-Westphalia,Service Parts,Delivered,2836.88,35
ORD-100570,2025-03-04 03:25:05.821164,Baden-Württemberg,Signaling Systems,Delivered,3999.64,6
ORD-100571,2025-03-04 06:02:05.305061,Baden-Württemberg,Rail Automation,Delivered,3825.1,6
ORD-100572,2025-03-04 08:39:04.788957,North Rhine-Westphalia,Rail Automation,Received,6701.93,37
ORD-100573,2025-03-04 11:16:04.272854,North Rhine-Westphalia,Rolling Stock Components,Delivered,1019.73,30
ORD-100574,2025-03-04 13:53:03.756751,Lower Saxony,Rolling Stock Components,Delivered,2352.58,1
ORD-100575,2025-03-04 16:30:03.240648,Lower Saxony,Rolling Stock Components,Delivered,15351.0,8
ORD-100576,2025-03-04 19:07:02.724544,Baden-Württemberg,Electrification,Shipped,4537.71,28
ORD-100577,2025-03-04 21:44:02.208441,Saxony,Signaling Systems,In Progress,1929.66,25
ORD-100578,2025-03-05 00:21:01.692338,Baden-Württemberg,Signaling Systems,Delivered,2019.23,33
ORD-100579,2025-03-05 02:58:01.176235,Saxony,Signaling Systems,Delivered,10860.94,38
ORD-100580,2025-03-05 05:35:00.660132,Saxony,Signaling Systems,Delivered,2780.58,14
ORD-100581,2025-03-05 08:12:00.144028,Lower Saxony,Rolling Stock Components,Delivered,8621.32,11
ORD-100582,2025-03-05 10:48:59.627925,Bavaria,Rail Automation,Delivered,2466.32,2
ORD-100583,2025-03-05 13:25:59.111822,Bavaria,Rolling Stock Components,Delivered,1418.05,30
ORD-100584,2025-03-05 16:02:58.595719,North Rhine-Westphalia,Signaling Systems,Delivered,6431.05,30
ORD-100585,2025-03-05 18:39:58.079615,Lower Saxony,Rolling Stock Components,Shipped,4415.52,4
ORD-100586,2025-03-05 21:16:57.563512,Saxony,Signaling Systems,Delivered,10442.47,13
ORD-100587,2025-03-05 23:53:57.047409,Bavaria,Service Parts,Delivered,12997.82,7
ORD-100588,2025-03-06 02:30:56.531306,Saxony,Rail Automation,Shipped,3315.08,38
ORD-100589,2025-03-06 05:07:56.015203,Bavaria,Service Parts,Shipped,7214.35,3
ORD-100590,2025-03-06 07:44:55.499099,Bavaria,Electrification,Received,3204.49,9
ORD-100591,2025-03-06 10:21:54.982996,Bavaria,Rolling Stock Components,Delivered,9867.6,14
ORD-100592,2025-03-06 12:58:54.466893,Lower Saxony,Electrification,Received,6353.47,11
ORD-100593,2025-03-06 15:35:53.950790,Baden-Württemberg,Rolling Stock Components,Delivered,2474.47,37
ORD-100594,2025-03-06 18:12:53.434686,Saxony,Service Parts,Shipped,2256.71,14
ORD-100595,2025-03-06 20:49:52.918583,Lower Saxony,Signaling Systems,Shipped,,19
ORD-100596,2025-03-06 23:26:52.402480,Lower Saxony,Signaling Systems,Delivered,17648.57,8
ORD-100597,2025-03-07 02:03:51.886377,Lower Saxony,Rolling Stock Components,Received,13245.67,7
ORD-100598,2025-03-07 04:40:51.370274,Lower Saxony,Signaling Systems,Delivered,1741.83,7
ORD-100599,2025-03-07 07:17:50.854170,Lower Saxony,Service Parts,Delivered,1955.44,3
ORD-100600,2025-03-07 09:54:50.338067,North Rhine-Westphalia,Signaling Systems,Delivered,2299.56,3
ORD-100601,2025-03-07 12:31:49.821964,Saxony,Service Parts,In Progress,2549.83,18
ORD-100602,2025-03-07 15:08:49.305861,Lower Saxony,Electrification,Delivered,666.26,33
ORD-100603,2025-03-07 17:45:48.789757,Saxony,Service Parts,Delivered,11719.95,37
ORD-100604,2025-03-07 20:22:48.273654,North Rhine-Westphalia,Rail Automation,Delivered,2976.58,28
ORD-100605,2025-03-07 22:59:47.757551,North Rhine-Westphalia,Rail Automation,Delivered,8170.47,36
ORD-100606,2025-03-08 01:36:47.241448,Saxony,Rail Automation,Delivered,3472.63,16
ORD-100607,2025-03-08 04:13:46.725345,Bavaria,Rolling Stock Components,Delivered,4792.16,15
ORD-100608,2025-03-08 06:50:46.209241,Baden-Württemberg,Rolling Stock Components,Delivered,2312.99,29
ORD-100609,2025-03-08 09:27:45.693138,Bavaria,Rolling Stock Components,Shipped,4764.35,18
ORD-100610,2025-03-08 12:04:45.177035,Bavaria,Service Parts,Shipped,1884.9,19
ORD-100611,2025-03-08 14:41:44.660932,Bavaria,Rolling Stock Components,Shipped,4803.39,29
ORD-100612,2025-03-08 17:18:44.144828,Lower Saxony,Electrification,Shipped,24414.81,6
ORD-100613,2025-03-08 19:55:43.628725,North Rhine-Westphalia,Rail Automation,Shipped,8713.82,27
ORD-100614,2025-03-08 22:32:43.112622,Bavaria,Service Parts,Shipped,6769.33,7
ORD-100615,2025-03-09 01:09:42.596519,North Rhine-Westphalia,Rail Automation,Delivered,1150.88,27
ORD-100616,2025-03-09 03:46:42.080416,Saxony,Rolling Stock Components,Received,9172.65,19
ORD-100617,2025-03-09 06:23:41.564312,Baden-Württemberg,Service Parts,Delivered,10207.71,17
ORD-100618,2025-03-09 09:00:41.048209,Saxony,Signaling Systems,In Progress,6601.76,41
ORD-100619,2025-03-09 11:37:40.532106,Saxony,Electrification,Shipped,6221.15,11
ORD-100620,2025-03-09 14:14:40.016003,Lower Saxony,Rolling Stock Components,Received,4212.45,5
ORD-100621,2025-03-09 16:51:39.499899,Baden-Württemberg,Rolling Stock Components,Shipped,10040.1,2
ORD-100622,2025-03-09 19:28:38.983796,Saxony,Electrification,Delivered,,12
ORD-100623,2025-03-09 22:05:38.467693,Saxony,Electrification,Delivered,7069.75,42
ORD-100624,2025-03-10 00:42:37.951590,Baden-Württemberg,Signaling Systems,In Progress,1687.68,42
ORD-100625,2025-03-10 03:19:37.435487,Baden-Württemberg,Rolling Stock Components,Delivered,1835.85,11
ORD-100626,2025-03-10 05:56:36.919383,Saxony,Rolling Stock Components,Delivered,10925.6,-10
ORD-100627,2025-03-10 08:33:36.403280,Baden-Württemberg,Rail Automation,Delivered,1702.83,28
ORD-100628,2025-03-10 11:10:35.887177,Saxony,Service Parts,Delivered,6131.29,7
ORD-100629,2025-03-10 13:47:35.371074,Saxony,Service Parts,Delivered,3360.69,14
ORD-100630,2025-03-10 16:24:34.854970,Lower Saxony,Rail Automation,Delivered,1511.02,13
ORD-100631,2025-03-10 19:01:34.338867,Bavaria,Service Parts,Delivered,12277.17,5
ORD-100632,2025-03-10 21:38:33.822764,Saxony,Electrification,Received,10694.1,42
ORD-100633,2025-03-11 00:15:33.306661,North Rhine-Westphalia,Service Parts,Shipped,1106.31,8
ORD-100634,2025-03-11 02:52:32.790558,Bavaria,Service Parts,Delivered,8346.42,1
ORD-100635,2025-03-11 05:29:32.274454,Bavaria,Rail Automation,Delivered,7106.65,5
ORD-100636,2025-03-11 08:06:31.758351,Bavaria,Signaling Systems,Delivered,12347.43,11
ORD-100637,2025-03-11 10:43:31.242248,Lower Saxony,Service Parts,Delivered,5904.44,43
ORD-100638,2025-03-11 13:20:30.726145,Saxony,Service Parts,Shipped,23612.22,10
ORD-100639,2025-03-11 15:57:30.210042,Lower Saxony,Signaling Systems,Delivered,4275.57,15
ORD-100640,2025-03-11 18:34:29.693938,Saxony,Rail Automation,Delivered,3643.49,39
ORD-100641,2025-03-11 21:11:29.177835,Lower Saxony,Signaling Systems,Shipped,1681.99,29
ORD-100642,2025-03-11 23:48:28.661732,Lower Saxony,Rail Automation,Delivered,1759.29,25
ORD-100643,2025-03-12 02:25:28.145629,North Rhine-Westphalia,Electrification,Delivered,1592.51,6
ORD-100644,2025-03-12 05:02:27.629525,Lower Saxony,Rail Automation,In Progress,6249.39,11
ORD-100645,2025-03-12 07:39:27.113422,Baden-Württemberg,Electrification,Delivered,3655.51,17
ORD-100646,2025-03-12 10:16:26.597319,North Rhine-Westphalia,Electrification,Shipped,7071.04,15
ORD-100647,2025-03-12 12:53:26.081216,Lower Saxony,Rail Automation,Delivered,1299.62,16
ORD-100648,2025-03-12 15:30:25.565113,Bavaria,Rolling Stock Components,In Progress,1917.43,2
ORD-100649,2025-03-12 18:07:25.049009,Baden-Württemberg,Rail Automation,Delivered,1882.21,36
ORD-100650,2025-03-12 20:44:24.532906,Baden-Württemberg,Service Parts,Delivered,53433.75,19
ORD-100651,2025-03-12 23:21:24.016803,Baden-Württemberg,Service Parts,Shipped,4095.94,38
ORD-100652,2025-03-13 01:58:23.500700,North Rhine-Westphalia,Rolling Stock Components,Delivered,4568.76,21
ORD-100653,2025-03-13 04:35:22.984596,Lower Saxony,Electrification,Cancelled,4513.38,11
ORD-100654,2025-03-13 07:12:22.468493,Lower Saxony,Rolling Stock Components,In Progress,27122.32,41
ORD-100655,2025-03-13 09:49:21.952390,Bavaria,Service Parts,In Progress,833.24,3
ORD-100656,2025-03-13 12:26:21.436287,Bavaria,Rolling Stock Components,Cancelled,4601.38,34
ORD-100657,2025-03-13 15:03:20.920184,Baden-Württemberg,Rail Automation,Cancelled,824.7,18
ORD-100658,2025-03-13 17:40:20.404080,Bavaria,Rolling Stock Components,Received,358.6,15
ORD-100659,2025-03-13 20:17:19.887977,North Rhine-Westphalia,Electrification,Received,2191.49,25
ORD-100660,2025-03-13 22:54:19.371874,Lower Saxony,Rail Automation,In Progress,7733.99,15
ORD-100661,2025-03-14 01:31:18.855771,Baden-Württemberg,Signaling Systems,Cancelled,2043.54,30
ORD-100662,2025-03-14 04:08:18.339667,Bavaria,Service Parts,In Progress,7595.73,17
ORD-100663,2025-03-14 06:45:17.823564,North Rhine-Westphalia,Service Parts,Delivered,5525.47,18
ORD-100664,2025-03-14 09:22:17.307461,North Rhine-Westphalia,Rolling Stock Components,Delivered,4217.63,31
ORD-100665,2025-03-14 11:59:16.791358,Bavaria,Rail Automation,Received,19760.89,43
ORD-100666,2025-03-14 14:36:16.275255,Lower Saxony,Signaling Systems,Delivered,2551.3,18
ORD-100667,2025-03-14 17:13:15.759151,Bavaria,Rail Automation,Shipped,7470.53,35
ORD-100668,2025-03-14 19:50:15.243048,Baden-Württemberg,Service Parts,Delivered,676.28,13
ORD-100669,2025-03-14 22:27:14.726945,Bavaria,Rail Automation,Shipped,5478.89,14
ORD-100670,2025-03-15 01:04:14.210842,North Rhine-Westphalia,Signaling Systems,Delivered,3703.61,36
ORD-100671,2025-03-15 03:41:13.694738,Bavaria,Rolling Stock Components,Delivered,1338.8,18
ORD-100672,2025-03-15 06:18:13.178635,Lower Saxony,Electrification,In Progress,7618.61,5
ORD-100673,2025-03-15 08:55:12.662532,Saxony,Rail Automation,Received,2180.16,14
ORD-100674,2025-03-15 11:32:12.146429,Bavaria,Electrification,Shipped,33037.65,25
ORD-100675,2025-03-15 14:09:11.630326,Lower Saxony,Service Parts,Shipped,337.92,44
ORD-100676,2025-03-15 16:46:11.114222,Lower Saxony,Rolling Stock Components,Delivered,6458.06,39
ORD-100677,2025-03-15 19:23:10.598119,North Rhine-Westphalia,Rolling Stock Components,Delivered,5151.11,12
ORD-100678,2025-03-15 22:00:10.082016,Lower Saxony,Rail Automation,Delivered,3608.51,40
ORD-100679,2025-03-16 00:37:09.565913,Lower Saxony,Rolling Stock Components,Delivered,2745.84,28
ORD-100680,2025-03-16 03:14:09.049809,Lower Saxony,Rail Automation,Delivered,5300.15,35
ORD-100681,2025-03-16 05:51:08.533706,Lower Saxony,Rail Automation,Delivered,15810.2,1
ORD-100682,2025-03-16 08:28:08.017603,Baden-Württemberg,Electrification,Shipped,781.02,3
ORD-100683,2025-03-16 11:05:07.501500,Baden-Württemberg,Rolling Stock Components,Shipped,2025.18,43
ORD-100684,2025-03-16 13:42:06.985397,North Rhine-Westphalia,Rail Automation,Shipped,1547.89,7
ORD-100685,2025-03-16 16:19:06.469293,Bavaria,Electrification,Delivered,1469.94,9
ORD-100686,2025-03-16 18:56:05.953190,Lower Saxony,Signaling Systems,Shipped,7165.43,36
ORD-100687,2025-03-16 21:33:05.437087,Bavaria,Electrification,Shipped,9398.18,23
ORD-100688,2025-03-17 00:10:04.920984,Bavaria,Electrification,Received,15860.91,24
ORD-100689,2025-03-17 02:47:04.404880,North Rhine-Westphalia,Rail Automation,Delivered,9562.53,10
ORD-100690,2025-03-17 05:24:03.888777,Lower Saxony,Service Parts,In Progress,10454.17,12
ORD-100691,2025-03-17 08:01:03.372674,Lower Saxony,Service Parts,In Progress,1040.04,19
ORD-100692,2025-03-17 10:38:02.856571,Saxony,Service Parts,Shipped,25132.56,32
ORD-100693,2025-03-17 13:15:02.340468,Bavaria,Electrification,In Progress,3902.09,24
ORD-100694,2025-03-17 15:52:01.824364,Bavaria,Rail Automation,Delivered,15310.52,22
ORD-100695,2025-03-17 18:29:01.308261,Baden-Württemberg,Rolling Stock Components,Shipped,1081.62,3
ORD-100696,2025-03-17 21:06:00.792158,Saxony,Electrification,Shipped,3768.52,40
ORD-100697,2025-03-17 23:43:00.276055,Baden-Württemberg,Electrification,Delivered,13867.7,27
ORD-100698,2025-03-18 02:19:59.759951,Baden-Württemberg,Rail Automation,In Progress,5068.08,19
ORD-100699,2025-03-18 04:56:59.243848,Baden-Württemberg,Signaling Systems,In Progress,2144.44,9
ORD-100700,2025-03-18 07:33:58.727745,North Rhine-Westphalia,Electrification,Delivered,20760.24,13
ORD-100701,2025-03-18 10:10:58.211642,North Rhine-Westphalia,Signaling Systems,Shipped,1354.85,2
ORD-100702,2025-03-18 12:47:57.695539,Baden-Württemberg,Signaling Systems,Shipped,4805.57,36
ORD-100703,2025-03-18 15:24:57.179435,Saxony,Service Parts,Received,9938.66,29
ORD-100704,2025-03-18 18:01:56.663332,Bavaria,Rail Automation,Delivered,49279.3,11
ORD-100705,2025-03-18 20:38:56.147229,Saxony,Signaling Systems,Delivered,2968.49,34
ORD-100706,2025-03-18 23:15:55.631126,Lower Saxony,Rail Automation,Delivered,3626.07,4
ORD-100707,2025-03-19 01:52:55.115023,North Rhine-Westphalia,Service Parts,Delivered,3013.45,4
ORD-100708,2025-03-19 04:29:54.598919,Bavaria,Rail Automation,In Progress,6388.9,1
ORD-100709,2025-03-19 07:06:54.082816,Bavaria,Electrification,Shipped,9383.62,25
ORD-100710,2025-03-19 09:43:53.566713,Lower Saxony,Signaling Systems,Delivered,16360.82,26
ORD-100711,2025-03-19 12:20:53.050610,Lower Saxony,Rail Automation,Delivered,11289.77,11
ORD-100712,2025-03-19 14:57:52.534506,Baden-Württemberg,Rolling Stock Components,In Progress,2843.78,23
ORD-100713,2025-03-19 17:34:52.018403,North Rhine-Westphalia,Rail Automation,Delivered,12024.58,2
ORD-100714,2025-03-19 20:11:51.502300,North Rhine-Westphalia,Signaling Systems,In Progress,5435.46,19
ORD-100715,2025-03-19 22:48:50.986197,Saxony,Service Parts,Received,11156.5,29
ORD-100716,2025-03-20 01:25:50.470094,Baden-Württemberg,Service Parts,Shipped,11879.91,40
ORD-100717,2025-03-20 04:02:49.953990,Baden-Württemberg,Signaling Systems,In Progress,29529.3,4
ORD-100718,2025-03-20 06:39:49.437887,Baden-Württemberg,Electrification,Delivered,3327.41,16
ORD-100719,2025-03-20 09:16:48.921784,Baden-Württemberg,Electrification,Delivered,2696.99,37
ORD-100720,2025-03-20 11:53:48.405681,North Rhine-Westphalia,Service Parts,In Progress,8037.55,27
ORD-100721,2025-03-20 14:30:47.889577,North Rhine-Westphalia,Service Parts,Received,18047.61,5
ORD-100722,2025-03-20 17:07:47.373474,Baden-Württemberg,Signaling Systems,Delivered,5238.92,15
ORD-100723,2025-03-20 19:44:46.857371,Saxony,Electrification,In Progress,19389.43,23
ORD-100724,2025-03-20 22:21:46.341268,Bavaria,Service Parts,Delivered,10499.3,3
ORD-100725,2025-03-21 00:58:45.825165,Bavaria,Electrification,Shipped,3938.92,18
ORD-100726,2025-03-21 03:35:45.309061,Saxony,Service Parts,Delivered,9133.18,43
ORD-100727,2025-03-21 06:12:44.792958,Baden-Württemberg,Rail Automation,Shipped,3046.32,26
ORD-100728,2025-03-21 08:49:44.276855,North Rhine-Westphalia,Rolling Stock Components,Received,6389.81,6
ORD-100729,2025-03-21 11:26:43.760752,Bavaria,Rail Automation,In Progress,1509.49,44
ORD-100730,2025-03-21 14:03:43.244648,Lower Saxony,Service Parts,In Progress,4559.77,17
ORD-100731,2025-03-21 16:40:42.728545,Lower Saxony,Rolling Stock Components,Shipped,14759.73,38
ORD-100732,2025-03-21 19:17:42.212442,Saxony,Rolling Stock Components,Delivered,11428.46,42
ORD-100733,2025-03-21 21:54:41.696339,Baden-Württemberg,Service Parts,Shipped,9729.58,27
ORD-100734,2025-03-22 00:31:41.180236,Bavaria,Service Parts,Received,6742.78,20
ORD-100735,2025-03-22 03:08:40.664132,Baden-Württemberg,Electrification,Delivered,5859.57,6
ORD-100736,2025-03-22 05:45:40.148029,Bavaria,Service Parts,Delivered,1219.55,35
ORD-100737,2025-03-22 08:22:39.631926,Saxony,Signaling Systems,Cancelled,3917.88,12
ORD-100738,2025-03-22 10:59:39.115823,Saxony,Service Parts,Delivered,6008.18,3
ORD-100739,2025-03-22 13:36:38.599719,Lower Saxony,Signaling Systems,Delivered,1426.75,4
ORD-100740,2025-03-22 16:13:38.083616,Baden-Württemberg,Service Parts,Delivered,715.56,4
ORD-100741,2025-03-22 18:50:37.567513,Lower Saxony,Electrification,Delivered,17012.71,4
ORD-100742,2025-03-22 21:27:37.051410,Baden-Württemberg,Signaling Systems,Delivered,5197.44,39
ORD-100743,2025-03-23 00:04:36.535307,Lower Saxony,Rail Automation,Shipped,6191.78,21
ORD-100744,2025-03-23 02:41:36.019203,North Rhine-Westphalia,Signaling Systems,In Progress,9056.06,44
ORD-100745,2025-03-23 05:18:35.503100,North Rhine-Westphalia,Electrification,Shipped,1668.39,2
ORD-100746,2025-03-23 07:55:34.986997,North Rhine-Westphalia,Signaling Systems,Delivered,3153.14,16
ORD-100747,2025-03-23 10:32:34.470894,North Rhine-Westphalia,Service Parts,Delivered,25705.86,7
ORD-100748,2025-03-23 13:09:33.954790,Bavaria,Service Parts,Delivered,2871.18,19
ORD-100749,2025-03-23 15:46:33.438687,North Rhine-Westphalia,Electrification,Received,3668.58,43
ORD-100750,2025-03-23 18:23:32.922584,Saxony,Rolling Stock Components,Delivered,2353.27,33
ORD-100751,2025-03-23 21:00:32.406481,Saxony,Service Parts,Delivered,2175.6,9
ORD-100752,2025-03-23 23:37:31.890378,Bavaria,Rail Automation,Shipped,16581.28,37
ORD-100753,2025-03-24 02:14:31.374274,North Rhine-Westphalia,Electrification,Delivered,322.35,17
ORD-100754,2025-03-24 04:51:30.858171,North Rhine-Westphalia,Signaling Systems,Shipped,2972.88,27
ORD-100755,2025-03-24 07:28:30.342068,North Rhine-Westphalia,Signaling Systems,Delivered,6297.77,33
ORD-100756,2025-03-24 10:05:29.825965,Lower Saxony,Rail Automation,Delivered,31776.12,12
ORD-100757,2025-03-24 12:42:29.309861,Baden-Württemberg,Service Parts,Delivered,1409.87,11
ORD-100758,2025-03-24 15:19:28.793758,Lower Saxony,Electrification,Delivered,1168.83,13
ORD-100759,2025-03-24 17:56:28.277655,Baden-Württemberg,Rail Automation,Delivered,1908.15,31
ORD-100760,2025-03-24 20:33:27.761552,North Rhine-Westphalia,Service Parts,Delivered,10634.68,13
ORD-100761,2025-03-24 23:10:27.245449,North Rhine-Westphalia,Electrification,Shipped,5640.99,38
ORD-100762,2025-03-25 01:47:26.729345,Lower Saxony,Signaling Systems,Delivered,1005.36,26
ORD-100763,2025-03-25 04:24:26.213242,Lower Saxony,Electrification,In Progress,5483.58,31
ORD-100764,2025-03-25 07:01:25.697139,Baden-Württemberg,Rolling Stock Components,Shipped,27080.83,22
ORD-100765,2025-03-25 09:38:25.181036,Saxony,Electrification,Delivered,6574.33,6
ORD-100766,2025-03-25 12:15:24.664932,Baden-Württemberg,Rolling Stock Components,Delivered,5890.01,20
ORD-100767,2025-03-25 14:52:24.148829,Lower Saxony,Electrification,Shipped,6293.15,21
ORD-100768,2025-03-25 17:29:23.632726,Lower Saxony,Rolling Stock Components,In Progress,7753.91,10
ORD-100769,2025-03-25 20:06:23.116623,Bavaria,Signaling Systems,Shipped,1219.49,19
ORD-100770,2025-03-25 22:43:22.600520,Lower Saxony,Service Parts,Shipped,3808.09,35
ORD-100771,2025-03-26 01:20:22.084416,Bavaria,Rolling Stock Components,In Progress,4033.01,26
ORD-100772,2025-03-26 03:57:21.568313,Saxony,Rolling Stock Components,Delivered,2887.61,7
ORD-100773,2025-03-26 06:34:21.052210,Baden-Württemberg,Signaling Systems,Shipped,10453.94,37
ORD-100774,2025-03-26 09:11:20.536107,Baden-Württemberg,Rolling Stock Components,Delivered,2446.97,8
ORD-100775,2025-03-26 11:48:20.020004,Bavaria,Rail Automation,Shipped,3307.79,5
ORD-100776,2025-03-26 14:25:19.503900,Baden-Württemberg,Signaling Systems,Cancelled,1228.82,44
ORD-100777,2025-03-26 17:02:18.987797,Lower Saxony,Rail Automation,Shipped,7451.28,36
ORD-100778,2025-03-26 19:39:18.471694,North Rhine-Westphalia,Signaling Systems,Received,13850.73,28
ORD-100779,2025-03-26 22:16:17.955591,Bavaria,Rolling Stock Components,Received,3303.96,3
ORD-100780,2025-03-27 00:53:17.439487,Baden-Württemberg,Rail Automation,Delivered,11945.73,39
ORD-100781,2025-03-27 03:30:16.923384,Bavaria,Rolling Stock Components,Delivered,4181.17,8
ORD-100782,2025-03-27 06:07:16.407281,Bavaria,Signaling Systems,Shipped,304.85,15
ORD-100783,2025-03-27 08:44:15.891178,North Rhine-Westphalia,Rolling Stock Components,Shipped,4644.01,27
ORD-100784,2025-03-27 11:21:15.375075,Lower Saxony,Rail Automation,Received,4051.62,36
ORD-100785,2025-03-27 13:58:14.858971,Bavaria,Rail Automation,Delivered,5504.36,16
ORD-100786,2025-03-27 16:35:14.342868,Baden-Württemberg,Rolling Stock Components,Delivered,6493.16,26
ORD-100787,2025-03-27 19:12:13.826765,Saxony,Electrification,In Progress,2316.21,44
ORD-100788,2025-03-27 21:49:13.310662,Bavaria,Signaling Systems,In Progress,24796.22,4
ORD-100789,2025-03-28 00:26:12.794558,Bavaria,Signaling Systems,In Progress,4569.79,12
ORD-100790,2025-03-28 03:03:12.278455,North Rhine-Westphalia,Rolling Stock Components,In Progress,3945.65,17
ORD-100791,2025-03-28 05:40:11.762352,Lower Saxony,Electrification,Delivered,11147.63,41
ORD-100792,2025-03-28 08:17:11.246249,Saxony,Rail Automation,In Progress,5016.03,44
ORD-100793,2025-03-28 10:54:10.730146,Baden-Württemberg,Service Parts,Shipped,82654.61,26
ORD-100794,2025-03-28 13:31:10.214042,Saxony,Service Parts,In Progress,3901.44,31
ORD-100795,2025-03-28 16:08:09.697939,Baden-Württemberg,Rolling Stock Components,Cancelled,7237.25,15
ORD-100796,2025-03-28 18:45:09.181836,Lower Saxony,Electrification,Delivered,2155.83,34
ORD-100797,2025-03-28 21:22:08.665733,Baden-Württemberg,Electrification,In Progress,12804.98,29
ORD-100798,2025-03-28 23:59:08.149629,North Rhine-Westphalia,Signaling Systems,Shipped,6902.16,9
ORD-100799,2025-03-29 02:36:07.633526,North Rhine-Westphalia,Rail Automation,In Progress,3385.09,14
ORD-100800,2025-03-29 05:13:07.117423,North Rhine-Westphalia,Electrification,Delivered,1882.43,36
ORD-100801,2025-03-29 07:50:06.601320,North Rhine-Westphalia,Service Parts,Received,,4
ORD-100802,2025-03-29 10:27:06.085217,Saxony,Rail Automation,Delivered,7789.92,38
ORD-100803,2025-03-29 13:04:05.569113,Lower Saxony,Rail Automation,Delivered,1068.95,37
ORD-100804,2025-03-29 15:41:05.053010,Baden-Württemberg,Rolling Stock Components,Delivered,20729.68,24
ORD-100805,2025-03-29 18:18:04.536907,Baden-Württemberg,Electrification,In Progress,1225.21,17
ORD-100806,2025-03-29 20:55:04.020804,North Rhine-Westphalia,Rolling Stock Components,Delivered,4039.14,13
ORD-100807,2025-03-29 23:32:03.504700,North Rhine-Westphalia,Electrification,Delivered,1863.67,20
ORD-100808,2025-03-30 02:09:02.988597,Bavaria,Signaling Systems,In Progress,5094.69,17
ORD-100809,2025-03-30 04:46:02.472494,Lower Saxony,Rolling Stock Components,Shipped,5060.18,27
ORD-100810,2025-03-30 07:23:01.956391,Saxony,Rolling Stock Components,In Progress,8016.71,33
ORD-100811,2025-03-30 10:00:01.440288,Baden-Württemberg,Service Parts,Shipped,916.99,21
ORD-100812,2025-03-30 12:37:00.924184,Bavaria,Rolling Stock Components,Shipped,2121.6,17
ORD-100813,2025-03-30 15:14:00.408081,Bavaria,Electrification,Delivered,14294.1,22
ORD-100814,2025-03-30 17:50:59.891978,Baden-Württemberg,Service Parts,Shipped,10141.66,25
ORD-100815,2025-03-30 20:27:59.375875,Saxony,Rolling Stock Components,Delivered,314.37,3
ORD-100816,2025-03-30 23:04:58.859771,Bavaria,Rolling Stock Components,In Progress,7442.43,27
ORD-100817,2025-03-31 01:41:58.343668,Bavaria,Signaling Systems,Cancelled,1578.59,27
ORD-100818,2025-03-31 04:18:57.827565,Lower Saxony,Rolling Stock Components,In Progress,2563.16,12
ORD-100819,2025-03-31 06:55:57.311462,Saxony,Rail Automation,Delivered,3827.39,15
ORD-100820,2025-03-31 09:32:56.795359,Bavaria,Service Parts,Shipped,27258.73,38
ORD-100821,2025-03-31 12:09:56.279255,Saxony,Rail Automation,In Progress,1560.92,20
ORD-100822,2025-03-31 14:46:55.763152,Baden-Württemberg,Service Parts,Delivered,1049.13,22
ORD-100823,2025-03-31 17:23:55.247049,North Rhine-Westphalia,Signaling Systems,Shipped,8065.5,2
ORD-100824,2025-03-31 20:00:54.730946,Bavaria,Rolling Stock Components,Delivered,4765.61,4
ORD-100825,2025-03-31 22:37:54.214842,Lower Saxony,Rolling Stock Components,Delivered,18540.33,13
ORD-100826,2025-04-01 01:14:53.698739,Baden-Württemberg,Rolling Stock Components,Delivered,3333.85,32
ORD-100827,2025-04-01 03:51:53.182636,Saxony,Service Parts,Delivered,18618.28,22
ORD-100828,2025-04-01 06:28:52.666533,Baden-Württemberg,Rolling Stock Components,Delivered,5003.51,25
ORD-100829,2025-04-01 09:05:52.150430,Bavaria,Rail Automation,Received,8795.77,27
ORD-100830,2025-04-01 11:42:51.634326,Saxony,Rolling Stock Components,Delivered,29329.17,17
ORD-100831,2025-04-01 14:19:51.118223,North Rhine-Westphalia,Signaling Systems,Delivered,4088.88,6
ORD-100832,2025-04-01 16:56:50.602120,Baden-Württemberg,Rail Automation,Received,15508.33,43
ORD-100833,2025-04-01 19:33:50.086017,Bavaria,Rolling Stock Components,In Progress,2502.49,16
ORD-100834,2025-04-01 22:10:49.569913,Lower Saxony,Rolling Stock Components,Delivered,6312.54,8
ORD-100835,2025-04-02 00:47:49.053810,Saxony,Electrification,Shipped,1003.12,33
ORD-100836,2025-04-02 03:24:48.537707,Baden-Württemberg,Service Parts,Shipped,2822.13,10
ORD-100837,2025-04-02 06:01:48.021604,Baden-Württemberg,Rail Automation,In Progress,1534.81,34
ORD-100838,2025-04-02 08:38:47.505501,North Rhine-Westphalia,Electrification,Delivered,18822.87,19
ORD-100839,2025-04-02 11:15:46.989397,North Rhine-Westphalia,Signaling Systems,In Progress,33278.88,14
ORD-100840,2025-04-02 13:52:46.473294,Lower Saxony,Service Parts,Delivered,3327.01,3
ORD-100841,2025-04-02 16:29:45.957191,Lower Saxony,Rail Automation,Delivered,2099.93,41
ORD-100842,2025-04-02 19:06:45.441088,Bavaria,Rolling Stock Components,Shipped,1158.24,23
ORD-100843,2025-04-02 21:43:44.924984,Bavaria,Rail Automation,Delivered,6574.77,40
ORD-100844,2025-04-03 00:20:44.408881,Lower Saxony,Rolling Stock Components,Cancelled,2533.82,11
ORD-100845,2025-04-03 02:57:43.892778,Lower Saxony,Service Parts,Delivered,2687.62,6
ORD-100846,2025-04-03 05:34:43.376675,Saxony,Rolling Stock Components,Delivered,29511.86,34
ORD-100847,2025-04-03 08:11:42.860572,North Rhine-Westphalia,Signaling Systems,Shipped,3547.37,1
ORD-100848,2025-04-03 10:48:42.344468,Bavaria,Rolling Stock Components,Delivered,9370.43,35
ORD-100849,2025-04-03 13:25:41.828365,North Rhine-Westphalia,Signaling Systems,Received,5209.59,25
ORD-100850,2025-04-03 16:02:41.312262,North Rhine-Westphalia,Service Parts,In Progress,1106.85,29
ORD-100851,2025-04-03 18:39:40.796159,Lower Saxony,Service Parts,In Progress,645.89,23
ORD-100852,2025-04-03 21:16:40.280056,Saxony,Rail Automation,Shipped,8402.41,18
ORD-100853,2025-04-03 23:53:39.763952,Baden-Württemberg,Signaling Systems,Delivered,32032.99,14
ORD-100854,2025-04-04 02:30:39.247849,Saxony,Signaling Systems,Shipped,6949.93,17
ORD-100855,2025-04-04 05:07:38.731746,Saxony,Electrification,Delivered,9764.41,2
ORD-100856,2025-04-04 07:44:38.215643,North Rhine-Westphalia,Electrification,Delivered,1816.78,31
ORD-100857,2025-04-04 10:21:37.699539,Saxony,Electrification,Delivered,15008.68,19
ORD-100858,2025-04-04 12:58:37.183436,Bavaria,Rolling Stock Components,Shipped,14805.51,32
ORD-100859,2025-04-04 15:35:36.667333,North Rhine-Westphalia,Electrification,Delivered,2285.14,28
ORD-100860,2025-04-04 18:12:36.151230,Bavaria,Signaling Systems,Shipped,8954.84,41
ORD-100861,2025-04-04 20:49:35.635127,Baden-Württemberg,Rolling Stock Components,Received,704.11,8
ORD-100862,2025-04-04 23:26:35.119023,North Rhine-Westphalia,Service Parts,Cancelled,10897.66,42
ORD-100863,2025-04-05 02:03:34.602920,Baden-Württemberg,Rail Automation,In Progress,2618.46,41
ORD-100864,2025-04-05 04:40:34.086817,North Rhine-Westphalia,Electrification,Received,1274.31,40
ORD-100865,2025-04-05 07:17:33.570714,Lower Saxony,Service Parts,Delivered,7653.39,39
ORD-100866,2025-04-05 09:54:33.054610,Saxony,Signaling Systems,Shipped,700.01,22
ORD-100867,2025-04-05 12:31:32.538507,Lower Saxony,Rail Automation,Delivered,7162.79,24
ORD-100868,2025-04-05 15:08:32.022404,Baden-Württemberg,Service Parts,Shipped,1414.45,38
ORD-100869,2025-04-05 17:45:31.506301,Saxony,Rail Automation,Shipped,1117.78,-2
ORD-100870,2025-04-05 20:22:30.990198,North Rhine-Westphalia,Electrification,Shipped,5249.24,41
ORD-100871,2025-04-05 22:59:30.474094,Saxony,Signaling Systems,Shipped,4065.1,41
ORD-100872,2025-04-06 01:36:29.957991,Bavaria,Rail Automation,Shipped,24403.17,19
ORD-100873,2025-04-06 04:13:29.441888,Saxony,Service Parts,Delivered,1195.98,41
ORD-100874,2025-04-06 06:50:28.925785,Bavaria,Electrification,Delivered,22304.86,2
ORD-100875,2025-04-06 09:27:28.409681,Saxony,Electrification,Delivered,1406.12,28
ORD-100876,2025-04-06 12:04:27.893578,Bavaria,Service Parts,Received,13512.72,32
ORD-100877,2025-04-06 14:41:27.377475,Baden-Württemberg,Service Parts,Delivered,16592.43,19
ORD-100878,2025-04-06 17:18:26.861372,Lower Saxony,Rail Automation,Delivered,6999.57,16
ORD-100879,2025-04-06 19:55:26.345269,North Rhine-Westphalia,Rolling Stock Components,Delivered,2058.95,30
ORD-100880,2025-04-06 22:32:25.829165,Saxony,Electrification,Received,920.35,22
ORD-100881,2025-04-07 01:09:25.313062,Lower Saxony,Rail Automation,Delivered,574.24,14
ORD-100882,2025-04-07 03:46:24.796959,North Rhine-Westphalia,Service Parts,Delivered,37703.95,1
ORD-100883,2025-04-07 06:23:24.280856,North Rhine-Westphalia,Rail Automation,In Progress,3545.59,2
ORD-100884,2025-04-07 09:00:23.764752,Bavaria,Service Parts,Delivered,1458.07,22
ORD-100885,2025-04-07 11:37:23.248649,Baden-Württemberg,Signaling Systems,Received,1397.62,33
ORD-100886,2025-04-07 14:14:22.732546,Baden-Württemberg,Service Parts,Delivered,5911.46,15
ORD-100887,2025-04-07 16:51:22.216443,Lower Saxony,Service Parts,Delivered,3183.27,41
ORD-100888,2025-04-07 19:28:21.700340,Baden-Württemberg,Service Parts,Delivered,595.13,22
ORD-100889,2025-04-07 22:05:21.184236,Saxony,Rolling Stock Components,Shipped,12720.81,40
ORD-100890,2025-04-08 00:42:20.668133,Baden-Württemberg,Service Parts,Received,7104.49,39
ORD-100891,2025-04-08 03:19:20.152030,Lower Saxony,Electrification,Delivered,37193.98,41
ORD-100892,2025-04-08 05:56:19.635927,Baden-Württemberg,Electrification,Delivered,17237.98,41
ORD-100893,2025-04-08 08:33:19.119823,Saxony,Rail Automation,Received,162.72,11
ORD-100894,2025-04-08 11:10:18.603720,Bavaria,Rolling Stock Components,Delivered,23357.45,4
ORD-100895,2025-04-08 13:47:18.087617,Lower Saxony,Rail Automation,Delivered,18550.28,7
ORD-100896,2025-04-08 16:24:17.571514,Bavaria,Electrification,In Progress,2186.35,21
ORD-100897,2025-04-08 19:01:17.055411,Bavaria,Electrification,In Progress,3053.88,7
ORD-100898,2025-04-08 21:38:16.539307,Bavaria,Signaling Systems,Received,7730.26,4
ORD-100899,2025-04-09 00:15:16.023204,North Rhine-Westphalia,Service Parts,Delivered,1610.6,12
ORD-100900,2025-04-09 02:52:15.507101,North Rhine-Westphalia,Electrification,Delivered,3763.1,27
ORD-100901,2025-04-09 05:29:14.990998,Bavaria,Rail Automation,Delivered,14765.39,17
ORD-100902,2025-04-09 08:06:14.474894,Lower Saxony,Rail Automation,Delivered,8686.29,20
ORD-100903,2025-04-09 10:43:13.958791,Saxony,Service Parts,Delivered,2360.28,31
ORD-100904,2025-04-09 13:20:13.442688,Saxony,Service Parts,Delivered,15139.11,26
ORD-100905,2025-04-09 15:57:12.926585,Baden-Württemberg,Signaling Systems,Received,6858.09,31
ORD-100906,2025-04-09 18:34:12.410482,Lower Saxony,Rolling Stock Components,Delivered,6604.96,35
ORD-100907,2025-04-09 21:11:11.894378,North Rhine-Westphalia,Rail Automation,Shipped,2789.38,9
ORD-100908,2025-04-09 23:48:11.378275,Bavaria,Service Parts,Delivered,4879.55,5
ORD-100909,2025-04-10 02:25:10.862172,Baden-Württemberg,Rail Automation,Delivered,2097.5,8
ORD-100910,2025-04-10 05:02:10.346069,Saxony,Service Parts,Shipped,581.37,21
ORD-100911,2025-04-10 07:39:09.829965,North Rhine-Westphalia,Electrification,Delivered,3612.76,16
ORD-100912,2025-04-10 10:16:09.313862,North Rhine-Westphalia,Rail Automation,In Progress,4296.83,16
ORD-100913,2025-04-10 12:53:08.797759,Bavaria,Electrification,Delivered,5715.96,18
ORD-100914,2025-04-10 15:30:08.281656,Saxony,Rail Automation,Received,18645.69,28
ORD-100915,2025-04-10 18:07:07.765553,Lower Saxony,Rolling Stock Components,Delivered,2398.23,18
ORD-100916,2025-04-10 20:44:07.249449,North Rhine-Westphalia,Signaling Systems,In Progress,3279.59,14
ORD-100917,2025-04-10 23:21:06.733346,Bavaria,Electrification,Received,11416.28,37
ORD-100918,2025-04-11 01:58:06.217243,Lower Saxony,Service Parts,Shipped,2147.86,40
ORD-100919,2025-04-11 04:35:05.701140,Saxony,Rolling Stock Components,Shipped,5820.4,16
ORD-100920,2025-04-11 07:12:05.185037,North Rhine-Westphalia,Rail Automation,In Progress,3136.58,21
ORD-100921,2025-04-11 09:49:04.668933,Lower Saxony,Electrification,Delivered,3759.39,1
ORD-100922,2025-04-11 12:26:04.152830,Lower Saxony,Rail Automation,Shipped,11315.85,11
ORD-100923,2025-04-11 15:03:03.636727,Lower Saxony,Rail Automation,Received,3259.08,11
ORD-100924,2025-04-11 17:40:03.120624,North Rhine-Westphalia,Rail Automation,Shipped,11728.99,2
ORD-100925,2025-04-11 20:17:02.604520,North Rhine-Westphalia,Signaling Systems,Delivered,573.82,32
ORD-100926,2025-04-11 22:54:02.088417,Baden-Württemberg,Signaling Systems,Delivered,1019.86,19
ORD-100927,2025-04-12 01:31:01.572314,Saxony,Service Parts,Delivered,383.75,5
ORD-100928,2025-04-12 04:08:01.056211,Bavaria,Electrification,Delivered,1363.28,3
ORD-100929,2025-04-12 06:45:00.540108,Lower Saxony,Rolling Stock Components,Shipped,37893.24,28
ORD-100930,2025-04-12 09:22:00.024004,Baden-Württemberg,Rolling Stock Components,Received,4820.87,26
ORD-100931,2025-04-12 11:58:59.507901,Bavaria,Rolling Stock Components,Shipped,2222.9,23
ORD-100932,2025-04-12 14:35:58.991798,Baden-Württemberg,Rail Automation,Delivered,11627.03,30
ORD-100933,2025-04-12 17:12:58.475695,North Rhine-Westphalia,Signaling Systems,Cancelled,13580.8,8
ORD-100934,2025-04-12 19:49:57.959591,Lower Saxony,Electrification,Delivered,1283.14,36
ORD-100935,2025-04-12 22:26:57.443488,Bavaria,Rail Automation,Received,76727.86,29
ORD-100936,2025-04-13 01:03:56.927385,Bavaria,Signaling Systems,In Progress,6660.59,13
ORD-100937,2025-04-13 03:40:56.411282,Bavaria,Signaling Systems,Shipped,7650.97,25
ORD-100938,2025-04-13 06:17:55.895179,Bavaria,Electrification,Delivered,8492.65,22
ORD-100939,2025-04-13 08:54:55.379075,Bavaria,Electrification,Received,8473.1,33
ORD-100940,2025-04-13 11:31:54.862972,Baden-Württemberg,Electrification,Delivered,2480.91,37
ORD-100941,2025-04-13 14:08:54.346869,Lower Saxony,Rail Automation,Shipped,50200.05,7
ORD-100942,2025-04-13 16:45:53.830766,North Rhine-Westphalia,Service Parts,Delivered,3591.38,23
ORD-100943,2025-04-13 19:22:53.314662,North Rhine-Westphalia,Electrification,Delivered,14090.69,6
ORD-100944,2025-04-13 21:59:52.798559,North Rhine-Westphalia,Service Parts,Delivered,2914.84,15
ORD-100945,2025-04-14 00:36:52.282456,North Rhine-Westphalia,Rail Automation,Delivered,2398.28,15
ORD-100946,2025-04-14 03:13:51.766353,Baden-Württemberg,Service Parts,Delivered,39817.07,40
ORD-100947,2025-04-14 05:50:51.250250,Saxony,Rolling Stock Components,Delivered,4362.46,34
ORD-100948,2025-04-14 08:27:50.734146,Lower Saxony,Service Parts,Delivered,4733.79,14
ORD-100949,2025-04-14 11:04:50.218043,Bavaria,Electrification,Delivered,6714.19,29
ORD-100950,2025-04-14 13:41:49.701940,Saxony,Rail Automation,Cancelled,85986.67,16
ORD-100951,2025-04-14 16:18:49.185837,North Rhine-Westphalia,Electrification,Delivered,53403.81,29
ORD-100952,2025-04-14 18:55:48.669733,Saxony,Rolling Stock Components,Delivered,20174.22,23
ORD-100953,2025-04-14 21:32:48.153630,Lower Saxony,Electrification,Delivered,113434.95,10
ORD-100954,2025-04-15 00:09:47.637527,Bavaria,Electrification,In Progress,1738.83,4
ORD-100955,2025-04-15 02:46:47.121424,Bavaria,Electrification,Received,10111.94,12
ORD-100956,2025-04-15 05:23:46.605321,Lower Saxony,Signaling Systems,Delivered,5342.27,42
ORD-100957,2025-04-15 08:00:46.089217,Lower Saxony,Rolling Stock Components,Delivered,,34
ORD-100958,2025-04-15 10:37:45.573114,North Rhine-Westphalia,Electrification,Delivered,8179.67,4
ORD-100959,2025-04-15 13:14:45.057011,Bavaria,Electrification,Shipped,2864.33,20
ORD-100960,2025-04-15 15:51:44.540908,Saxony,Electrification,Delivered,26551.75,28
ORD-100961,2025-04-15 18:28:44.024804,Baden-Württemberg,Rail Automation,Delivered,3182.67,28
ORD-100962,2025-04-15 21:05:43.508701,Baden-Württemberg,Signaling Systems,Received,2989.67,6
ORD-100963,2025-04-15 23:42:42.992598,Lower Saxony,Rail Automation,Delivered,26539.13,14
ORD-100964,2025-04-16 02:19:42.476495,North Rhine-Westphalia,Signaling Systems,Delivered,4573.35,35
ORD-100965,2025-04-16 04:56:41.960392,Baden-Württemberg,Electrification,In Progress,17661.91,1
ORD-100966,2025-04-16 07:33:41.444288,Bavaria,Rolling Stock Components,Delivered,7838.44,19
ORD-100967,2025-04-16 10:10:40.928185,Lower Saxony,Service Parts,Delivered,7954.94,1
ORD-100968,2025-04-16 12:47:40.412082,Saxony,Service Parts,In Progress,3757.65,13
ORD-100969,2025-04-16 15:24:39.895979,Lower Saxony,Electrification,In Progress,8539.27,8
ORD-100970,2025-04-16 18:01:39.379875,Saxony,Rail Automation,Cancelled,4252.91,18
ORD-100971,2025-04-16 20:38:38.863772,Lower Saxony,Rolling Stock Components,Shipped,2030.05,35
ORD-100972,2025-04-16 23:15:38.347669,Lower Saxony,Signaling Systems,In Progress,4382.26,23
ORD-100973,2025-04-17 01:52:37.831566,Lower Saxony,Electrification,In Progress,20264.26,26
ORD-100974,2025-04-17 04:29:37.315463,Saxony,Rolling Stock Components,Delivered,8862.73,41
ORD-100975,2025-04-17 07:06:36.799359,Saxony,Rolling Stock Components,Delivered,11444.73,38
ORD-100976,2025-04-17 09:43:36.283256,Lower Saxony,Signaling Systems,Delivered,4922.71,20
ORD-100977,2025-04-17 12:20:35.767153,Baden-Württemberg,Rolling Stock Components,Received,583.14,2
ORD-100978,2025-04-17 14:57:35.251050,North Rhine-Westphalia,Rail Automation,Delivered,1282.32,26
ORD-100979,2025-04-17 17:34:34.734946,North Rhine-Westphalia,Rail Automation,Shipped,3576.34,36
ORD-100980,2025-04-17 20:11:34.218843,North Rhine-Westphalia,Rail Automation,Shipped,1410.12,25
ORD-100981,2025-04-17 22:48:33.702740,Saxony,Rolling Stock Components,Delivered,2760.61,30
ORD-100982,2025-04-18 01:25:33.186637,Saxony,Rail Automation,Shipped,2652.85,18
ORD-100983,2025-04-18 04:02:32.670534,Baden-Württemberg,Signaling Systems,Delivered,2742.29,7
ORD-100984,2025-04-18 06:39:32.154430,North Rhine-Westphalia,Rolling Stock Components,Delivered,23882.16,27
ORD-100985,2025-04-18 09:16:31.638327,North Rhine-Westphalia,Service Parts,Shipped,4636.54,11
ORD-100986,2025-04-18 11:53:31.122224,Lower Saxony,Rolling Stock Components,Delivered,13740.97,37
ORD-100987,2025-04-18 14:30:30.606121,Saxony,Signaling Systems,Delivered,5886.04,8
ORD-100988,2025-04-18 17:07:30.090018,North Rhine-Westphalia,Service Parts,Delivered,23325.94,11
ORD-100989,2025-04-18 19:44:29.573914,Baden-Württemberg,Rolling Stock Components,In Progress,15109.48,24
ORD-100990,2025-04-18 22:21:29.057811,Baden-Württemberg,Rail Automation,Delivered,2564.02,30
ORD-100991,2025-04-19 00:58:28.541708,North Rhine-Westphalia,Electrification,Shipped,42522.66,30
ORD-100992,2025-04-19 03:35:28.025605,Saxony,Electrification,Delivered,2981.03,15
ORD-100993,2025-04-19 06:12:27.509501,Baden-Württemberg,Rail Automation,Received,6124.18,35
ORD-100994,2025-04-19 08:49:26.993398,Lower Saxony,Electrification,Delivered,7440.77,39
ORD-100995,2025-04-19 11:26:26.477295,Baden-Württemberg,Electrification,Shipped,8410.21,24
ORD-100996,2025-04-19 14:03:25.961192,Bavaria,Rail Automation,Shipped,11799.33,8
ORD-100997,2025-04-19 16:40:25.445089,Bavaria,Rail Automation,Delivered,2137.81,43
ORD-100998,2025-04-19 19:17:24.928985,Saxony,Rolling Stock Components,Delivered,10759.76,42
ORD-100999,2025-04-19 21:54:24.412882,North Rhine-Westphalia,Rolling Stock Components,Delivered,9313.87,20
ORD-101000,2025-04-20 00:31:23.896779,Saxony,Rail Automation,Delivered,4917.32,41
ORD-101001,2025-04-20 03:08:23.380676,Saxony,Signaling Systems,Shipped,3988.95,26
ORD-101002,2025-04-20 05:45:22.864572,Saxony,Electrification,Delivered,2020.48,24
ORD-101003,2025-04-20 08:22:22.348469,Saxony,Rolling Stock Components,Delivered,8336.4,22
ORD-101004,2025-04-20 10:59:21.832366,Lower Saxony,Electrification,Received,2376.74,5
ORD-101005,2025-04-20 13:36:21.316263,Lower Saxony,Service Parts,Delivered,6384.76,15
ORD-101006,2025-04-20 16:13:20.800160,Baden-Württemberg,Rail Automation,Delivered,4396.39,36
ORD-101007,2025-04-20 18:50:20.284056,Bavaria,Signaling Systems,Delivered,1132.77,37
ORD-101008,2025-04-20 21:27:19.767953,Saxony,Service Parts,Delivered,1760.26,29
ORD-101009,2025-04-21 00:04:19.251850,Baden-Württemberg,Service Parts,Delivered,7671.39,15
ORD-101010,2025-04-21 02:41:18.735747,Bavaria,Service Parts,Received,2760.73,27
ORD-101011,2025-04-21 05:18:18.219643,North Rhine-Westphalia,Rail Automation,In Progress,2659.09,8
ORD-101012,2025-04-21 07:55:17.703540,Lower Saxony,Rolling Stock Components,Delivered,2121.03,29
ORD-101013,2025-04-21 10:32:17.187437,Bavaria,Rail Automation,Shipped,2201.7,19
ORD-101014,2025-04-21 13:09:16.671334,North Rhine-Westphalia,Rolling Stock Components,Received,29939.48,31
ORD-101015,2025-04-21 15:46:16.155231,Bavaria,Service Parts,Shipped,1433.78,9
ORD-101016,2025-04-21 18:23:15.639127,Lower Saxony,Service Parts,Delivered,24839.58,10
ORD-101017,2025-04-21 21:00:15.123024,Lower Saxony,Signaling Systems,Shipped,3415.9,37
ORD-101018,2025-04-21 23:37:14.606921,Baden-Württemberg,Rolling Stock Components,Delivered,2394.36,10
ORD-101019,2025-04-22 02:14:14.090818,Saxony,Service Parts,Delivered,7496.61,33
ORD-101020,2025-04-22 04:51:13.574714,Bavaria,Electrification,Shipped,5210.05,25
ORD-101021,2025-04-22 07:28:13.058611,Bavaria,Signaling Systems,Delivered,3955.06,4
ORD-101022,2025-04-22 10:05:12.542508,North Rhine-Westphalia,Rail Automation,Delivered,6259.6,5
ORD-101023,2025-04-22 12:42:12.026405,Lower Saxony,Signaling Systems,Delivered,5120.04,23
ORD-101024,2025-04-22 15:19:11.510302,Bavaria,Electrification,Delivered,3877.1,39
ORD-101025,2025-04-22 17:56:10.994198,Lower Saxony,Rolling Stock Components,Received,13756.16,5
ORD-101026,2025-04-22 20:33:10.478095,Bavaria,Rail Automation,Delivered,1000.57,8
ORD-101027,2025-04-22 23:10:09.961992,Baden-Württemberg,Rail Automation,Shipped,1796.99,17
ORD-101028,2025-04-23 01:47:09.445889,Saxony,Rolling Stock Components,Delivered,2065.16,1
ORD-101029,2025-04-23 04:24:08.929785,Bavaria,Signaling Systems,Delivered,1534.98,12
ORD-101030,2025-04-23 07:01:08.413682,Lower Saxony,Service Parts,Delivered,5401.97,35
ORD-101031,2025-04-23 09:38:07.897579,Baden-Württemberg,Signaling Systems,Shipped,8569.47,14
ORD-101032,2025-04-23 12:15:07.381476,Bavaria,Electrification,In Progress,567.49,18
ORD-101033,2025-04-23 14:52:06.865373,North Rhine-Westphalia,Service Parts,Shipped,2917.67,10
ORD-101034,2025-04-23 17:29:06.349269,Saxony,Signaling Systems,Delivered,3450.14,15
ORD-101035,2025-04-23 20:06:05.833166,Bavaria,Rolling Stock Components,Shipped,3588.75,42
ORD-101036,2025-04-23 22:43:05.317063,Baden-Württemberg,Electrification,Delivered,1195.6,33
ORD-101037,2025-04-24 01:20:04.800960,North Rhine-Westphalia,Electrification,In Progress,3481.95,19
ORD-101038,2025-04-24 03:57:04.284856,Baden-Württemberg,Electrification,Cancelled,1804.01,34
ORD-101039,2025-04-24 06:34:03.768753,Baden-Württemberg,Service Parts,In Progress,3402.23,25
ORD-101040,2025-04-24 09:11:03.252650,North Rhine-Westphalia,Rail Automation,Delivered,741.3,16
ORD-101041,2025-04-24 11:48:02.736547,Baden-Württemberg,Service Parts,Delivered,3427.84,8
ORD-101042,2025-04-24 14:25:02.220444,North Rhine-Westphalia,Signaling Systems,Delivered,2228.45,35
ORD-101043,2025-04-24 17:02:01.704340,Bavaria,Rail Automation,Delivered,3682.22,21
ORD-101044,2025-04-24 19:39:01.188237,North Rhine-Westphalia,Signaling Systems,Shipped,6842.25,19
ORD-101045,2025-04-24 22:16:00.672134,North Rhine-Westphalia,Rail Automation,Delivered,4678.77,11
ORD-101046,2025-04-25 00:53:00.156031,Saxony,Service Parts,Shipped,11763.24,44
ORD-101047,2025-04-25 03:29:59.639927,North Rhine-Westphalia,Electrification,Shipped,3304.88,11
ORD-101048,2025-04-25 06:06:59.123824,North Rhine-Westphalia,Rolling Stock Components,Delivered,9708.66,11
ORD-101049,2025-04-25 08:43:58.607721,Bavaria,Electrification,Delivered,16940.9,22
ORD-101050,2025-04-25 11:20:58.091618,Saxony,Service Parts,Delivered,6641.78,21
ORD-101051,2025-04-25 13:57:57.575515,Lower Saxony,Rail Automation,Shipped,4803.61,27
ORD-101052,2025-04-25 16:34:57.059411,Bavaria,Electrification,Shipped,7752.71,18
ORD-101053,2025-04-25 19:11:56.543308,Bavaria,Service Parts,Received,6904.94,42
ORD-101054,2025-04-25 21:48:56.027205,Lower Saxony,Signaling Systems,Received,14784.98,40
ORD-101055,2025-04-26 00:25:55.511102,North Rhine-Westphalia,Rolling Stock Components,Shipped,11768.47,38
ORD-101056,2025-04-26 03:02:54.994999,Baden-Württemberg,Electrification,Received,11925.21,30
ORD-101057,2025-04-26 05:39:54.478895,Saxony,Rail Automation,In Progress,5158.64,33
ORD-101058,2025-04-26 08:16:53.962792,Baden-Württemberg,Signaling Systems,Delivered,7153.44,21
ORD-101059,2025-04-26 10:53:53.446689,Lower Saxony,Service Parts,Received,7007.8,2
ORD-101060,2025-04-26 13:30:52.930586,Bavaria,Rolling Stock Components,Delivered,1302.29,13
ORD-101061,2025-04-26 16:07:52.414482,Bavaria,Rail Automation,Shipped,15927.58,2
ORD-101062,2025-04-26 18:44:51.898379,Saxony,Service Parts,Delivered,783.51,43
ORD-101063,2025-04-26 21:21:51.382276,Bavaria,Service Parts,Delivered,10758.0,31
ORD-101064,2025-04-26 23:58:50.866173,Bavaria,Electrification,Shipped,6592.55,10
ORD-101065,2025-04-27 02:35:50.350070,Saxony,Electrification,Delivered,3594.94,23
ORD-101066,2025-04-27 05:12:49.833966,Saxony,Rail Automation,Shipped,7557.6,22
ORD-101067,2025-04-27 07:49:49.317863,Lower Saxony,Service Parts,Delivered,7788.68,29
ORD-101068,2025-04-27 10:26:48.801760,Bavaria,Electrification,In Progress,1166.1,33
ORD-101069,2025-04-27 13:03:48.285657,Bavaria,Rolling Stock Components,Cancelled,23335.68,31
ORD-101070,2025-04-27 15:40:47.769553,Lower Saxony,Rolling Stock Components,Shipped,5320.66,14
ORD-101071,2025-04-27 18:17:47.253450,North Rhine-Westphalia,Service Parts,Shipped,62705.57,10
ORD-101072,2025-04-27 20:54:46.737347,North Rhine-Westphalia,Electrification,Delivered,11716.44,18
ORD-101073,2025-04-27 23:31:46.221244,North Rhine-Westphalia,Rail Automation,Shipped,5189.21,11
ORD-101074,2025-04-28 02:08:45.705141,Lower Saxony,Rail Automation,Delivered,2300.67,39
ORD-101075,2025-04-28 04:45:45.189037,Bavaria,Rail Automation,Delivered,4350.63,3
ORD-101076,2025-04-28 07:22:44.672934,Lower Saxony,Rolling Stock Components,Delivered,5795.37,2
ORD-101077,2025-04-28 09:59:44.156831,Lower Saxony,Electrification,In Progress,24636.22,8
ORD-101078,2025-04-28 12:36:43.640728,North Rhine-Westphalia,Electrification,Delivered,18945.58,31
ORD-101079,2025-04-28 15:13:43.124624,Baden-Württemberg,Rolling Stock Components,Delivered,8075.88,8
ORD-101080,2025-04-28 17:50:42.608521,Bavaria,Rail Automation,In Progress,34410.27,43
ORD-101081,2025-04-28 20:27:42.092418,North Rhine-Westphalia,Rail Automation,In Progress,534.96,2
ORD-101082,2025-04-28 23:04:41.576315,Baden-Württemberg,Service Parts,Shipped,8176.88,22
ORD-101083,2025-04-29 01:41:41.060212,Baden-Württemberg,Signaling Systems,Cancelled,19559.51,5
ORD-101084,2025-04-29 04:18:40.544108,Saxony,Electrification,Shipped,8974.85,7
ORD-101085,2025-04-29 06:55:40.028005,Bavaria,Electrification,Delivered,1134.46,20
ORD-101086,2025-04-29 09:32:39.511902,Baden-Württemberg,Electrification,Received,22660.7,28
ORD-101087,2025-04-29 12:09:38.995799,North Rhine-Westphalia,Signaling Systems,Shipped,11355.79,13
ORD-101088,2025-04-29 14:46:38.479695,Saxony,Service Parts,Delivered,7167.51,2
ORD-101089,2025-04-29 17:23:37.963592,Bavaria,Signaling Systems,Cancelled,5416.44,32
ORD-101090,2025-04-29 20:00:37.447489,Lower Saxony,Rail Automation,Delivered,44049.63,26
ORD-101091,2025-04-29 22:37:36.931386,North Rhine-Westphalia,Rail Automation,Delivered,8014.19,3
ORD-101092,2025-04-30 01:14:36.415283,Baden-Württemberg,Electrification,Delivered,3766.45,41
ORD-101093,2025-04-30 03:51:35.899179,Baden-Württemberg,Rolling Stock Components,Received,2013.21,42
ORD-101094,2025-04-30 06:28:35.383076,North Rhine-Westphalia,Electrification,Shipped,11308.18,13
ORD-101095,2025-04-30 09:05:34.866973,Baden-Württemberg,Rolling Stock Components,Delivered,14542.88,21
ORD-101096,2025-04-30 11:42:34.350870,Saxony,Signaling Systems,Cancelled,5230.0,37
ORD-101097,2025-04-30 14:19:33.834766,Bavaria,Rail Automation,Delivered,2660.96,23
ORD-101098,2025-04-30 16:56:33.318663,Saxony,Rolling Stock Components,In Progress,21227.7,7
ORD-101099,2025-04-30 19:33:32.802560,Baden-Württemberg,Signaling Systems,In Progress,1851.67,17
ORD-101100,2025-04-30 22:10:32.286457,Lower Saxony,Rail Automation,In Progress,,28
ORD-101101,2025-05-01 00:47:31.770354,Bavaria,Rolling Stock Components,Delivered,2190.78,30
ORD-101102,2025-05-01 03:24:31.254250,Bavaria,Electrification,Delivered,1204.56,5
ORD-101103,2025-05-01 06:01:30.738147,North Rhine-Westphalia,Electrification,Delivered,1386.58,24
ORD-101104,2025-05-01 08:38:30.222044,North Rhine-Westphalia,Electrification,Shipped,1449.98,7
ORD-101105,2025-05-01 11:15:29.705941,Lower Saxony,Signaling Systems,Delivered,3788.57,34
ORD-101106,2025-05-01 13:52:29.189837,Bavaria,Electrification,Delivered,2936.61,42
ORD-101107,2025-05-01 16:29:28.673734,Lower Saxony,Service Parts,Shipped,15170.44,33
ORD-101108,2025-05-01 19:06:28.157631,North Rhine-Westphalia,Rail Automation,Delivered,12968.55,27
ORD-101109,2025-05-01 21:43:27.641528,North Rhine-Westphalia,Signaling Systems,Received,3843.5,14
ORD-101110,2025-05-02 00:20:27.125425,Bavaria,Electrification,In Progress,149301.47,19
ORD-101111,2025-05-02 02:57:26.609321,Saxony,Rail Automation,Delivered,3787.88,38
ORD-101112,2025-05-02 05:34:26.093218,Baden-Württemberg,Rolling Stock Components,Delivered,4385.82,12
ORD-101113,2025-05-02 08:11:25.577115,North Rhine-Westphalia,Electrification,Shipped,1205.73,3
ORD-101114,2025-05-02 10:48:25.061012,North Rhine-Westphalia,Rail Automation,Delivered,4498.08,7
ORD-101115,2025-05-02 13:25:24.544908,Saxony,Service Parts,Shipped,6816.77,35
ORD-101116,2025-05-02 16:02:24.028805,Saxony,Rolling Stock Components,Delivered,1335.9,25
ORD-101117,2025-05-02 18:39:23.512702,Lower Saxony,Service Parts,Delivered,2839.66,15
ORD-101118,2025-05-02 21:16:22.996599,Lower Saxony,Rail Automation,Delivered,7042.45,19
ORD-101119,2025-05-02 23:53:22.480496,Baden-Württemberg,Service Parts,Delivered,2759.16,19
ORD-101120,2025-05-03 02:30:21.964392,Baden-Württemberg,Rail Automation,In Progress,2191.68,23
ORD-101121,2025-05-03 05:07:21.448289,Bavaria,Rail Automation,Shipped,11618.41,11
ORD-101122,2025-05-03 07:44:20.932186,Lower Saxony,Service Parts,Delivered,1199.52,21
ORD-101123,2025-05-03 10:21:20.416083,North Rhine-Westphalia,Rail Automation,Shipped,1485.17,34
ORD-101124,2025-05-03 12:58:19.899979,Lower Saxony,Electrification,Delivered,5973.67,39
ORD-101125,2025-05-03 15:35:19.383876,North Rhine-Westphalia,Rail Automation,Shipped,12466.19,7
ORD-101126,2025-05-03 18:12:18.867773,Saxony,Signaling Systems,In Progress,6877.95,42
ORD-101127,2025-05-03 20:49:18.351670,Lower Saxony,Rail Automation,Shipped,3841.91,44
ORD-101128,2025-05-03 23:26:17.835567,Saxony,Signaling Systems,Cancelled,3512.46,27
ORD-101129,2025-05-04 02:03:17.319463,Baden-Württemberg,Rail Automation,In Progress,14935.35,23
ORD-101130,2025-05-04 04:40:16.803360,Baden-Württemberg,Rail Automation,Delivered,12643.54,38
ORD-101131,2025-05-04 07:17:16.287257,Bavaria,Service Parts,Shipped,5191.79,20
ORD-101132,2025-05-04 09:54:15.771154,Lower Saxony,Electrification,Received,3621.41,27
ORD-101133,2025-05-04 12:31:15.255051,Saxony,Electrification,Delivered,5109.21,8
ORD-101134,2025-05-04 15:08:14.738947,North Rhine-Westphalia,Rolling Stock Components,Delivered,2208.53,37
ORD-101135,2025-05-04 17:45:14.222844,Baden-Württemberg,Service Parts,Delivered,4166.4,3
ORD-101136,2025-05-04 20:22:13.706741,Baden-Württemberg,Service Parts,Delivered,2868.4,2
ORD-101137,2025-05-04 22:59:13.190638,North Rhine-Westphalia,Electrification,Shipped,4398.73,22
ORD-101138,2025-05-05 01:36:12.674534,Saxony,Service Parts,Received,2983.78,6
ORD-101139,2025-05-05 04:13:12.158431,Saxony,Electrification,Delivered,8745.96,39
ORD-101140,2025-05-05 06:50:11.642328,Lower Saxony,Service Parts,Shipped,12091.35,40
ORD-101141,2025-05-05 09:27:11.126225,Lower Saxony,Rail Automation,Delivered,3236.71,36
ORD-101142,2025-05-05 12:04:10.610122,Bavaria,Electrification,Delivered,2012.1,44
ORD-101143,2025-05-05 14:41:10.094018,Baden-Württemberg,Electrification,Shipped,10751.32,24
ORD-101144,2025-05-05 17:18:09.577915,Lower Saxony,Signaling Systems,Delivered,6022.36,12
ORD-101145,2025-05-05 19:55:09.061812,Saxony,Service Parts,In Progress,3283.25,17
ORD-101146,2025-05-05 22:32:08.545709,North Rhine-Westphalia,Service Parts,Shipped,22317.07,22
ORD-101147,2025-05-06 01:09:08.029605,Saxony,Electrification,In Progress,2639.81,19
ORD-101148,2025-05-06 03:46:07.513502,Baden-Württemberg,Rail Automation,Delivered,548.82,9
ORD-101149,2025-05-06 06:23:06.997399,Saxony,Rail Automation,In Progress,2255.77,12
ORD-101150,2025-05-06 09:00:06.481296,Bavaria,Rail Automation,Delivered,29150.18,32
ORD-101151,2025-05-06 11:37:05.965193,Baden-Württemberg,Service Parts,Delivered,3465.2,31
ORD-101152,2025-05-06 14:14:05.449089,North Rhine-Westphalia,Signaling Systems,Delivered,2787.82,17
ORD-101153,2025-05-06 16:51:04.932986,Bavaria,Electrification,Delivered,,23
ORD-101154,2025-05-06 19:28:04.416883,Baden-Württemberg,Rolling Stock Components,Delivered,14945.56,10
ORD-101155,2025-05-06 22:05:03.900780,North Rhine-Westphalia,Signaling Systems,Shipped,4486.42,30
ORD-101156,2025-05-07 00:42:03.384676,Bavaria,Rolling Stock Components,Delivered,9418.98,19
ORD-101157,2025-05-07 03:19:02.868573,Bavaria,Signaling Systems,Delivered,3991.04,26
ORD-101158,2025-05-07 05:56:02.352470,Baden-Württemberg,Rail Automation,Cancelled,9500.81,26
ORD-101159,2025-05-07 08:33:01.836367,Lower Saxony,Service Parts,Delivered,5992.65,11
ORD-101160,2025-05-07 11:10:01.320264,Bavaria,Rolling Stock Components,Delivered,3172.29,20
ORD-101161,2025-05-07 13:47:00.804160,Bavaria,Signaling Systems,Delivered,6528.3,4
ORD-101162,2025-05-07 16:24:00.288057,North Rhine-Westphalia,Service Parts,Delivered,2706.03,12
ORD-101163,2025-05-07 19:00:59.771954,Saxony,Rolling Stock Components,Delivered,1079.22,25
ORD-101164,2025-05-07 21:37:59.255851,Baden-Württemberg,Electrification,Delivered,4808.42,10
ORD-101165,2025-05-08 00:14:58.739747,Baden-Württemberg,Signaling Systems,Shipped,1189.98,22
ORD-101166,2025-05-08 02:51:58.223644,Lower Saxony,Electrification,Cancelled,9482.21,7
ORD-101167,2025-05-08 05:28:57.707541,Lower Saxony,Rail Automation,Shipped,4716.21,24
ORD-101168,2025-05-08 08:05:57.191438,Baden-Württemberg,Electrification,Delivered,23520.35,2
ORD-101169,2025-05-08 10:42:56.675335,Lower Saxony,Electrification,Delivered,3417.75,32
ORD-101170,2025-05-08 13:19:56.159231,North Rhine-Westphalia,Signaling Systems,Cancelled,4807.68,21
ORD-101171,2025-05-08 15:56:55.643128,Baden-Württemberg,Rail Automation,In Progress,975.95,7
ORD-101172,2025-05-08 18:33:55.127025,Lower Saxony,Electrification,Delivered,1458.99,8
ORD-101173,2025-05-08 21:10:54.610922,Baden-Württemberg,Service Parts,Delivered,775.42,38
ORD-101174,2025-05-08 23:47:54.094818,Saxony,Rolling Stock Components,Shipped,16078.58,21
ORD-101175,2025-05-09 02:24:53.578715,Bavaria,Electrification,Delivered,2964.58,8
ORD-101176,2025-05-09 05:01:53.062612,Baden-Württemberg,Rail Automation,Delivered,21158.3,25
ORD-101177,2025-05-09 07:38:52.546509,Bavaria,Electrification,Delivered,257.58,28
ORD-101178,2025-05-09 10:15:52.030406,Lower Saxony,Rolling Stock Components,Shipped,26980.83,28
ORD-101179,2025-05-09 12:52:51.514302,Bavaria,Rail Automation,Delivered,,31
ORD-101180,2025-05-09 15:29:50.998199,Baden-Württemberg,Signaling Systems,Delivered,7142.6,36
ORD-101181,2025-05-09 18:06:50.482096,Saxony,Rail Automation,Shipped,1526.55,25
ORD-101182,2025-05-09 20:43:49.965993,Lower Saxony,Signaling Systems,In Progress,8778.13,41
ORD-101183,2025-05-09 23:20:49.449889,Baden-Württemberg,Rail Automation,Cancelled,3257.43,37
ORD-101184,2025-05-10 01:57:48.933786,Lower Saxony,Rolling Stock Components,Delivered,1321.67,38
ORD-101185,2025-05-10 04:34:48.417683,North Rhine-Westphalia,Rolling Stock Components,Delivered,1301.88,12
ORD-101186,2025-05-10 07:11:47.901580,Bavaria,Rail Automation,Shipped,1276.8,37
ORD-101187,2025-05-10 09:48:47.385477,North Rhine-Westphalia,Electrification,Shipped,7467.11,37
ORD-101188,2025-05-10 12:25:46.869373,Baden-Württemberg,Rolling Stock Components,Shipped,2442.57,31
ORD-101189,2025-05-10 15:02:46.353270,Saxony,Signaling Systems,Shipped,809.08,18
ORD-101190,2025-05-10 17:39:45.837167,Lower Saxony,Signaling Systems,Delivered,7377.79,26
ORD-101191,2025-05-10 20:16:45.321064,Bavaria,Service Parts,Delivered,450.34,6
ORD-101192,2025-05-10 22:53:44.804960,Lower Saxony,Signaling Systems,Delivered,21204.72,9
ORD-101193,2025-05-11 01:30:44.288857,Baden-Württemberg,Service Parts,In Progress,43697.74,11
ORD-101194,2025-05-11 04:07:43.772754,Lower Saxony,Rail Automation,Delivered,1160.18,31
ORD-101195,2025-05-11 06:44:43.256651,Bavaria,Rail Automation,In Progress,15641.7,2
ORD-101196,2025-05-11 09:21:42.740548,Baden-Württemberg,Rail Automation,In Progress,7215.65,29
ORD-101197,2025-05-11 11:58:42.224444,Lower Saxony,Electrification,Delivered,2835.45,42
ORD-101198,2025-05-11 14:35:41.708341,Saxony,Electrification,Delivered,2984.81,5
ORD-101199,2025-05-11 17:12:41.192238,Baden-Württemberg,Service Parts,Delivered,10096.32,23
ORD-101200,2025-05-11 19:49:40.676135,Baden-Württemberg,Signaling Systems,Shipped,4703.46,36
ORD-101201,2025-05-11 22:26:40.160032,Saxony,Signaling Systems,Delivered,283.26,7
ORD-101202,2025-05-12 01:03:39.643928,North Rhine-Westphalia,Rail Automation,Delivered,48065.3,13
ORD-101203,2025-05-12 03:40:39.127825,Bavaria,Rolling Stock Components,Delivered,7914.82,42
ORD-101204,2025-05-12 06:17:38.611722,North Rhine-Westphalia,Electrification,Shipped,4641.48,10
ORD-101205,2025-05-12 08:54:38.095619,Lower Saxony,Electrification,Cancelled,2229.95,36
ORD-101206,2025-05-12 11:31:37.579515,Saxony,Rail Automation,Delivered,3992.38,16
ORD-101207,2025-05-12 14:08:37.063412,North Rhine-Westphalia,Electrification,Delivered,19852.91,15
ORD-101208,2025-05-12 16:45:36.547309,Baden-Württemberg,Rail Automation,In Progress,6553.67,43
ORD-101209,2025-05-12 19:22:36.031206,Lower Saxony,Service Parts,Shipped,7427.26,19
ORD-101210,2025-05-12 21:59:35.515103,Lower Saxony,Signaling Systems,Shipped,1243.78,21
ORD-101211,2025-05-13 00:36:34.998999,North Rhine-Westphalia,Rolling Stock Components,Shipped,3345.62,35
ORD-101212,2025-05-13 03:13:34.482896,North Rhine-Westphalia,Signaling Systems,Delivered,5198.66,15
ORD-101213,2025-05-13 05:50:33.966793,Saxony,Signaling Systems,Received,10574.74,14
ORD-101214,2025-05-13 08:27:33.450690,Bavaria,Service Parts,Received,3110.7,29
ORD-101215,2025-05-13 11:04:32.934586,North Rhine-Westphalia,Electrification,Shipped,13638.55,5
ORD-101216,2025-05-13 13:41:32.418483,North Rhine-Westphalia,Rolling Stock Components,In Progress,1395.78,18
ORD-101217,2025-05-13 16:18:31.902380,Baden-Württemberg,Electrification,In Progress,5305.45,1
ORD-101218,2025-05-13 18:55:31.386277,Lower Saxony,Signaling Systems,Delivered,4414.38,27
ORD-101219,2025-05-13 21:32:30.870174,Bavaria,Rail Automation,Delivered,927.9,27
ORD-101220,2025-05-14 00:09:30.354070,Baden-Württemberg,Signaling Systems,Received,4663.5,25
ORD-101221,2025-05-14 02:46:29.837967,Saxony,Electrification,Shipped,2589.28,41
ORD-101222,2025-05-14 05:23:29.321864,Saxony,Signaling Systems,Shipped,23275.4,21
ORD-101223,2025-05-14 08:00:28.805761,North Rhine-Westphalia,Rail Automation,In Progress,3129.78,14
ORD-101224,2025-05-14 10:37:28.289657,North Rhine-Westphalia,Service Parts,Delivered,7229.73,20
ORD-101225,2025-05-14 13:14:27.773554,Saxony,Electrification,Delivered,1268.83,28
ORD-101226,2025-05-14 15:51:27.257451,North Rhine-Westphalia,Signaling Systems,Delivered,6375.55,21
ORD-101227,2025-05-14 18:28:26.741348,Bavaria,Electrification,Delivered,3113.33,23
ORD-101228,2025-05-14 21:05:26.225245,North Rhine-Westphalia,Service Parts,Received,2092.46,11
ORD-101229,2025-05-14 23:42:25.709141,Lower Saxony,Signaling Systems,Cancelled,110999.55,2
ORD-101230,2025-05-15 02:19:25.193038,North Rhine-Westphalia,Signaling Systems,Delivered,3331.59,20
ORD-101231,2025-05-15 04:56:24.676935,Baden-Württemberg,Electrification,Delivered,3892.69,24
ORD-101232,2025-05-15 07:33:24.160832,Bavaria,Electrification,Received,13255.83,25
ORD-101233,2025-05-15 10:10:23.644728,Baden-Württemberg,Rail Automation,Delivered,2110.61,37
ORD-101234,2025-05-15 12:47:23.128625,Baden-Württemberg,Service Parts,Delivered,7658.72,22
ORD-101235,2025-05-15 15:24:22.612522,Lower Saxony,Rail Automation,Delivered,8615.8,24
ORD-101236,2025-05-15 18:01:22.096419,Bavaria,Signaling Systems,Received,6432.83,15
ORD-101237,2025-05-15 20:38:21.580316,Bavaria,Electrification,Delivered,61449.64,12
ORD-101238,2025-05-15 23:15:21.064212,Bavaria,Signaling Systems,Cancelled,2029.01,31
ORD-101239,2025-05-16 01:52:20.548109,Bavaria,Signaling Systems,Delivered,26671.76,43
ORD-101240,2025-05-16 04:29:20.032006,Bavaria,Rolling Stock Components,Delivered,8261.44,31
ORD-101241,2025-05-16 07:06:19.515903,Lower Saxony,Rolling Stock Components,Delivered,13365.0,30
ORD-101242,2025-05-16 09:43:18.999799,North Rhine-Westphalia,Signaling Systems,Shipped,7153.51,41
ORD-101243,2025-05-16 12:20:18.483696,Baden-Württemberg,Electrification,Delivered,38797.27,20
ORD-101244,2025-05-16 14:57:17.967593,Bavaria,Signaling Systems,Delivered,3456.16,8
ORD-101245,2025-05-16 17:34:17.451490,North Rhine-Westphalia,Rolling Stock Components,Delivered,8492.53,44
ORD-101246,2025-05-16 20:11:16.935387,North Rhine-Westphalia,Electrification,Received,20661.35,30
ORD-101247,2025-05-16 22:48:16.419283,Baden-Württemberg,Signaling Systems,Delivered,2657.85,35
ORD-101248,2025-05-17 01:25:15.903180,Lower Saxony,Service Parts,Delivered,14771.88,21
ORD-101249,2025-05-17 04:02:15.387077,Saxony,Service Parts,Delivered,4815.03,40
ORD-101250,2025-05-17 06:39:14.870974,Saxony,Signaling Systems,Delivered,1263.48,28
ORD-101251,2025-05-17 09:16:14.354870,North Rhine-Westphalia,Electrification,Delivered,995.51,39
ORD-101252,2025-05-17 11:53:13.838767,Baden-Württemberg,Signaling Systems,Delivered,4447.5,17
ORD-101253,2025-05-17 14:30:13.322664,Saxony,Signaling Systems,Received,14617.48,-12
ORD-101254,2025-05-17 17:07:12.806561,North Rhine-Westphalia,Rolling Stock Components,Shipped,499.26,18
ORD-101255,2025-05-17 19:44:12.290458,Lower Saxony,Service Parts,Received,6127.21,28
ORD-101256,2025-05-17 22:21:11.774354,Saxony,Rolling Stock Components,Shipped,13116.35,3
ORD-101257,2025-05-18 00:58:11.258251,North Rhine-Westphalia,Rolling Stock Components,Delivered,1205.02,15
ORD-101258,2025-05-18 03:35:10.742148,North Rhine-Westphalia,Signaling Systems,Delivered,2447.05,16
ORD-101259,2025-05-18 06:12:10.226045,Bavaria,Rolling Stock Components,Delivered,9224.37,22
ORD-101260,2025-05-18 08:49:09.709941,Lower Saxony,Service Parts,In Progress,,31
ORD-101261,2025-05-18 11:26:09.193838,Bavaria,Rolling Stock Components,Received,28695.86,31
ORD-101262,2025-05-18 14:03:08.677735,Baden-Württemberg,Service Parts,Delivered,2578.66,1
ORD-101263,2025-05-18 16:40:08.161632,Bavaria,Rolling Stock Components,Delivered,2003.93,11
ORD-101264,2025-05-18 19:17:07.645529,Bavaria,Service Parts,Shipped,30271.26,6
ORD-101265,2025-05-18 21:54:07.129425,Saxony,Rolling Stock Components,Delivered,2142.15,23
ORD-101266,2025-05-19 00:31:06.613322,North Rhine-Westphalia,Rolling Stock Components,Delivered,8587.08,9
ORD-101267,2025-05-19 03:08:06.097219,Lower Saxony,Electrification,Shipped,54253.69,16
ORD-101268,2025-05-19 05:45:05.581116,Bavaria,Service Parts,Delivered,11248.38,38
ORD-101269,2025-05-19 08:22:05.065013,Lower Saxony,Service Parts,Shipped,11632.95,44
ORD-101270,2025-05-19 10:59:04.548909,Bavaria,Service Parts,Delivered,20047.76,19
ORD-101271,2025-05-19 13:36:04.032806,Baden-Württemberg,Rail Automation,Delivered,8754.77,13
ORD-101272,2025-05-19 16:13:03.516703,Bavaria,Rolling Stock Components,In Progress,11694.54,32
ORD-101273,2025-05-19 18:50:03.000600,Saxony,Service Parts,Delivered,3371.63,36
ORD-101274,2025-05-19 21:27:02.484496,North Rhine-Westphalia,Rail Automation,Delivered,17605.36,9
ORD-101275,2025-05-20 00:04:01.968393,Baden-Württemberg,Electrification,Delivered,7745.21,37
ORD-101276,2025-05-20 02:41:01.452290,Bavaria,Service Parts,Shipped,966.93,31
ORD-101277,2025-05-20 05:18:00.936187,Lower Saxony,Service Parts,Received,6420.42,31
ORD-101278,2025-05-20 07:55:00.420084,Baden-Württemberg,Rail Automation,In Progress,451.87,19
ORD-101279,2025-05-20 10:31:59.903980,Baden-Württemberg,Rolling Stock Components,Delivered,10778.45,2
ORD-101280,2025-05-20 13:08:59.387877,Bavaria,Electrification,Delivered,3801.28,32
ORD-101281,2025-05-20 15:45:58.871774,Baden-Württemberg,Service Parts,Shipped,39978.93,43
ORD-101282,2025-05-20 18:22:58.355671,Lower Saxony,Rolling Stock Components,Delivered,8421.93,34
ORD-101283,2025-05-20 20:59:57.839567,Baden-Württemberg,Electrification,Delivered,13583.35,1
ORD-101284,2025-05-20 23:36:57.323464,Lower Saxony,Signaling Systems,Delivered,1549.76,21
ORD-101285,2025-05-21 02:13:56.807361,Bavaria,Signaling Systems,Delivered,10436.16,3
ORD-101286,2025-05-21 04:50:56.291258,North Rhine-Westphalia,Electrification,Delivered,2429.1,27
ORD-101287,2025-05-21 07:27:55.775155,Baden-Württemberg,Rail Automation,Delivered,16310.58,44
ORD-101288,2025-05-21 10:04:55.259051,North Rhine-Westphalia,Electrification,Delivered,1436.28,7
ORD-101289,2025-05-21 12:41:54.742948,Lower Saxony,Electrification,In Progress,5545.76,33
ORD-101290,2025-05-21 15:18:54.226845,Baden-Württemberg,Rail Automation,Shipped,1375.17,9
ORD-101291,2025-05-21 17:55:53.710742,Saxony,Rail Automation,Received,5644.24,30
ORD-101292,2025-05-21 20:32:53.194638,North Rhine-Westphalia,Rolling Stock Components,Delivered,45466.71,18
ORD-101293,2025-05-21 23:09:52.678535,Baden-Württemberg,Rolling Stock Components,In Progress,10866.01,26
ORD-101294,2025-05-22 01:46:52.162432,North Rhine-Westphalia,Rail Automation,Shipped,4741.5,20
ORD-101295,2025-05-22 04:23:51.646329,Baden-Württemberg,Signaling Systems,Delivered,327.54,38
ORD-101296,2025-05-22 07:00:51.130226,Bavaria,Signaling Systems,Shipped,2726.42,41
ORD-101297,2025-05-22 09:37:50.614122,North Rhine-Westphalia,Electrification,In Progress,8284.31,31
ORD-101298,2025-05-22 12:14:50.098019,Saxony,Service Parts,In Progress,2801.91,8
ORD-101299,2025-05-22 14:51:49.581916,Saxony,Electrification,Delivered,23620.38,23
ORD-101300,2025-05-22 17:28:49.065813,Lower Saxony,Electrification,In Progress,5317.15,25
ORD-101301,2025-05-22 20:05:48.549709,Baden-Württemberg,Service Parts,Delivered,16098.07,1
ORD-101302,2025-05-22 22:42:48.033606,North Rhine-Westphalia,Rail Automation,Delivered,6157.28,18
ORD-101303,2025-05-23 01:19:47.517503,Lower Saxony,Signaling Systems,Delivered,3627.94,19
ORD-101304,2025-05-23 03:56:47.001400,North Rhine-Westphalia,Electrification,Delivered,2926.44,42
ORD-101305,2025-05-23 06:33:46.485297,Baden-Württemberg,Service Parts,Delivered,1614.26,6
ORD-101306,2025-05-23 09:10:45.969193,Saxony,Rolling Stock Components,Received,16420.31,17
ORD-101307,2025-05-23 11:47:45.453090,Bavaria,Electrification,Shipped,3069.24,8
ORD-101308,2025-05-23 14:24:44.936987,Saxony,Signaling Systems,Shipped,8730.05,42
ORD-101309,2025-05-23 17:01:44.420884,Lower Saxony,Rail Automation,In Progress,2756.4,9
ORD-101310,2025-05-23 19:38:43.904780,Bavaria,Electrification,Shipped,1493.19,37
ORD-101311,2025-05-23 22:15:43.388677,Lower Saxony,Electrification,Shipped,9051.22,27
ORD-101312,2025-05-24 00:52:42.872574,Baden-Württemberg,Service Parts,Delivered,2161.65,36
ORD-101313,2025-05-24 03:29:42.356471,Bavaria,Rolling Stock Components,Delivered,3163.59,6
ORD-101314,2025-05-24 06:06:41.840368,Lower Saxony,Rolling Stock Components,Shipped,1244.44,6
ORD-101315,2025-05-24 08:43:41.324264,Baden-Württemberg,Rail Automation,Delivered,2857.11,4
ORD-101316,2025-05-24 11:20:40.808161,Saxony,Signaling Systems,Shipped,5046.84,22
ORD-101317,2025-05-24 13:57:40.292058,Baden-Württemberg,Rail Automation,Shipped,3582.3,40
ORD-101318,2025-05-24 16:34:39.775955,North Rhine-Westphalia,Electrification,Delivered,12088.98,27
ORD-101319,2025-05-24 19:11:39.259851,Baden-Württemberg,Electrification,Received,5767.95,37
ORD-101320,2025-05-24 21:48:38.743748,Baden-Württemberg,Rolling Stock Components,Received,146685.36,2
ORD-101321,2025-05-25 00:25:38.227645,North Rhine-Westphalia,Signaling Systems,Shipped,7837.5,9
ORD-101322,2025-05-25 03:02:37.711542,Lower Saxony,Service Parts,Delivered,728.48,11
ORD-101323,2025-05-25 05:39:37.195439,Lower Saxony,Signaling Systems,Delivered,3888.7,20
ORD-101324,2025-05-25 08:16:36.679335,Baden-Württemberg,Electrification,Received,4277.51,43
ORD-101325,2025-05-25 10:53:36.163232,North Rhine-Westphalia,Service Parts,Delivered,2502.4,39
ORD-101326,2025-05-25 13:30:35.647129,North Rhine-Westphalia,Signaling Systems,Delivered,5323.42,14
ORD-101327,2025-05-25 16:07:35.131026,Saxony,Signaling Systems,Delivered,2421.79,26
ORD-101328,2025-05-25 18:44:34.614922,Lower Saxony,Service Parts,Delivered,7087.6,38
ORD-101329,2025-05-25 21:21:34.098819,Bavaria,Electrification,Shipped,602.11,30
ORD-101330,2025-05-25 23:58:33.582716,Lower Saxony,Signaling Systems,In Progress,17301.95,36
ORD-101331,2025-05-26 02:35:33.066613,Lower Saxony,Service Parts,Delivered,866.0,38
ORD-101332,2025-05-26 05:12:32.550510,Saxony,Electrification,Delivered,3677.87,35
ORD-101333,2025-05-26 07:49:32.034406,Bavaria,Service Parts,Delivered,2195.19,6
ORD-101334,2025-05-26 10:26:31.518303,Saxony,Service Parts,Delivered,6880.95,3
ORD-101335,2025-05-26 13:03:31.002200,Bavaria,Signaling Systems,Delivered,4017.58,1
ORD-101336,2025-05-26 15:40:30.486097,Baden-Württemberg,Electrification,Delivered,6482.2,18
ORD-101337,2025-05-26 18:17:29.969993,Bavaria,Signaling Systems,Delivered,16685.77,23
ORD-101338,2025-05-26 20:54:29.453890,Saxony,Rail Automation,Delivered,11446.93,32
ORD-101339,2025-05-26 23:31:28.937787,Lower Saxony,Rail Automation,Delivered,5115.03,29
ORD-101340,2025-05-27 02:08:28.421684,Bavaria,Electrification,Received,8147.44,23
ORD-101341,2025-05-27 04:45:27.905581,Bavaria,Service Parts,Shipped,42446.86,36
ORD-101342,2025-05-27 07:22:27.389477,North Rhine-Westphalia,Signaling Systems,Delivered,11904.39,6
ORD-101343,2025-05-27 09:59:26.873374,Lower Saxony,Signaling Systems,Delivered,3558.55,17
ORD-101344,2025-05-27 12:36:26.357271,Baden-Württemberg,Electrification,Delivered,20043.31,18
ORD-101345,2025-05-27 15:13:25.841168,Saxony,Electrification,Delivered,7558.6,31
ORD-101346,2025-05-27 17:50:25.325065,Baden-Württemberg,Rail Automation,In Progress,1704.36,6
ORD-101347,2025-05-27 20:27:24.808961,Lower Saxony,Rolling Stock Components,Shipped,4028.73,34
ORD-101348,2025-05-27 23:04:24.292858,Bavaria,Electrification,Delivered,973.13,44
ORD-101349,2025-05-28 01:41:23.776755,Bavaria,Rolling Stock Components,In Progress,398.01,44
ORD-101350,2025-05-28 04:18:23.260652,Lower Saxony,Electrification,Shipped,1730.31,27
ORD-101351,2025-05-28 06:55:22.744548,Bavaria,Service Parts,Shipped,5624.23,36
ORD-101352,2025-05-28 09:32:22.228445,Bavaria,Service Parts,Shipped,5642.37,42
ORD-101353,2025-05-28 12:09:21.712342,Bavaria,Rail Automation,Delivered,1040.3,25
ORD-101354,2025-05-28 14:46:21.196239,Saxony,Rail Automation,Shipped,359.01,10
ORD-101355,2025-05-28 17:23:20.680136,Saxony,Rolling Stock Components,Delivered,24781.15,39
ORD-101356,2025-05-28 20:00:20.164032,North Rhine-Westphalia,Electrification,Received,5457.92,39
ORD-101357,2025-05-28 22:37:19.647929,Baden-Württemberg,Signaling Systems,Delivered,27208.46,12
ORD-101358,2025-05-29 01:14:19.131826,Lower Saxony,Rail Automation,Shipped,25551.47,11
ORD-101359,2025-05-29 03:51:18.615723,Lower Saxony,Signaling Systems,Delivered,11027.87,43
ORD-101360,2025-05-29 06:28:18.099619,Lower Saxony,Signaling Systems,Delivered,5245.14,3
ORD-101361,2025-05-29 09:05:17.583516,North Rhine-Westphalia,Electrification,In Progress,3173.48,22
ORD-101362,2025-05-29 11:42:17.067413,Saxony,Rolling Stock Components,Delivered,10834.13,4
ORD-101363,2025-05-29 14:19:16.551310,North Rhine-Westphalia,Electrification,Delivered,4122.26,8
ORD-101364,2025-05-29 16:56:16.035207,Lower Saxony,Rail Automation,Shipped,2569.38,14
ORD-101365,2025-05-29 19:33:15.519103,Baden-Württemberg,Signaling Systems,In Progress,488.97,20
ORD-101366,2025-05-29 22:10:15.003000,Bavaria,Electrification,Delivered,4485.41,24
ORD-101367,2025-05-30 00:47:14.486897,Saxony,Electrification,Delivered,16421.36,14
ORD-101368,2025-05-30 03:24:13.970794,Saxony,Electrification,In Progress,19638.52,28
ORD-101369,2025-05-30 06:01:13.454690,North Rhine-Westphalia,Rail Automation,Shipped,5211.41,16
ORD-101370,2025-05-30 08:38:12.938587,Saxony,Rolling Stock Components,Delivered,1849.03,32
ORD-101371,2025-05-30 11:15:12.422484,Lower Saxony,Electrification,Delivered,13266.78,12
ORD-101372,2025-05-30 13:52:11.906381,Lower Saxony,Rail Automation,Delivered,4832.4,16
ORD-101373,2025-05-30 16:29:11.390278,North Rhine-Westphalia,Signaling Systems,Shipped,3287.09,19
ORD-101374,2025-05-30 19:06:10.874174,Lower Saxony,Service Parts,Delivered,990.78,5
ORD-101375,2025-05-30 21:43:10.358071,Baden-Württemberg,Rail Automation,Shipped,49718.76,12
ORD-101376,2025-05-31 00:20:09.841968,North Rhine-Westphalia,Service Parts,In Progress,11072.7,29
ORD-101377,2025-05-31 02:57:09.325865,Baden-Württemberg,Electrification,Delivered,12467.41,5
ORD-101378,2025-05-31 05:34:08.809761,Bavaria,Electrification,Cancelled,1902.47,42
ORD-101379,2025-05-31 08:11:08.293658,Baden-Württemberg,Rail Automation,Shipped,5365.39,17
ORD-101380,2025-05-31 10:48:07.777555,Bavaria,Service Parts,Delivered,,8
ORD-101381,2025-05-31 13:25:07.261452,Bavaria,Electrification,Delivered,11617.92,40
ORD-101382,2025-05-31 16:02:06.745349,Baden-Württemberg,Signaling Systems,Delivered,21931.74,40
ORD-101383,2025-05-31 18:39:06.229245,North Rhine-Westphalia,Rolling Stock Components,Delivered,1014.71,30
ORD-101384,2025-05-31 21:16:05.713142,Lower Saxony,Rolling Stock Components,Delivered,1506.97,10
ORD-101385,2025-05-31 23:53:05.197039,Lower Saxony,Electrification,Received,9999.71,20
ORD-101386,2025-06-01 02:30:04.680936,Bavaria,Service Parts,Cancelled,2810.64,16
ORD-101387,2025-06-01 05:07:04.164832,Bavaria,Electrification,Delivered,12044.48,41
ORD-101388,2025-06-01 07:44:03.648729,North Rhine-Westphalia,Service Parts,Delivered,3260.5,16
ORD-101389,2025-06-01 10:21:03.132626,Saxony,Signaling Systems,Delivered,1244.32,42
ORD-101390,2025-06-01 12:58:02.616523,Baden-Württemberg,Service Parts,Delivered,709.61,3
ORD-101391,2025-06-01 15:35:02.100420,Bavaria,Electrification,In Progress,8371.1,23
ORD-101392,2025-06-01 18:12:01.584316,Lower Saxony,Signaling Systems,Shipped,8599.98,22
ORD-101393,2025-06-01 20:49:01.068213,North Rhine-Westphalia,Rail Automation,Delivered,14288.89,28
ORD-101394,2025-06-01 23:26:00.552110,Baden-Württemberg,Rolling Stock Components,In Progress,7049.14,36
ORD-101395,2025-06-02 02:03:00.036007,North Rhine-Westphalia,Electrification,Received,78.79,4
ORD-101396,2025-06-02 04:39:59.519903,Baden-Württemberg,Electrification,Delivered,8550.78,38
ORD-101397,2025-06-02 07:16:59.003800,Baden-Württemberg,Electrification,Delivered,989.1,24
ORD-101398,2025-06-02 09:53:58.487697,Bavaria,Signaling Systems,In Progress,629.87,19
ORD-101399,2025-06-02 12:30:57.971594,North Rhine-Westphalia,Rail Automation,Delivered,551.71,11
ORD-101400,2025-06-02 15:07:57.455491,North Rhine-Westphalia,Service Parts,Delivered,498.59,40
ORD-101401,2025-06-02 17:44:56.939387,Lower Saxony,Rail Automation,Delivered,6680.02,40
ORD-101402,2025-06-02 20:21:56.423284,Lower Saxony,Signaling Systems,Delivered,2198.87,39
ORD-101403,2025-06-02 22:58:55.907181,Bavaria,Electrification,Shipped,924.25,18
ORD-101404,2025-06-03 01:35:55.391078,Bavaria,Rolling Stock Components,In Progress,5041.16,12
ORD-101405,2025-06-03 04:12:54.874974,Saxony,Electrification,Shipped,1456.04,14
ORD-101406,2025-06-03 06:49:54.358871,Lower Saxony,Service Parts,Delivered,14460.53,18
ORD-101407,2025-06-03 09:26:53.842768,Baden-Württemberg,Rolling Stock Components,Delivered,24227.44,44
ORD-101408,2025-06-03 12:03:53.326665,North Rhine-Westphalia,Electrification,Delivered,3868.56,42
ORD-101409,2025-06-03 14:40:52.810562,Bavaria,Rolling Stock Components,Delivered,22359.39,12
ORD-101410,2025-06-03 17:17:52.294458,North Rhine-Westphalia,Rail Automation,Delivered,22318.02,40
ORD-101411,2025-06-03 19:54:51.778355,North Rhine-Westphalia,Signaling Systems,Delivered,5394.14,27
ORD-101412,2025-06-03 22:31:51.262252,Saxony,Electrification,In Progress,33083.79,6
ORD-101413,2025-06-04 01:08:50.746149,Lower Saxony,Service Parts,Received,2480.39,24
ORD-101414,2025-06-04 03:45:50.230046,Bavaria,Rail Automation,Delivered,572.05,33
ORD-101415,2025-06-04 06:22:49.713942,North Rhine-Westphalia,Electrification,Received,889.08,16
ORD-101416,2025-06-04 08:59:49.197839,Bavaria,Rail Automation,In Progress,2357.95,12
ORD-101417,2025-06-04 11:36:48.681736,Baden-Württemberg,Service Parts,Delivered,8846.1,31
ORD-101418,2025-06-04 14:13:48.165633,Saxony,Electrification,Shipped,1379.8,37
ORD-101419,2025-06-04 16:50:47.649529,Baden-Württemberg,Service Parts,Delivered,2336.99,13
ORD-101420,2025-06-04 19:27:47.133426,Bavaria,Rolling Stock Components,Shipped,1243.36,8
ORD-101421,2025-06-04 22:04:46.617323,Bavaria,Service Parts,Received,2396.6,38
ORD-101422,2025-06-05 00:41:46.101220,Lower Saxony,Rolling Stock Components,Shipped,21525.22,3
ORD-101423,2025-06-05 03:18:45.585117,North Rhine-Westphalia,Electrification,Delivered,7283.26,20
ORD-101424,2025-06-05 05:55:45.069013,North Rhine-Westphalia,Rolling Stock Components,Shipped,2605.32,4
ORD-101425,2025-06-05 08:32:44.552910,Baden-Württemberg,Electrification,Delivered,18817.04,44
ORD-101426,2025-06-05 11:09:44.036807,Saxony,Electrification,Delivered,5055.5,2
ORD-101427,2025-06-05 13:46:43.520704,North Rhine-Westphalia,Signaling Systems,Delivered,5693.16,36
ORD-101428,2025-06-05 16:23:43.004600,Lower Saxony,Electrification,Shipped,17275.64,23
ORD-101429,2025-06-05 19:00:42.488497,Baden-Württemberg,Rolling Stock Components,Delivered,3371.51,19
ORD-101430,2025-06-05 21:37:41.972394,Baden-Württemberg,Signaling Systems,Delivered,13465.21,40
ORD-101431,2025-06-06 00:14:41.456291,Lower Saxony,Signaling Systems,Delivered,12449.32,8
ORD-101432,2025-06-06 02:51:40.940188,Saxony,Electrification,Cancelled,4187.67,16
ORD-101433,2025-06-06 05:28:40.424084,Lower Saxony,Service Parts,In Progress,1058.05,43
ORD-101434,2025-06-06 08:05:39.907981,Saxony,Service Parts,Delivered,4983.86,18
ORD-101435,2025-06-06 10:42:39.391878,Lower Saxony,Signaling Systems,Shipped,17171.02,36
ORD-101436,2025-06-06 13:19:38.875775,Lower Saxony,Electrification,Received,12109.49,24
ORD-101437,2025-06-06 15:56:38.359671,Bavaria,Service Parts,Received,32250.07,1
ORD-101438,2025-06-06 18:33:37.843568,Baden-Württemberg,Electrification,Delivered,2865.68,1
ORD-101439,2025-06-06 21:10:37.327465,Lower Saxony,Electrification,Delivered,11582.27,36
ORD-101440,2025-06-06 23:47:36.811362,Lower Saxony,Signaling Systems,Received,1624.71,11
ORD-101441,2025-06-07 02:24:36.295259,North Rhine-Westphalia,Signaling Systems,Delivered,6134.86,18
ORD-101442,2025-06-07 05:01:35.779155,Baden-Württemberg,Rail Automation,Shipped,16580.02,16
ORD-101443,2025-06-07 07:38:35.263052,North Rhine-Westphalia,Service Parts,Delivered,13320.6,17
ORD-101444,2025-06-07 10:15:34.746949,Baden-Württemberg,Service Parts,Shipped,5504.83,24
ORD-101445,2025-06-07 12:52:34.230846,North Rhine-Westphalia,Service Parts,In Progress,3659.72,34
ORD-101446,2025-06-07 15:29:33.714742,Lower Saxony,Rolling Stock Components,Shipped,1645.31,4
ORD-101447,2025-06-07 18:06:33.198639,Lower Saxony,Electrification,In Progress,3833.94,35
ORD-101448,2025-06-07 20:43:32.682536,Bavaria,Signaling Systems,Delivered,1163.02,15
ORD-101449,2025-06-07 23:20:32.166433,North Rhine-Westphalia,Service Parts,In Progress,3369.39,2
ORD-101450,2025-06-08 01:57:31.650330,Saxony,Rail Automation,Delivered,673.95,31
ORD-101451,2025-06-08 04:34:31.134226,Bavaria,Service Parts,In Progress,1152.24,9
ORD-101452,2025-06-08 07:11:30.618123,North Rhine-Westphalia,Electrification,Delivered,12557.66,10
ORD-101453,2025-06-08 09:48:30.102020,North Rhine-Westphalia,Electrification,Delivered,11109.25,25
ORD-101454,2025-06-08 12:25:29.585917,Bavaria,Signaling Systems,In Progress,3576.96,5
ORD-101455,2025-06-08 15:02:29.069813,Lower Saxony,Rolling Stock Components,Delivered,5277.7,14
ORD-101456,2025-06-08 17:39:28.553710,North Rhine-Westphalia,Signaling Systems,Received,6116.74,42
ORD-101457,2025-06-08 20:16:28.037607,Lower Saxony,Service Parts,Delivered,8154.79,38
ORD-101458,2025-06-08 22:53:27.521504,Bavaria,Rail Automation,Shipped,7249.21,40
ORD-101459,2025-06-09 01:30:27.005401,Lower Saxony,Signaling Systems,Delivered,1129.52,2
ORD-101460,2025-06-09 04:07:26.489297,Baden-Württemberg,Rolling Stock Components,Delivered,334.49,18
ORD-101461,2025-06-09 06:44:25.973194,Saxony,Signaling Systems,Delivered,1605.87,29
ORD-101462,2025-06-09 09:21:25.457091,North Rhine-Westphalia,Electrification,Delivered,4147.4,20
ORD-101463,2025-06-09 11:58:24.940988,Saxony,Service Parts,Delivered,14132.07,8
ORD-101464,2025-06-09 14:35:24.424884,Lower Saxony,Service Parts,Shipped,6360.08,37
ORD-101465,2025-06-09 17:12:23.908781,North Rhine-Westphalia,Service Parts,Delivered,8846.83,26
ORD-101466,2025-06-09 19:49:23.392678,Lower Saxony,Service Parts,Delivered,1832.49,37
ORD-101467,2025-06-09 22:26:22.876575,Baden-Württemberg,Service Parts,Shipped,4546.89,4
ORD-101468,2025-06-10 01:03:22.360472,Bavaria,Service Parts,Delivered,5281.86,33
ORD-101469,2025-06-10 03:40:21.844368,North Rhine-Westphalia,Rail Automation,Shipped,2140.42,22
ORD-101470,2025-06-10 06:17:21.328265,Baden-Württemberg,Rolling Stock Components,Delivered,1515.47,6
ORD-101471,2025-06-10 08:54:20.812162,Baden-Württemberg,Service Parts,Delivered,3830.13,33
ORD-101472,2025-06-10 11:31:20.296059,North Rhine-Westphalia,Rolling Stock Components,In Progress,10171.65,28
ORD-101473,2025-06-10 14:08:19.779955,Lower Saxony,Service Parts,Delivered,1816.29,24
ORD-101474,2025-06-10 16:45:19.263852,Baden-Württemberg,Signaling Systems,Shipped,3908.81,4
ORD-101475,2025-06-10 19:22:18.747749,Saxony,Service Parts,Shipped,21817.96,2
ORD-101476,2025-06-10 21:59:18.231646,Baden-Württemberg,Electrification,Shipped,2775.88,13
ORD-101477,2025-06-11 00:36:17.715543,Lower Saxony,Rail Automation,Delivered,4954.3,11
ORD-101478,2025-06-11 03:13:17.199439,Lower Saxony,Signaling Systems,In Progress,4375.26,35
ORD-101479,2025-06-11 05:50:16.683336,Saxony,Signaling Systems,Received,3997.52,39
ORD-101480,2025-06-11 08:27:16.167233,Baden-Württemberg,Electrification,Delivered,30801.73,10
ORD-101481,2025-06-11 11:04:15.651130,Lower Saxony,Service Parts,In Progress,6879.69,43
ORD-101482,2025-06-11 13:41:15.135027,North Rhine-Westphalia,Rail Automation,In Progress,873.75,10
ORD-101483,2025-06-11 16:18:14.618923,Bavaria,Signaling Systems,In Progress,26403.76,8
ORD-101484,2025-06-11 18:55:14.102820,Bavaria,Rail Automation,Shipped,6649.49,5
ORD-101485,2025-06-11 21:32:13.586717,Bavaria,Signaling Systems,Delivered,3258.65,23
ORD-101486,2025-06-12 00:09:13.070614,Baden-Württemberg,Service Parts,Received,21685.23,34
ORD-101487,2025-06-12 02:46:12.554510,Saxony,Signaling Systems,Cancelled,2086.91,32
ORD-101488,2025-06-12 05:23:12.038407,Lower Saxony,Signaling Systems,Delivered,32443.98,16
ORD-101489,2025-06-12 08:00:11.522304,North Rhine-Westphalia,Rolling Stock Components,Shipped,5445.98,4
ORD-101490,2025-06-12 10:37:11.006201,North Rhine-Westphalia,Service Parts,Shipped,14855.34,28
ORD-101491,2025-06-12 13:14:10.490098,Baden-Württemberg,Electrification,Shipped,143523.25,44
ORD-101492,2025-06-12 15:51:09.973994,Bavaria,Electrification,Delivered,5991.52,14
ORD-101493,2025-06-12 18:28:09.457891,Baden-Württemberg,Service Parts,In Progress,,12
ORD-101494,2025-06-12 21:05:08.941788,Saxony,Electrification,In Progress,1519.7,21
ORD-101495,2025-06-12 23:42:08.425685,Saxony,Service Parts,Delivered,4304.31,16
ORD-101496,2025-06-13 02:19:07.909581,Lower Saxony,Electrification,Shipped,1572.17,44
ORD-101497,2025-06-13 04:56:07.393478,Lower Saxony,Rolling Stock Components,Shipped,4001.14,2
ORD-101498,2025-06-13 07:33:06.877375,Saxony,Electrification,Delivered,118676.02,23
ORD-101499,2025-06-13 10:10:06.361272,Saxony,Signaling Systems,Delivered,5605.8,29
ORD-101500,2025-06-13 12:47:05.845169,Saxony,Service Parts,Shipped,2672.97,43
ORD-101501,2025-06-13 15:24:05.329065,Baden-Württemberg,Rail Automation,Delivered,3902.26,9
ORD-101502,2025-06-13 18:01:04.812962,Saxony,Rail Automation,Received,3124.22,7
ORD-101503,2025-06-13 20:38:04.296859,North Rhine-Westphalia,Service Parts,Delivered,15572.19,29
ORD-101504,2025-06-13 23:15:03.780756,Bavaria,Rolling Stock Components,Delivered,4450.42,44
ORD-101505,2025-06-14 01:52:03.264652,Saxony,Electrification,Delivered,28847.45,17
ORD-101506,2025-06-14 04:29:02.748549,Bavaria,Rolling Stock Components,Cancelled,3471.32,9
ORD-101507,2025-06-14 07:06:02.232446,Baden-Württemberg,Rail Automation,Delivered,3726.64,6
ORD-101508,2025-06-14 09:43:01.716343,Bavaria,Service Parts,Delivered,1832.68,44
ORD-101509,2025-06-14 12:20:01.200240,Baden-Württemberg,Service Parts,Delivered,3223.68,20
ORD-101510,2025-06-14 14:57:00.684136,North Rhine-Westphalia,Rolling Stock Components,Shipped,,10
ORD-101511,2025-06-14 17:34:00.168033,Baden-Württemberg,Rolling Stock Components,Delivered,472.11,9
ORD-101512,2025-06-14 20:10:59.651930,Baden-Württemberg,Electrification,Delivered,9770.67,12
ORD-101513,2025-06-14 22:47:59.135827,Lower Saxony,Signaling Systems,Delivered,720.55,33
ORD-101514,2025-06-15 01:24:58.619723,Saxony,Signaling Systems,In Progress,7681.44,32
ORD-101515,2025-06-15 04:01:58.103620,Saxony,Electrification,Delivered,2834.03,34
ORD-101516,2025-06-15 06:38:57.587517,North Rhine-Westphalia,Signaling Systems,Delivered,13814.61,19
ORD-101517,2025-06-15 09:15:57.071414,North Rhine-Westphalia,Rail Automation,Cancelled,738.23,33
ORD-101518,2025-06-15 11:52:56.555311,Saxony,Signaling Systems,Delivered,9490.78,16
ORD-101519,2025-06-15 14:29:56.039207,Lower Saxony,Electrification,Shipped,7078.09,23
ORD-101520,2025-06-15 17:06:55.523104,Saxony,Signaling Systems,In Progress,7322.94,26
ORD-101521,2025-06-15 19:43:55.007001,Lower Saxony,Service Parts,In Progress,16920.63,44
ORD-101522,2025-06-15 22:20:54.490898,North Rhine-Westphalia,Rolling Stock Components,Shipped,5309.83,41
ORD-101523,2025-06-16 00:57:53.974794,Bavaria,Rail Automation,Delivered,332.75,37
ORD-101524,2025-06-16 03:34:53.458691,North Rhine-Westphalia,Service Parts,Delivered,8054.76,9
ORD-101525,2025-06-16 06:11:52.942588,North Rhine-Westphalia,Service Parts,Delivered,6985.84,30
ORD-101526,2025-06-16 08:48:52.426485,Baden-Württemberg,Electrification,Delivered,3755.26,13
ORD-101527,2025-06-16 11:25:51.910382,Baden-Württemberg,Rolling Stock Components,Received,1947.01,42
ORD-101528,2025-06-16 14:02:51.394278,Baden-Württemberg,Rolling Stock Components,In Progress,3304.33,16
ORD-101529,2025-06-16 16:39:50.878175,Baden-Württemberg,Rail Automation,Received,24437.3,2
ORD-101530,2025-06-16 19:16:50.362072,Lower Saxony,Electrification,Shipped,1786.66,31
ORD-101531,2025-06-16 21:53:49.845969,Saxony,Rail Automation,Delivered,724.55,43
ORD-101532,2025-06-17 00:30:49.329865,Bavaria,Signaling Systems,Received,977.41,19
ORD-101533,2025-06-17 03:07:48.813762,North Rhine-Westphalia,Service Parts,Shipped,4727.61,11
ORD-101534,2025-06-17 05:44:48.297659,Lower Saxony,Rail Automation,In Progress,30882.21,14
ORD-101535,2025-06-17 08:21:47.781556,Bavaria,Service Parts,Delivered,55566.5,25
ORD-101536,2025-06-17 10:58:47.265453,Lower Saxony,Electrification,Delivered,10049.26,7
ORD-101537,2025-06-17 13:35:46.749349,Lower Saxony,Signaling Systems,Delivered,1670.08,15
ORD-101538,2025-06-17 16:12:46.233246,North Rhine-Westphalia,Electrification,Shipped,1876.94,30
ORD-101539,2025-06-17 18:49:45.717143,Saxony,Signaling Systems,Cancelled,12879.87,31
ORD-101540,2025-06-17 21:26:45.201040,Baden-Württemberg,Signaling Systems,In Progress,21264.6,24
ORD-101541,2025-06-18 00:03:44.684936,Saxony,Service Parts,Delivered,2425.53,25
ORD-101542,2025-06-18 02:40:44.168833,North Rhine-Westphalia,Electrification,Delivered,23550.34,8
ORD-101543,2025-06-18 05:17:43.652730,North Rhine-Westphalia,Electrification,Delivered,3818.01,30
ORD-101544,2025-06-18 07:54:43.136627,North Rhine-Westphalia,Rail Automation,Delivered,,36
ORD-101545,2025-06-18 10:31:42.620524,Bavaria,Electrification,Shipped,17326.87,14
ORD-101546,2025-06-18 13:08:42.104420,Saxony,Rail Automation,Delivered,963.0,29
ORD-101547,2025-06-18 15:45:41.588317,Saxony,Rolling Stock Components,Received,8075.44,27
ORD-101548,2025-06-18 18:22:41.072214,Lower Saxony,Rolling Stock Components,Delivered,23659.19,36
ORD-101549,2025-06-18 20:59:40.556111,Lower Saxony,Rolling Stock Components,Shipped,2652.53,34
ORD-101550,2025-06-18 23:36:40.040008,Lower Saxony,Electrification,In Progress,1537.27,21
ORD-101551,2025-06-19 02:13:39.523904,North Rhine-Westphalia,Electrification,Delivered,8469.82,38
ORD-101552,2025-06-19 04:50:39.007801,Saxony,Rail Automation,Delivered,5691.83,11
ORD-101553,2025-06-19 07:27:38.491698,North Rhine-Westphalia,Signaling Systems,Received,3428.8,33
ORD-101554,2025-06-19 10:04:37.975595,Bavaria,Rail Automation,Delivered,4902.82,15
ORD-101555,2025-06-19 12:41:37.459491,Lower Saxony,Rolling Stock Components,Delivered,782.64,12
ORD-101556,2025-06-19 15:18:36.943388,North Rhine-Westphalia,Rail Automation,In Progress,7668.86,24
ORD-101557,2025-06-19 17:55:36.427285,North Rhine-Westphalia,Signaling Systems,Delivered,28335.13,37
ORD-101558,2025-06-19 20:32:35.911182,Bavaria,Electrification,Delivered,2239.16,11
ORD-101559,2025-06-19 23:09:35.395079,Baden-Württemberg,Rail Automation,Delivered,1975.83,19
ORD-101560,2025-06-20 01:46:34.878975,Saxony,Rolling Stock Components,Shipped,5942.1,1
ORD-101561,2025-06-20 04:23:34.362872,Baden-Württemberg,Rolling Stock Components,Shipped,112472.63,17
ORD-101562,2025-06-20 07:00:33.846769,Lower Saxony,Electrification,Delivered,16479.49,40
ORD-101563,2025-06-20 09:37:33.330666,North Rhine-Westphalia,Rail Automation,Delivered,4431.12,16
ORD-101564,2025-06-20 12:14:32.814562,Bavaria,Signaling Systems,Delivered,5133.58,26
ORD-101565,2025-06-20 14:51:32.298459,Bavaria,Electrification,Received,18374.73,43
ORD-101566,2025-06-20 17:28:31.782356,Saxony,Rail Automation,Delivered,1807.48,43
ORD-101567,2025-06-20 20:05:31.266253,Baden-Württemberg,Service Parts,Delivered,9632.68,15
ORD-101568,2025-06-20 22:42:30.750150,Saxony,Rolling Stock Components,Received,1437.7,8
ORD-101569,2025-06-21 01:19:30.234046,North Rhine-Westphalia,Signaling Systems,Cancelled,13594.3,30
ORD-101570,2025-06-21 03:56:29.717943,Saxony,Signaling Systems,Delivered,3556.92,14
ORD-101571,2025-06-21 06:33:29.201840,Bavaria,Signaling Systems,Received,6128.86,33
ORD-101572,2025-06-21 09:10:28.685737,Bavaria,Rolling Stock Components,Delivered,3311.76,42
ORD-101573,2025-06-21 11:47:28.169633,Lower Saxony,Rail Automation,Shipped,10599.43,7
ORD-101574,2025-06-21 14:24:27.653530,Lower Saxony,Electrification,Delivered,4055.58,18
ORD-101575,2025-06-21 17:01:27.137427,North Rhine-Westphalia,Rail Automation,Shipped,52773.73,12
ORD-101576,2025-06-21 19:38:26.621324,Baden-Württemberg,Electrification,Shipped,23406.16,2
ORD-101577,2025-06-21 22:15:26.105221,Saxony,Signaling Systems,Delivered,1170.61,29
ORD-101578,2025-06-22 00:52:25.589117,North Rhine-Westphalia,Rail Automation,Delivered,6066.89,21
ORD-101579,2025-06-22 03:29:25.073014,Lower Saxony,Signaling Systems,Received,11033.27,7
ORD-101580,2025-06-22 06:06:24.556911,Saxony,Service Parts,Delivered,2969.13,27
ORD-101581,2025-06-22 08:43:24.040808,Lower Saxony,Signaling Systems,In Progress,18652.29,12
ORD-101582,2025-06-22 11:20:23.524704,Saxony,Signaling Systems,Shipped,16384.91,20
ORD-101583,2025-06-22 13:57:23.008601,Baden-Württemberg,Electrification,Shipped,4483.15,14
ORD-101584,2025-06-22 16:34:22.492498,North Rhine-Westphalia,Service Parts,Delivered,14462.83,10
ORD-101585,2025-06-22 19:11:21.976395,Saxony,Signaling Systems,Shipped,346.63,41
ORD-101586,2025-06-22 21:48:21.460292,Bavaria,Signaling Systems,In Progress,21880.41,23
ORD-101587,2025-06-23 00:25:20.944188,Bavaria,Service Parts,In Progress,13031.95,30
ORD-101588,2025-06-23 03:02:20.428085,Saxony,Service Parts,Received,1485.57,31
ORD-101589,2025-06-23 05:39:19.911982,Saxony,Rail Automation,Delivered,6483.84,10
ORD-101590,2025-06-23 08:16:19.395879,Saxony,Electrification,Cancelled,529.05,19
ORD-101591,2025-06-23 10:53:18.879775,Bavaria,Service Parts,In Progress,2122.25,19
ORD-101592,2025-06-23 13:30:18.363672,Bavaria,Service Parts,Delivered,16402.73,44
ORD-101593,2025-06-23 16:07:17.847569,Saxony,Rolling Stock Components,Delivered,4845.86,23
ORD-101594,2025-06-23 18:44:17.331466,Lower Saxony,Service Parts,Delivered,4559.54,44
ORD-101595,2025-06-23 21:21:16.815363,Lower Saxony,Electrification,Delivered,5165.46,41
ORD-101596,2025-06-23 23:58:16.299259,Baden-Württemberg,Signaling Systems,Delivered,4543.38,32
ORD-101597,2025-06-24 02:35:15.783156,North Rhine-Westphalia,Signaling Systems,In Progress,14562.99,20
ORD-101598,2025-06-24 05:12:15.267053,Lower Saxony,Signaling Systems,Delivered,2487.69,4
ORD-101599,2025-06-24 07:49:14.750950,Bavaria,Signaling Systems,Delivered,7795.33,33
ORD-101600,2025-06-24 10:26:14.234846,Lower Saxony,Rolling Stock Components,Delivered,1395.38,1
ORD-101601,2025-06-24 13:03:13.718743,Baden-Württemberg,Service Parts,Delivered,11105.65,13
ORD-101602,2025-06-24 15:40:13.202640,Baden-Württemberg,Signaling Systems,Received,3451.25,3
ORD-101603,2025-06-24 18:17:12.686537,North Rhine-Westphalia,Rail Automation,Delivered,4698.1,12
ORD-101604,2025-06-24 20:54:12.170434,Lower Saxony,Signaling Systems,Delivered,3299.78,29
ORD-101605,2025-06-24 23:31:11.654330,Bavaria,Service Parts,Shipped,3792.5,31
ORD-101606,2025-06-25 02:08:11.138227,Bavaria,Signaling Systems,Shipped,1627.5,41
ORD-101607,2025-06-25 04:45:10.622124,Saxony,Rolling Stock Components,Delivered,7059.82,36
ORD-101608,2025-06-25 07:22:10.106021,Bavaria,Electrification,Delivered,9046.48,2
ORD-101609,2025-06-25 09:59:09.589917,North Rhine-Westphalia,Electrification,Delivered,1137.17,22
ORD-101610,2025-06-25 12:36:09.073814,North Rhine-Westphalia,Service Parts,Delivered,2550.28,22
ORD-101611,2025-06-25 15:13:08.557711,Bavaria,Electrification,Shipped,5079.74,41
ORD-101612,2025-06-25 17:50:08.041608,Bavaria,Electrification,In Progress,,31
ORD-101613,2025-06-25 20:27:07.525505,Saxony,Rail Automation,Received,3846.41,14
ORD-101614,2025-06-25 23:04:07.009401,Bavaria,Service Parts,Received,,29
ORD-101615,2025-06-26 01:41:06.493298,Saxony,Service Parts,Shipped,1603.62,35
ORD-101616,2025-06-26 04:18:05.977195,Saxony,Electrification,Shipped,386.29,9
ORD-101617,2025-06-26 06:55:05.461092,Bavaria,Electrification,Delivered,2543.73,32
ORD-101618,2025-06-26 09:32:04.944988,Baden-Württemberg,Electrification,Delivered,3425.57,27
ORD-101619,2025-06-26 12:09:04.428885,Baden-Württemberg,Rolling Stock Components,Received,2866.97,10
ORD-101620,2025-06-26 14:46:03.912782,Saxony,Signaling Systems,In Progress,6605.73,25
ORD-101621,2025-06-26 17:23:03.396679,Bavaria,Rolling Stock Components,Shipped,1586.22,33
ORD-101622,2025-06-26 20:00:02.880576,Baden-Württemberg,Service Parts,Delivered,1349.1,11
ORD-101623,2025-06-26 22:37:02.364472,Bavaria,Rail Automation,In Progress,2340.37,37
ORD-101624,2025-06-27 01:14:01.848369,Bavaria,Signaling Systems,In Progress,2394.11,9
ORD-101625,2025-06-27 03:51:01.332266,Bavaria,Rail Automation,Delivered,50661.68,7
ORD-101626,2025-06-27 06:28:00.816163,Lower Saxony,Service Parts,Delivered,27110.93,7
ORD-101627,2025-06-27 09:05:00.300060,Bavaria,Service Parts,In Progress,783.3,34
ORD-101628,2025-06-27 11:41:59.783956,Lower Saxony,Rail Automation,Shipped,588.28,19
ORD-101629,2025-06-27 14:18:59.267853,Saxony,Rail Automation,Shipped,4472.36,20
ORD-101630,2025-06-27 16:55:58.751750,Baden-Württemberg,Rail Automation,Delivered,40245.54,42
ORD-101631,2025-06-27 19:32:58.235647,Baden-Württemberg,Service Parts,Delivered,10226.1,25
ORD-101632,2025-06-27 22:09:57.719543,Baden-Württemberg,Electrification,In Progress,4740.16,5
ORD-101633,2025-06-28 00:46:57.203440,Baden-Württemberg,Rail Automation,Delivered,2975.95,29
ORD-101634,2025-06-28 03:23:56.687337,Baden-Württemberg,Signaling Systems,Shipped,16072.72,27
ORD-101635,2025-06-28 06:00:56.171234,Baden-Württemberg,Service Parts,Shipped,5977.68,25
ORD-101636,2025-06-28 08:37:55.655131,Baden-Württemberg,Rolling Stock Components,Shipped,33022.16,37
ORD-101637,2025-06-28 11:14:55.139027,Saxony,Rolling Stock Components,Delivered,767.8,15
ORD-101638,2025-06-28 13:51:54.622924,Bavaria,Signaling Systems,Shipped,7832.29,4
ORD-101639,2025-06-28 16:28:54.106821,North Rhine-Westphalia,Electrification,In Progress,2644.86,14
ORD-101640,2025-06-28 19:05:53.590718,Lower Saxony,Rail Automation,Shipped,7751.97,17
ORD-101641,2025-06-28 21:42:53.074614,North Rhine-Westphalia,Service Parts,Received,6476.54,21
ORD-101642,2025-06-29 00:19:52.558511,North Rhine-Westphalia,Rail Automation,Delivered,8609.6,16
ORD-101643,2025-06-29 02:56:52.042408,Bavaria,Service Parts,In Progress,14405.14,26
ORD-101644,2025-06-29 05:33:51.526305,Bavaria,Rolling Stock Components,Received,22669.41,9
ORD-101645,2025-06-29 08:10:51.010202,Bavaria,Rail Automation,Delivered,42061.81,2
ORD-101646,2025-06-29 10:47:50.494098,Baden-Württemberg,Signaling Systems,Delivered,5000.9,43
ORD-101647,2025-06-29 13:24:49.977995,Saxony,Electrification,Delivered,2706.51,15
ORD-101648,2025-06-29 16:01:49.461892,Baden-Württemberg,Signaling Systems,Delivered,1276.14,35
ORD-101649,2025-06-29 18:38:48.945789,Saxony,Electrification,In Progress,7929.74,24
ORD-101650,2025-06-29 21:15:48.429685,Saxony,Rail Automation,Delivered,12312.98,38
ORD-101651,2025-06-29 23:52:47.913582,North Rhine-Westphalia,Rail Automation,Delivered,1115.11,14
ORD-101652,2025-06-30 02:29:47.397479,North Rhine-Westphalia,Electrification,In Progress,17311.59,37
ORD-101653,2025-06-30 05:06:46.881376,Saxony,Rolling Stock Components,Delivered,4396.28,37
ORD-101654,2025-06-30 07:43:46.365273,Saxony,Service Parts,In Progress,1234.72,6
ORD-101655,2025-06-30 10:20:45.849169,Baden-Württemberg,Signaling Systems,Cancelled,1933.11,18
ORD-101656,2025-06-30 12:57:45.333066,Baden-Württemberg,Signaling Systems,Delivered,1741.38,22
ORD-101657,2025-06-30 15:34:44.816963,North Rhine-Westphalia,Signaling Systems,Delivered,1775.79,18
ORD-101658,2025-06-30 18:11:44.300860,Bavaria,Rail Automation,Delivered,9199.38,2
ORD-101659,2025-06-30 20:48:43.784756,Saxony,Signaling Systems,Delivered,12710.84,32
ORD-101660,2025-06-30 23:25:43.268653,Baden-Württemberg,Service Parts,In Progress,31858.52,17
ORD-101661,2025-07-01 02:02:42.752550,North Rhine-Westphalia,Service Parts,Shipped,2280.06,1
ORD-101662,2025-07-01 04:39:42.236447,Baden-Württemberg,Electrification,Received,7167.07,9
ORD-101663,2025-07-01 07:16:41.720344,Saxony,Rail Automation,Shipped,2412.14,13
ORD-101664,2025-07-01 09:53:41.204240,Saxony,Service Parts,Delivered,5024.78,36
ORD-101665,2025-07-01 12:30:40.688137,Lower Saxony,Rolling Stock Components,Shipped,964.47,37
ORD-101666,2025-07-01 15:07:40.172034,Bavaria,Rail Automation,Shipped,1428.65,30
ORD-101667,2025-07-01 17:44:39.655931,Lower Saxony,Rail Automation,Delivered,11888.97,31
ORD-101668,2025-07-01 20:21:39.139827,North Rhine-Westphalia,Service Parts,Delivered,961.2,23
ORD-101669,2025-07-01 22:58:38.623724,Baden-Württemberg,Rolling Stock Components,Received,9665.46,28
ORD-101670,2025-07-02 01:35:38.107621,North Rhine-Westphalia,Electrification,Shipped,2336.1,10
ORD-101671,2025-07-02 04:12:37.591518,Saxony,Service Parts,In Progress,591.06,25
ORD-101672,2025-07-02 06:49:37.075415,Lower Saxony,Rolling Stock Components,Delivered,301.14,36
ORD-101673,2025-07-02 09:26:36.559311,Lower Saxony,Rail Automation,In Progress,24582.93,26
ORD-101674,2025-07-02 12:03:36.043208,Lower Saxony,Rolling Stock Components,Delivered,604.28,26
ORD-101675,2025-07-02 14:40:35.527105,North Rhine-Westphalia,Rail Automation,Shipped,4578.79,13
ORD-101676,2025-07-02 17:17:35.011002,Saxony,Service Parts,In Progress,7254.27,17
ORD-101677,2025-07-02 19:54:34.494898,Baden-Württemberg,Service Parts,Delivered,1159.19,40
ORD-101678,2025-07-02 22:31:33.978795,Baden-Württemberg,Signaling Systems,Received,2673.44,4
ORD-101679,2025-07-03 01:08:33.462692,North Rhine-Westphalia,Signaling Systems,Shipped,8322.4,23
ORD-101680,2025-07-03 03:45:32.946589,Lower Saxony,Signaling Systems,Received,6786.21,35
ORD-101681,2025-07-03 06:22:32.430486,Bavaria,Service Parts,Delivered,2961.25,11
ORD-101682,2025-07-03 08:59:31.914382,North Rhine-Westphalia,Electrification,Delivered,6377.91,12
ORD-101683,2025-07-03 11:36:31.398279,North Rhine-Westphalia,Service Parts,Shipped,4392.01,9
ORD-101684,2025-07-03 14:13:30.882176,Saxony,Rolling Stock Components,In Progress,1690.1,15
ORD-101685,2025-07-03 16:50:30.366073,Baden-Württemberg,Service Parts,Shipped,18407.98,37
ORD-101686,2025-07-03 19:27:29.849969,North Rhine-Westphalia,Service Parts,Delivered,,5
ORD-101687,2025-07-03 22:04:29.333866,North Rhine-Westphalia,Rail Automation,Delivered,647.92,19
ORD-101688,2025-07-04 00:41:28.817763,Lower Saxony,Rail Automation,Delivered,8724.08,11
ORD-101689,2025-07-04 03:18:28.301660,Lower Saxony,Rail Automation,Delivered,2497.22,9
ORD-101690,2025-07-04 05:55:27.785557,Bavaria,Service Parts,In Progress,3574.64,35
ORD-101691,2025-07-04 08:32:27.269453,Saxony,Electrification,Shipped,4959.27,27
ORD-101692,2025-07-04 11:09:26.753350,Bavaria,Rolling Stock Components,In Progress,2054.44,13
ORD-101693,2025-07-04 13:46:26.237247,Lower Saxony,Rolling Stock Components,In Progress,35715.56,12
ORD-101694,2025-07-04 16:23:25.721144,Baden-Württemberg,Electrification,In Progress,950.84,9
ORD-101695,2025-07-04 19:00:25.205041,Lower Saxony,Electrification,Delivered,5230.99,42
ORD-101696,2025-07-04 21:37:24.688937,Saxony,Rolling Stock Components,Delivered,7476.25,28
ORD-101697,2025-07-05 00:14:24.172834,Lower Saxony,Signaling Systems,Delivered,5142.7,13
ORD-101698,2025-07-05 02:51:23.656731,Saxony,Rail Automation,In Progress,3983.5,20
ORD-101699,2025-07-05 05:28:23.140628,Saxony,Rail Automation,Delivered,3246.35,13
ORD-101700,2025-07-05 08:05:22.624524,Saxony,Rolling Stock Components,Delivered,2031.44,27
ORD-101701,2025-07-05 10:42:22.108421,Saxony,Electrification,Delivered,1992.2,26
ORD-101702,2025-07-05 13:19:21.592318,Saxony,Signaling Systems,Shipped,17577.9,29
ORD-101703,2025-07-05 15:56:21.076215,Baden-Württemberg,Rolling Stock Components,Shipped,3023.22,29
ORD-101704,2025-07-05 18:33:20.560112,Bavaria,Rail Automation,Received,51297.86,22
ORD-101705,2025-07-05 21:10:20.044008,North Rhine-Westphalia,Service Parts,Shipped,10258.22,9
ORD-101706,2025-07-05 23:47:19.527905,Bavaria,Electrification,Delivered,261.28,24
ORD-101707,2025-07-06 02:24:19.011802,Saxony,Service Parts,Received,12985.45,42
ORD-101708,2025-07-06 05:01:18.495699,Baden-Württemberg,Rolling Stock Components,In Progress,4635.62,19
ORD-101709,2025-07-06 07:38:17.979595,Lower Saxony,Rail Automation,Delivered,1065.34,38
ORD-101710,2025-07-06 10:15:17.463492,Baden-Württemberg,Signaling Systems,Delivered,20633.7,31
ORD-101711,2025-07-06 12:52:16.947389,Saxony,Service Parts,Delivered,3042.67,39
ORD-101712,2025-07-06 15:29:16.431286,Baden-Württemberg,Signaling Systems,Delivered,2771.03,15
ORD-101713,2025-07-06 18:06:15.915183,Baden-Württemberg,Rail Automation,Shipped,7425.75,32
ORD-101714,2025-07-06 20:43:15.399079,Saxony,Service Parts,In Progress,17276.69,29
ORD-101715,2025-07-06 23:20:14.882976,Baden-Württemberg,Signaling Systems,Shipped,5567.81,34
ORD-101716,2025-07-07 01:57:14.366873,North Rhine-Westphalia,Signaling Systems,Delivered,5146.14,9
ORD-101717,2025-07-07 04:34:13.850770,North Rhine-Westphalia,Service Parts,Delivered,2283.46,35
ORD-101718,2025-07-07 07:11:13.334666,Baden-Württemberg,Rail Automation,Received,16955.25,6
ORD-101719,2025-07-07 09:48:12.818563,Lower Saxony,Signaling Systems,Delivered,5627.14,37
ORD-101720,2025-07-07 12:25:12.302460,Saxony,Rolling Stock Components,Shipped,3835.34,14
ORD-101721,2025-07-07 15:02:11.786357,North Rhine-Westphalia,Service Parts,Delivered,3346.07,9
ORD-101722,2025-07-07 17:39:11.270254,Lower Saxony,Electrification,Received,15206.95,19
ORD-101723,2025-07-07 20:16:10.754150,Baden-Württemberg,Electrification,Shipped,3682.86,23
ORD-101724,2025-07-07 22:53:10.238047,Lower Saxony,Rail Automation,Delivered,15250.04,41
ORD-101725,2025-07-08 01:30:09.721944,Bavaria,Rolling Stock Components,Delivered,2925.64,28
ORD-101726,2025-07-08 04:07:09.205841,North Rhine-Westphalia,Signaling Systems,Delivered,10878.42,16
ORD-101727,2025-07-08 06:44:08.689737,Baden-Württemberg,Electrification,Shipped,6172.17,26
ORD-101728,2025-07-08 09:21:08.173634,Saxony,Rail Automation,Shipped,1727.05,38
ORD-101729,2025-07-08 11:58:07.657531,Baden-Württemberg,Rolling Stock Components,Shipped,4466.35,40
ORD-101730,2025-07-08 14:35:07.141428,Saxony,Rolling Stock Components,Delivered,441.57,25
ORD-101731,2025-07-08 17:12:06.625325,Baden-Württemberg,Rail Automation,Cancelled,2167.99,35
ORD-101732,2025-07-08 19:49:06.109221,Lower Saxony,Rail Automation,Shipped,866.46,5
ORD-101733,2025-07-08 22:26:05.593118,Lower Saxony,Signaling Systems,Shipped,44234.05,7
ORD-101734,2025-07-09 01:03:05.077015,Lower Saxony,Rail Automation,Delivered,877.75,23
ORD-101735,2025-07-09 03:40:04.560912,Bavaria,Signaling Systems,Shipped,84488.41,25
ORD-101736,2025-07-09 06:17:04.044808,Saxony,Signaling Systems,Delivered,8653.4,1
ORD-101737,2025-07-09 08:54:03.528705,Lower Saxony,Service Parts,In Progress,2777.33,22
ORD-101738,2025-07-09 11:31:03.012602,Bavaria,Rolling Stock Components,Delivered,11932.2,4
ORD-101739,2025-07-09 14:08:02.496499,Saxony,Rolling Stock Components,Delivered,2418.82,28
ORD-101740,2025-07-09 16:45:01.980396,Baden-Württemberg,Rolling Stock Components,Delivered,1042.62,14
ORD-101741,2025-07-09 19:22:01.464292,Bavaria,Service Parts,Delivered,5361.38,33
ORD-101742,2025-07-09 21:59:00.948189,North Rhine-Westphalia,Signaling Systems,In Progress,10615.6,4
ORD-101743,2025-07-10 00:36:00.432086,Bavaria,Signaling Systems,Delivered,20055.37,42
ORD-101744,2025-07-10 03:12:59.915983,Bavaria,Rail Automation,Delivered,8497.29,11
ORD-101745,2025-07-10 05:49:59.399879,Saxony,Service Parts,Shipped,2745.5,39
ORD-101746,2025-07-10 08:26:58.883776,Baden-Württemberg,Rail Automation,In Progress,22581.89,32
ORD-101747,2025-07-10 11:03:58.367673,North Rhine-Westphalia,Service Parts,Received,17663.81,4
ORD-101748,2025-07-10 13:40:57.851570,Lower Saxony,Rail Automation,Delivered,6607.23,1
ORD-101749,2025-07-10 16:17:57.335467,Lower Saxony,Electrification,Shipped,18617.47,26
ORD-101750,2025-07-10 18:54:56.819363,Bavaria,Rolling Stock Components,Delivered,54354.97,33
ORD-101751,2025-07-10 21:31:56.303260,Saxony,Rolling Stock Components,In Progress,2702.84,17
ORD-101752,2025-07-11 00:08:55.787157,Saxony,Signaling Systems,Delivered,1826.86,27
ORD-101753,2025-07-11 02:45:55.271054,Lower Saxony,Electrification,Shipped,2617.68,42
ORD-101754,2025-07-11 05:22:54.754950,North Rhine-Westphalia,Rolling Stock Components,In Progress,1113.64,5
ORD-101755,2025-07-11 07:59:54.238847,Baden-Württemberg,Signaling Systems,Delivered,9417.61,7
ORD-101756,2025-07-11 10:36:53.722744,North Rhine-Westphalia,Electrification,Delivered,836.4,25
ORD-101757,2025-07-11 13:13:53.206641,Baden-Württemberg,Rolling Stock Components,In Progress,19761.99,8
ORD-101758,2025-07-11 15:50:52.690538,Lower Saxony,Rail Automation,Shipped,2346.31,34
ORD-101759,2025-07-11 18:27:52.174434,Baden-Württemberg,Service Parts,In Progress,21907.37,41
ORD-101760,2025-07-11 21:04:51.658331,Saxony,Electrification,Delivered,295.08,4
ORD-101761,2025-07-11 23:41:51.142228,Bavaria,Signaling Systems,Delivered,3217.29,12
ORD-101762,2025-07-12 02:18:50.626125,Bavaria,Electrification,Delivered,1185.23,31
ORD-101763,2025-07-12 04:55:50.110022,Lower Saxony,Signaling Systems,Delivered,21778.76,11
ORD-101764,2025-07-12 07:32:49.593918,Saxony,Electrification,Delivered,31161.15,37
ORD-101765,2025-07-12 10:09:49.077815,North Rhine-Westphalia,Signaling Systems,In Progress,372.98,44
ORD-101766,2025-07-12 12:46:48.561712,Saxony,Rolling Stock Components,Cancelled,12739.31,36
ORD-101767,2025-07-12 15:23:48.045609,Bavaria,Rail Automation,Delivered,15923.58,22
ORD-101768,2025-07-12 18:00:47.529505,Bavaria,Rolling Stock Components,In Progress,7032.19,1
ORD-101769,2025-07-12 20:37:47.013402,Saxony,Rail Automation,In Progress,9386.05,4
ORD-101770,2025-07-12 23:14:46.497299,Saxony,Rolling Stock Components,In Progress,8670.32,36
ORD-101771,2025-07-13 01:51:45.981196,Bavaria,Rolling Stock Components,In Progress,12790.52,8
ORD-101772,2025-07-13 04:28:45.465093,North Rhine-Westphalia,Electrification,Delivered,1477.77,25
ORD-101773,2025-07-13 07:05:44.948989,Lower Saxony,Service Parts,Delivered,18408.06,28
ORD-101774,2025-07-13 09:42:44.432886,Lower Saxony,Signaling Systems,Delivered,6187.47,38
ORD-101775,2025-07-13 12:19:43.916783,Saxony,Signaling Systems,Delivered,5792.2,36
ORD-101776,2025-07-13 14:56:43.400680,Lower Saxony,Signaling Systems,Delivered,9166.29,36
ORD-101777,2025-07-13 17:33:42.884576,Bavaria,Rail Automation,Delivered,1214.58,43
ORD-101778,2025-07-13 20:10:42.368473,Bavaria,Signaling Systems,Received,889.99,41
ORD-101779,2025-07-13 22:47:41.852370,Saxony,Signaling Systems,Shipped,4302.13,4
ORD-101780,2025-07-14 01:24:41.336267,Saxony,Electrification,Delivered,26846.56,13
ORD-101781,2025-07-14 04:01:40.820164,Saxony,Rolling Stock Components,Received,1334.19,38
ORD-101782,2025-07-14 06:38:40.304060,North Rhine-Westphalia,Signaling Systems,Received,5959.07,25
ORD-101783,2025-07-14 09:15:39.787957,Lower Saxony,Service Parts,Delivered,,3
ORD-101784,2025-07-14 11:52:39.271854,Saxony,Signaling Systems,Delivered,1927.39,32
ORD-101785,2025-07-14 14:29:38.755751,Baden-Württemberg,Rail Automation,Shipped,8525.55,39
ORD-101786,2025-07-14 17:06:38.239647,Baden-Württemberg,Rail Automation,Delivered,11331.17,1
ORD-101787,2025-07-14 19:43:37.723544,Bavaria,Rail Automation,Delivered,2066.67,11
ORD-101788,2025-07-14 22:20:37.207441,Lower Saxony,Signaling Systems,Shipped,22606.11,2
ORD-101789,2025-07-15 00:57:36.691338,Saxony,Electrification,Received,7822.46,5
ORD-101790,2025-07-15 03:34:36.175235,Baden-Württemberg,Service Parts,Delivered,3767.45,22
ORD-101791,2025-07-15 06:11:35.659131,Lower Saxony,Signaling Systems,Shipped,7203.12,13
ORD-101792,2025-07-15 08:48:35.143028,Bavaria,Electrification,In Progress,46165.23,23
ORD-101793,2025-07-15 11:25:34.626925,North Rhine-Westphalia,Electrification,Delivered,11258.56,31
ORD-101794,2025-07-15 14:02:34.110822,Lower Saxony,Signaling Systems,Delivered,2278.87,35
ORD-101795,2025-07-15 16:39:33.594718,Lower Saxony,Signaling Systems,In Progress,4814.67,38
ORD-101796,2025-07-15 19:16:33.078615,North Rhine-Westphalia,Electrification,Shipped,5678.24,41
ORD-101797,2025-07-15 21:53:32.562512,Lower Saxony,Electrification,In Progress,10217.86,35
ORD-101798,2025-07-16 00:30:32.046409,Bavaria,Electrification,Cancelled,6396.48,13
ORD-101799,2025-07-16 03:07:31.530306,Bavaria,Signaling Systems,In Progress,39531.63,7
ORD-101800,2025-07-16 05:44:31.014202,North Rhine-Westphalia,Electrification,Delivered,3830.1,5
ORD-101801,2025-07-16 08:21:30.498099,Saxony,Rail Automation,Delivered,732.97,29
ORD-101802,2025-07-16 10:58:29.981996,Baden-Württemberg,Signaling Systems,In Progress,6222.84,8
ORD-101803,2025-07-16 13:35:29.465893,Saxony,Rail Automation,Cancelled,3025.29,8
ORD-101804,2025-07-16 16:12:28.949789,Lower Saxony,Rolling Stock Components,Delivered,939.7,7
ORD-101805,2025-07-16 18:49:28.433686,Baden-Württemberg,Signaling Systems,Delivered,2266.8,19
ORD-101806,2025-07-16 21:26:27.917583,North Rhine-Westphalia,Rolling Stock Components,In Progress,3313.54,39
ORD-101807,2025-07-17 00:03:27.401480,North Rhine-Westphalia,Electrification,Delivered,17219.27,23
ORD-101808,2025-07-17 02:40:26.885377,Baden-Württemberg,Electrification,Delivered,961.43,36
ORD-101809,2025-07-17 05:17:26.369273,Bavaria,Service Parts,Cancelled,7221.11,42
ORD-101810,2025-07-17 07:54:25.853170,Baden-Württemberg,Electrification,In Progress,56530.11,32
ORD-101811,2025-07-17 10:31:25.337067,Lower Saxony,Rolling Stock Components,Delivered,4054.78,4
ORD-101812,2025-07-17 13:08:24.820964,Bavaria,Electrification,Shipped,3925.84,30
ORD-101813,2025-07-17 15:45:24.304860,North Rhine-Westphalia,Signaling Systems,In Progress,10848.2,42
ORD-101814,2025-07-17 18:22:23.788757,Baden-Württemberg,Electrification,Shipped,8728.94,39
ORD-101815,2025-07-17 20:59:23.272654,Saxony,Service Parts,Delivered,23372.57,5
ORD-101816,2025-07-17 23:36:22.756551,Saxony,Electrification,Delivered,4089.5,3
ORD-101817,2025-07-18 02:13:22.240448,Lower Saxony,Rolling Stock Components,Delivered,10640.39,22
ORD-101818,2025-07-18 04:50:21.724344,Saxony,Rolling Stock Components,Cancelled,10828.22,28
ORD-101819,2025-07-18 07:27:21.208241,Baden-Württemberg,Electrification,Shipped,3397.82,22
ORD-101820,2025-07-18 10:04:20.692138,Baden-Württemberg,Rolling Stock Components,Delivered,4335.63,22
ORD-101821,2025-07-18 12:41:20.176035,Saxony,Rolling Stock Components,Shipped,4854.59,34
ORD-101822,2025-07-18 15:18:19.659931,Baden-Württemberg,Service Parts,Shipped,1259.58,29
ORD-101823,2025-07-18 17:55:19.143828,Lower Saxony,Signaling Systems,Delivered,3204.96,43
ORD-101824,2025-07-18 20:32:18.627725,Bavaria,Service Parts,Delivered,25483.36,42
ORD-101825,2025-07-18 23:09:18.111622,Lower Saxony,Rail Automation,Delivered,15390.23,13
ORD-101826,2025-07-19 01:46:17.595519,Lower Saxony,Service Parts,Delivered,2596.89,7
ORD-101827,2025-07-19 04:23:17.079415,Baden-Württemberg,Electrification,Received,4830.4,10
ORD-101828,2025-07-19 07:00:16.563312,Bavaria,Signaling Systems,In Progress,14307.35,28
ORD-101829,2025-07-19 09:37:16.047209,Baden-Württemberg,Electrification,Delivered,8004.4,4
ORD-101830,2025-07-19 12:14:15.531106,North Rhine-Westphalia,Rail Automation,Received,11847.85,32
ORD-101831,2025-07-19 14:51:15.015003,Baden-Württemberg,Signaling Systems,Shipped,8844.41,22
ORD-101832,2025-07-19 17:28:14.498899,Baden-Württemberg,Rolling Stock Components,Delivered,6228.88,20
ORD-101833,2025-07-19 20:05:13.982796,Baden-Württemberg,Service Parts,Received,4094.98,20
ORD-101834,2025-07-19 22:42:13.466693,Bavaria,Electrification,Shipped,1319.99,6
ORD-101835,2025-07-20 01:19:12.950590,Baden-Württemberg,Rail Automation,Delivered,10524.47,9
ORD-101836,2025-07-20 03:56:12.434486,Bavaria,Rolling Stock Components,Delivered,3850.94,28
ORD-101837,2025-07-20 06:33:11.918383,Saxony,Service Parts,Delivered,802.17,13
ORD-101838,2025-07-20 09:10:11.402280,North Rhine-Westphalia,Rolling Stock Components,Delivered,2696.68,31
ORD-101839,2025-07-20 11:47:10.886177,Bavaria,Service Parts,Shipped,12550.54,39
ORD-101840,2025-07-20 14:24:10.370074,Saxony,Signaling Systems,Delivered,597.18,14
ORD-101841,2025-07-20 17:01:09.853970,Bavaria,Rolling Stock Components,Delivered,1583.71,22
ORD-101842,2025-07-20 19:38:09.337867,Bavaria,Rolling Stock Components,In Progress,5714.98,37
ORD-101843,2025-07-20 22:15:08.821764,North Rhine-Westphalia,Rolling Stock Components,In Progress,23070.05,24
ORD-101844,2025-07-21 00:52:08.305661,Lower Saxony,Signaling Systems,Delivered,14764.39,8
ORD-101845,2025-07-21 03:29:07.789557,Lower Saxony,Rail Automation,Delivered,25637.16,15
ORD-101846,2025-07-21 06:06:07.273454,Bavaria,Service Parts,Delivered,6176.83,41
ORD-101847,2025-07-21 08:43:06.757351,Baden-Württemberg,Rolling Stock Components,Delivered,3904.56,6
ORD-101848,2025-07-21 11:20:06.241248,Saxony,Signaling Systems,Delivered,12427.13,23
ORD-101849,2025-07-21 13:57:05.725145,Baden-Württemberg,Rail Automation,Cancelled,1827.49,25
ORD-101850,2025-07-21 16:34:05.209041,Baden-Württemberg,Service Parts,Delivered,1677.2,31
ORD-101851,2025-07-21 19:11:04.692938,Bavaria,Signaling Systems,In Progress,1379.4,29
ORD-101852,2025-07-21 21:48:04.176835,Bavaria,Service Parts,Delivered,16281.31,23
ORD-101853,2025-07-22 00:25:03.660732,Bavaria,Rolling Stock Components,Shipped,1962.47,10
ORD-101854,2025-07-22 03:02:03.144628,Bavaria,Rail Automation,Delivered,14774.58,9
ORD-101855,2025-07-22 05:39:02.628525,Lower Saxony,Signaling Systems,Cancelled,5786.57,13
ORD-101856,2025-07-22 08:16:02.112422,Bavaria,Rail Automation,Delivered,16513.17,32
ORD-101857,2025-07-22 10:53:01.596319,Lower Saxony,Rolling Stock Components,Delivered,1456.92,41
ORD-101858,2025-07-22 13:30:01.080216,Lower Saxony,Rail Automation,Delivered,2469.9,1
ORD-101859,2025-07-22 16:07:00.564112,Bavaria,Rail Automation,Shipped,8098.13,1
ORD-101860,2025-07-22 18:44:00.048009,North Rhine-Westphalia,Electrification,Shipped,3059.31,37
ORD-101861,2025-07-22 21:20:59.531906,Saxony,Rail Automation,Delivered,316.5,40
ORD-101862,2025-07-22 23:57:59.015803,Baden-Württemberg,Service Parts,Delivered,1086.28,18
ORD-101863,2025-07-23 02:34:58.499699,Lower Saxony,Signaling Systems,Delivered,1444.35,36
ORD-101864,2025-07-23 05:11:57.983596,Saxony,Electrification,In Progress,1567.03,31
ORD-101865,2025-07-23 07:48:57.467493,North Rhine-Westphalia,Signaling Systems,Delivered,10404.17,1
ORD-101866,2025-07-23 10:25:56.951390,Baden-Württemberg,Signaling Systems,Delivered,7120.64,36
ORD-101867,2025-07-23 13:02:56.435287,Baden-Württemberg,Rolling Stock Components,Delivered,5874.92,9
ORD-101868,2025-07-23 15:39:55.919183,Lower Saxony,Rolling Stock Components,Delivered,44780.85,-22
ORD-101869,2025-07-23 18:16:55.403080,Bavaria,Electrification,Delivered,17903.42,28
ORD-101870,2025-07-23 20:53:54.886977,North Rhine-Westphalia,Rolling Stock Components,Delivered,11872.75,26
ORD-101871,2025-07-23 23:30:54.370874,Lower Saxony,Rolling Stock Components,Shipped,948.81,10
ORD-101872,2025-07-24 02:07:53.854770,North Rhine-Westphalia,Rolling Stock Components,Delivered,5247.43,3
ORD-101873,2025-07-24 04:44:53.338667,Bavaria,Signaling Systems,In Progress,6826.49,2
ORD-101874,2025-07-24 07:21:52.822564,Bavaria,Electrification,Cancelled,3112.71,37
ORD-101875,2025-07-24 09:58:52.306461,Lower Saxony,Signaling Systems,In Progress,32113.05,31
ORD-101876,2025-07-24 12:35:51.790358,Bavaria,Service Parts,Received,5199.53,33
ORD-101877,2025-07-24 15:12:51.274254,Saxony,Signaling Systems,Delivered,1272.6,32
ORD-101878,2025-07-24 17:49:50.758151,Baden-Württemberg,Service Parts,In Progress,1640.71,43
ORD-101879,2025-07-24 20:26:50.242048,Lower Saxony,Rail Automation,Delivered,60510.77,12
ORD-101880,2025-07-24 23:03:49.725945,North Rhine-Westphalia,Rail Automation,Delivered,3096.0,3
ORD-101881,2025-07-25 01:40:49.209841,Saxony,Service Parts,Delivered,499.51,26
ORD-101882,2025-07-25 04:17:48.693738,Lower Saxony,Service Parts,Cancelled,2542.04,14
ORD-101883,2025-07-25 06:54:48.177635,Bavaria,Signaling Systems,Shipped,659.0,12
ORD-101884,2025-07-25 09:31:47.661532,Bavaria,Service Parts,Delivered,13481.07,26
ORD-101885,2025-07-25 12:08:47.145429,Bavaria,Electrification,In Progress,572.3,16
ORD-101886,2025-07-25 14:45:46.629325,Bavaria,Rail Automation,Shipped,1051.08,8
ORD-101887,2025-07-25 17:22:46.113222,North Rhine-Westphalia,Rail Automation,Delivered,4936.38,28
ORD-101888,2025-07-25 19:59:45.597119,Saxony,Service Parts,Shipped,,7
ORD-101889,2025-07-25 22:36:45.081016,Baden-Württemberg,Rolling Stock Components,Delivered,4553.37,15
ORD-101890,2025-07-26 01:13:44.564912,North Rhine-Westphalia,Rolling Stock Components,Delivered,1232.24,41
ORD-101891,2025-07-26 03:50:44.048809,North Rhine-Westphalia,Service Parts,Delivered,6007.83,36
ORD-101892,2025-07-26 06:27:43.532706,Baden-Württemberg,Electrification,Cancelled,2937.82,8
ORD-101893,2025-07-26 09:04:43.016603,Baden-Württemberg,Rolling Stock Components,Received,17085.28,10
ORD-101894,2025-07-26 11:41:42.500500,Bavaria,Service Parts,Delivered,12585.07,15
ORD-101895,2025-07-26 14:18:41.984396,North Rhine-Westphalia,Electrification,Delivered,2722.01,18
ORD-101896,2025-07-26 16:55:41.468293,Lower Saxony,Electrification,Delivered,11588.29,37
ORD-101897,2025-07-26 19:32:40.952190,Baden-Württemberg,Signaling Systems,Received,6623.29,41
ORD-101898,2025-07-26 22:09:40.436087,Baden-Württemberg,Electrification,Delivered,22103.48,43
ORD-101899,2025-07-27 00:46:39.919983,Saxony,Rolling Stock Components,Shipped,11057.89,44
ORD-101900,2025-07-27 03:23:39.403880,Lower Saxony,Rolling Stock Components,In Progress,,35
ORD-101901,2025-07-27 06:00:38.887777,Lower Saxony,Service Parts,Delivered,21178.79,2
ORD-101902,2025-07-27 08:37:38.371674,Baden-Württemberg,Service Parts,Delivered,4998.76,22
ORD-101903,2025-07-27 11:14:37.855571,Bavaria,Electrification,Delivered,2099.78,15
ORD-101904,2025-07-27 13:51:37.339467,Saxony,Rail Automation,Delivered,6129.84,37
ORD-101905,2025-07-27 16:28:36.823364,Lower Saxony,Signaling Systems,Delivered,3324.4,39
ORD-101906,2025-07-27 19:05:36.307261,Baden-Württemberg,Rail Automation,Received,9553.05,36
ORD-101907,2025-07-27 21:42:35.791158,Lower Saxony,Electrification,Shipped,5261.33,5
ORD-101908,2025-07-28 00:19:35.275055,Saxony,Electrification,In Progress,7655.89,15
ORD-101909,2025-07-28 02:56:34.758951,Saxony,Rail Automation,Delivered,1306.98,27
ORD-101910,2025-07-28 05:33:34.242848,North Rhine-Westphalia,Signaling Systems,In Progress,8596.54,16
ORD-101911,2025-07-28 08:10:33.726745,Baden-Württemberg,Rail Automation,Shipped,1195.42,36
ORD-101912,2025-07-28 10:47:33.210642,Saxony,Service Parts,Delivered,14156.6,38
ORD-101913,2025-07-28 13:24:32.694538,North Rhine-Westphalia,Rolling Stock Components,Shipped,14179.89,18
ORD-101914,2025-07-28 16:01:32.178435,North Rhine-Westphalia,Service Parts,In Progress,7206.58,35
ORD-101915,2025-07-28 18:38:31.662332,Lower Saxony,Rolling Stock Components,Delivered,6912.56,25
ORD-101916,2025-07-28 21:15:31.146229,Lower Saxony,Electrification,Received,3842.88,22
ORD-101917,2025-07-28 23:52:30.630126,North Rhine-Westphalia,Signaling Systems,Received,2531.2,31
ORD-101918,2025-07-29 02:29:30.114022,Lower Saxony,Rail Automation,Shipped,4834.45,37
ORD-101919,2025-07-29 05:06:29.597919,Saxony,Signaling Systems,Delivered,43519.02,34
ORD-101920,2025-07-29 07:43:29.081816,Bavaria,Rail Automation,Delivered,6324.91,23
ORD-101921,2025-07-29 10:20:28.565713,Saxony,Service Parts,Shipped,1118.42,16
ORD-101922,2025-07-29 12:57:28.049609,North Rhine-Westphalia,Service Parts,Delivered,750.55,6
ORD-101923,2025-07-29 15:34:27.533506,North Rhine-Westphalia,Rail Automation,Shipped,1010.42,15
ORD-101924,2025-07-29 18:11:27.017403,Saxony,Signaling Systems,Delivered,3244.26,18
ORD-101925,2025-07-29 20:48:26.501300,Lower Saxony,Rail Automation,Received,19779.06,38
ORD-101926,2025-07-29 23:25:25.985197,Lower Saxony,Electrification,Delivered,1594.26,13
ORD-101927,2025-07-30 02:02:25.469093,North Rhine-Westphalia,Service Parts,Delivered,23480.4,24
ORD-101928,2025-07-30 04:39:24.952990,Baden-Württemberg,Electrification,Delivered,5987.28,13
ORD-101929,2025-07-30 07:16:24.436887,Lower Saxony,Service Parts,In Progress,8364.8,1
ORD-101930,2025-07-30 09:53:23.920784,Saxony,Service Parts,Shipped,8116.41,36
ORD-101931,2025-07-30 12:30:23.404680,Lower Saxony,Rolling Stock Components,Delivered,9411.92,18
ORD-101932,2025-07-30 15:07:22.888577,Saxony,Electrification,Received,3125.96,33
ORD-101933,2025-07-30 17:44:22.372474,North Rhine-Westphalia,Electrification,Delivered,376.96,38
ORD-101934,2025-07-30 20:21:21.856371,Lower Saxony,Rolling Stock Components,Delivered,2572.95,43
ORD-101935,2025-07-30 22:58:21.340268,Saxony,Signaling Systems,Delivered,1850.73,6
ORD-101936,2025-07-31 01:35:20.824164,North Rhine-Westphalia,Electrification,In Progress,6916.18,17
ORD-101937,2025-07-31 04:12:20.308061,Baden-Württemberg,Rail Automation,Delivered,6255.17,4
ORD-101938,2025-07-31 06:49:19.791958,Saxony,Rolling Stock Components,Delivered,3642.34,14
ORD-101939,2025-07-31 09:26:19.275855,Baden-Württemberg,Electrification,Delivered,33896.85,30
ORD-101940,2025-07-31 12:03:18.759751,Baden-Württemberg,Signaling Systems,Received,2428.91,20
ORD-101941,2025-07-31 14:40:18.243648,Bavaria,Electrification,Received,424.83,8
ORD-101942,2025-07-31 17:17:17.727545,Lower Saxony,Service Parts,Shipped,5604.93,2
ORD-101943,2025-07-31 19:54:17.211442,Saxony,Rail Automation,In Progress,18180.67,37
ORD-101944,2025-07-31 22:31:16.695339,Baden-Württemberg,Rolling Stock Components,Delivered,6740.42,4
ORD-101945,2025-08-01 01:08:16.179235,Bavaria,Service Parts,Delivered,3319.93,10
ORD-101946,2025-08-01 03:45:15.663132,North Rhine-Westphalia,Signaling Systems,Shipped,6402.81,-20
ORD-101947,2025-08-01 06:22:15.147029,Saxony,Service Parts,Delivered,,35
ORD-101948,2025-08-01 08:59:14.630926,Baden-Württemberg,Service Parts,Received,1876.87,10
ORD-101949,2025-08-01 11:36:14.114822,Lower Saxony,Signaling Systems,In Progress,5084.54,28
ORD-101950,2025-08-01 14:13:13.598719,Bavaria,Service Parts,Received,10269.54,15
ORD-101951,2025-08-01 16:50:13.082616,Baden-Württemberg,Rolling Stock Components,Shipped,6498.17,36
ORD-101952,2025-08-01 19:27:12.566513,Lower Saxony,Electrification,Delivered,3741.89,1
ORD-101953,2025-08-01 22:04:12.050410,Baden-Württemberg,Service Parts,Received,3074.94,22
ORD-101954,2025-08-02 00:41:11.534306,Saxony,Rolling Stock Components,Delivered,3591.36,27
ORD-101955,2025-08-02 03:18:11.018203,Saxony,Electrification,Delivered,8824.04,29
ORD-101956,2025-08-02 05:55:10.502100,Saxony,Electrification,Delivered,8276.29,15
ORD-101957,2025-08-02 08:32:09.985997,Bavaria,Service Parts,In Progress,49226.65,10
ORD-101958,2025-08-02 11:09:09.469893,Saxony,Rolling Stock Components,In Progress,906.45,20
ORD-101959,2025-08-02 13:46:08.953790,Lower Saxony,Service Parts,Received,33985.78,22
ORD-101960,2025-08-02 16:23:08.437687,Baden-Württemberg,Signaling Systems,Shipped,3924.82,9
ORD-101961,2025-08-02 19:00:07.921584,North Rhine-Westphalia,Electrification,Shipped,4448.64,32
ORD-101962,2025-08-02 21:37:07.405481,Lower Saxony,Service Parts,Delivered,12639.81,17
ORD-101963,2025-08-03 00:14:06.889377,Lower Saxony,Electrification,Delivered,12552.18,42
ORD-101964,2025-08-03 02:51:06.373274,Saxony,Rolling Stock Components,Delivered,17540.71,19
ORD-101965,2025-08-03 05:28:05.857171,Bavaria,Rail Automation,Delivered,22298.06,40
ORD-101966,2025-08-03 08:05:05.341068,Baden-Württemberg,Service Parts,Received,4704.08,27
ORD-101967,2025-08-03 10:42:04.824964,Bavaria,Service Parts,Shipped,22615.57,37
ORD-101968,2025-08-03 13:19:04.308861,Baden-Württemberg,Electrification,Cancelled,2460.03,34
ORD-101969,2025-08-03 15:56:03.792758,Baden-Württemberg,Rolling Stock Components,Delivered,3512.82,10
ORD-101970,2025-08-03 18:33:03.276655,Bavaria,Signaling Systems,Delivered,4023.0,30
ORD-101971,2025-08-03 21:10:02.760552,Lower Saxony,Rolling Stock Components,Delivered,2753.72,21
ORD-101972,2025-08-03 23:47:02.244448,Baden-Württemberg,Service Parts,In Progress,5249.26,21
ORD-101973,2025-08-04 02:24:01.728345,Bavaria,Signaling Systems,In Progress,13174.88,34
ORD-101974,2025-08-04 05:01:01.212242,Baden-Württemberg,Rolling Stock Components,Received,,9
ORD-101975,2025-08-04 07:38:00.696139,North Rhine-Westphalia,Rail Automation,Shipped,2503.63,34
ORD-101976,2025-08-04 10:15:00.180036,Lower Saxony,Electrification,In Progress,2286.84,12
ORD-101977,2025-08-04 12:51:59.663932,Saxony,Rolling Stock Components,Delivered,1918.15,21
ORD-101978,2025-08-04 15:28:59.147829,Baden-Württemberg,Rolling Stock Components,Delivered,5419.02,20
ORD-101979,2025-08-04 18:05:58.631726,North Rhine-Westphalia,Rail Automation,Delivered,863.57,6
ORD-101980,2025-08-04 20:42:58.115623,Saxony,Service Parts,Delivered,1845.19,36
ORD-101981,2025-08-04 23:19:57.599519,Saxony,Electrification,Delivered,2966.97,12
ORD-101982,2025-08-05 01:56:57.083416,Baden-Württemberg,Rolling Stock Components,Received,15692.03,41
ORD-101983,2025-08-05 04:33:56.567313,Bavaria,Signaling Systems,Received,4249.74,31
ORD-101984,2025-08-05 07:10:56.051210,Baden-Württemberg,Rolling Stock Components,Delivered,14860.25,2
ORD-101985,2025-08-05 09:47:55.535107,North Rhine-Westphalia,Electrification,Shipped,6041.04,16
ORD-101986,2025-08-05 12:24:55.019003,Saxony,Rolling Stock Components,Shipped,2916.88,1
ORD-101987,2025-08-05 15:01:54.502900,Baden-Württemberg,Rail Automation,Shipped,3051.97,4
ORD-101988,2025-08-05 17:38:53.986797,Bavaria,Rolling Stock Components,Shipped,1362.85,1
ORD-101989,2025-08-05 20:15:53.470694,Baden-Württemberg,Rolling Stock Components,Delivered,69113.14,35
ORD-101990,2025-08-05 22:52:52.954590,Lower Saxony,Signaling Systems,Shipped,16673.3,13
ORD-101991,2025-08-06 01:29:52.438487,Bavaria,Rail Automation,Delivered,9548.11,42
ORD-101992,2025-08-06 04:06:51.922384,North Rhine-Westphalia,Rail Automation,Delivered,1171.87,31
ORD-101993,2025-08-06 06:43:51.406281,Saxony,Rolling Stock Components,Shipped,2990.55,20
ORD-101994,2025-08-06 09:20:50.890178,Baden-Württemberg,Signaling Systems,Shipped,1680.98,7
ORD-101995,2025-08-06 11:57:50.374074,Bavaria,Rolling Stock Components,In Progress,5655.17,40
ORD-101996,2025-08-06 14:34:49.857971,Lower Saxony,Rolling Stock Components,Shipped,1772.17,33
ORD-101997,2025-08-06 17:11:49.341868,Bavaria,Electrification,Delivered,2351.2,28
ORD-101998,2025-08-06 19:48:48.825765,Lower Saxony,Electrification,Delivered,1823.89,44
ORD-101999,2025-08-06 22:25:48.309661,North Rhine-Westphalia,Signaling Systems,Delivered,3775.44,44
ORD-102000,2025-08-07 01:02:47.793558,Saxony,Service Parts,In Progress,5316.48,20
ORD-102001,2025-08-07 03:39:47.277455,North Rhine-Westphalia,Electrification,Delivered,3887.07,32
ORD-102002,2025-08-07 06:16:46.761352,Baden-Württemberg,Service Parts,Delivered,26534.4,9
ORD-102003,2025-08-07 08:53:46.245249,Bavaria,Rail Automation,Delivered,11994.67,34
ORD-102004,2025-08-07 11:30:45.729145,Lower Saxony,Electrification,Delivered,2076.97,14
ORD-102005,2025-08-07 14:07:45.213042,Lower Saxony,Electrification,Delivered,7031.58,4
ORD-102006,2025-08-07 16:44:44.696939,Bavaria,Signaling Systems,Delivered,2273.95,29
ORD-102007,2025-08-07 19:21:44.180836,Bavaria,Service Parts,Delivered,3182.31,15
ORD-102008,2025-08-07 21:58:43.664732,Baden-Württemberg,Electrification,In Progress,,17
ORD-102009,2025-08-08 00:35:43.148629,North Rhine-Westphalia,Electrification,Delivered,10221.16,19
ORD-102010,2025-08-08 03:12:42.632526,Lower Saxony,Signaling Systems,In Progress,2575.57,38
ORD-102011,2025-08-08 05:49:42.116423,Baden-Württemberg,Signaling Systems,Received,1457.74,9
ORD-102012,2025-08-08 08:26:41.600320,North Rhine-Westphalia,Service Parts,Cancelled,5412.54,27
ORD-102013,2025-08-08 11:03:41.084216,Baden-Württemberg,Rail Automation,Cancelled,7927.43,15
ORD-102014,2025-08-08 13:40:40.568113,Lower Saxony,Rail Automation,Received,2435.44,37
ORD-102015,2025-08-08 16:17:40.052010,Bavaria,Rolling Stock Components,Shipped,12066.76,28
ORD-102016,2025-08-08 18:54:39.535907,Bavaria,Electrification,In Progress,9929.07,4
ORD-102017,2025-08-08 21:31:39.019803,North Rhine-Westphalia,Service Parts,Delivered,2396.69,21
ORD-102018,2025-08-09 00:08:38.503700,Saxony,Electrification,Delivered,17037.61,34
ORD-102019,2025-08-09 02:45:37.987597,North Rhine-Westphalia,Service Parts,Cancelled,17620.18,19
ORD-102020,2025-08-09 05:22:37.471494,Saxony,Service Parts,Delivered,47783.46,37
ORD-102021,2025-08-09 07:59:36.955391,Baden-Württemberg,Service Parts,Shipped,32303.66,4
ORD-102022,2025-08-09 10:36:36.439287,Baden-Württemberg,Electrification,Delivered,1820.97,37
ORD-102023,2025-08-09 13:13:35.923184,Lower Saxony,Signaling Systems,Shipped,13595.32,32
ORD-102024,2025-08-09 15:50:35.407081,Saxony,Electrification,Delivered,12933.71,12
ORD-102025,2025-08-09 18:27:34.890978,Lower Saxony,Service Parts,Delivered,3349.84,41
ORD-102026,2025-08-09 21:04:34.374874,Bavaria,Rolling Stock Components,Delivered,8106.47,16
ORD-102027,2025-08-09 23:41:33.858771,Saxony,Rail Automation,Shipped,623.04,14
ORD-102028,2025-08-10 02:18:33.342668,North Rhine-Westphalia,Service Parts,Shipped,604.3,1
ORD-102029,2025-08-10 04:55:32.826565,Bavaria,Rolling Stock Components,Received,745.38,32
ORD-102030,2025-08-10 07:32:32.310462,Bavaria,Signaling Systems,Delivered,7541.55,21
ORD-102031,2025-08-10 10:09:31.794358,North Rhine-Westphalia,Service Parts,Delivered,7943.9,4
ORD-102032,2025-08-10 12:46:31.278255,Bavaria,Rolling Stock Components,Shipped,3636.32,-9
ORD-102033,2025-08-10 15:23:30.762152,Saxony,Service Parts,Delivered,32639.75,22
ORD-102034,2025-08-10 18:00:30.246049,Lower Saxony,Electrification,Delivered,14556.35,12
ORD-102035,2025-08-10 20:37:29.729945,Bavaria,Rolling Stock Components,In Progress,847.13,30
ORD-102036,2025-08-10 23:14:29.213842,Saxony,Electrification,Delivered,4067.68,30
ORD-102037,2025-08-11 01:51:28.697739,Baden-Württemberg,Electrification,Delivered,1748.21,32
ORD-102038,2025-08-11 04:28:28.181636,Saxony,Rolling Stock Components,Delivered,7749.59,-36
ORD-102039,2025-08-11 07:05:27.665533,Lower Saxony,Rail Automation,Shipped,4752.2,7
ORD-102040,2025-08-11 09:42:27.149429,Saxony,Rolling Stock Components,In Progress,1860.73,17
ORD-102041,2025-08-11 12:19:26.633326,North Rhine-Westphalia,Rail Automation,Shipped,31695.18,1
ORD-102042,2025-08-11 14:56:26.117223,Lower Saxony,Service Parts,Shipped,5235.08,14
ORD-102043,2025-08-11 17:33:25.601120,Baden-Württemberg,Service Parts,In Progress,3109.93,44
ORD-102044,2025-08-11 20:10:25.085017,North Rhine-Westphalia,Rolling Stock Components,Delivered,3720.25,44
ORD-102045,2025-08-11 22:47:24.568913,Saxony,Service Parts,Delivered,29159.47,38
ORD-102046,2025-08-12 01:24:24.052810,Lower Saxony,Signaling Systems,Delivered,13391.86,26
ORD-102047,2025-08-12 04:01:23.536707,Baden-Württemberg,Electrification,Received,4110.97,27
ORD-102048,2025-08-12 06:38:23.020604,North Rhine-Westphalia,Electrification,Delivered,1650.28,16
ORD-102049,2025-08-12 09:15:22.504500,Baden-Württemberg,Rail Automation,Delivered,1958.99,7
ORD-102050,2025-08-12 11:52:21.988397,Saxony,Service Parts,Delivered,2891.83,32
ORD-102051,2025-08-12 14:29:21.472294,Baden-Württemberg,Rail Automation,Delivered,8585.95,25
ORD-102052,2025-08-12 17:06:20.956191,Bavaria,Electrification,Delivered,11295.79,31
ORD-102053,2025-08-12 19:43:20.440088,North Rhine-Westphalia,Electrification,Delivered,2212.56,16
ORD-102054,2025-08-12 22:20:19.923984,Baden-Württemberg,Service Parts,Shipped,11858.93,41
ORD-102055,2025-08-13 00:57:19.407881,Saxony,Signaling Systems,Delivered,1808.99,14
ORD-102056,2025-08-13 03:34:18.891778,Saxony,Signaling Systems,Received,2507.52,25
ORD-102057,2025-08-13 06:11:18.375675,Baden-Württemberg,Service Parts,Received,997.77,30
ORD-102058,2025-08-13 08:48:17.859571,Saxony,Service Parts,In Progress,965.61,7
ORD-102059,2025-08-13 11:25:17.343468,Lower Saxony,Rail Automation,In Progress,1787.6,12
ORD-102060,2025-08-13 14:02:16.827365,Lower Saxony,Service Parts,Shipped,4777.61,3
ORD-102061,2025-08-13 16:39:16.311262,Lower Saxony,Signaling Systems,In Progress,1646.85,27
ORD-102062,2025-08-13 19:16:15.795159,Bavaria,Service Parts,Received,25537.23,19
ORD-102063,2025-08-13 21:53:15.279055,Baden-Württemberg,Rail Automation,Delivered,1762.09,43
ORD-102064,2025-08-14 00:30:14.762952,Bavaria,Rail Automation,Received,6016.98,37
ORD-102065,2025-08-14 03:07:14.246849,Saxony,Rail Automation,Delivered,20999.78,42
ORD-102066,2025-08-14 05:44:13.730746,Bavaria,Rail Automation,In Progress,5441.25,7
ORD-102067,2025-08-14 08:21:13.214642,Saxony,Rolling Stock Components,Delivered,3293.46,16
ORD-102068,2025-08-14 10:58:12.698539,Saxony,Service Parts,Delivered,5777.4,32
ORD-102069,2025-08-14 13:35:12.182436,North Rhine-Westphalia,Electrification,Delivered,2649.41,8
ORD-102070,2025-08-14 16:12:11.666333,Lower Saxony,Service Parts,Delivered,1634.53,13
ORD-102071,2025-08-14 18:49:11.150230,Saxony,Rolling Stock Components,Received,9642.9,11
ORD-102072,2025-08-14 21:26:10.634126,North Rhine-Westphalia,Rail Automation,Cancelled,2587.84,20
ORD-102073,2025-08-15 00:03:10.118023,Lower Saxony,Rolling Stock Components,Delivered,13772.49,18
ORD-102074,2025-08-15 02:40:09.601920,Saxony,Signaling Systems,Delivered,11800.4,37
ORD-102075,2025-08-15 05:17:09.085817,Saxony,Signaling Systems,Delivered,5901.42,6
ORD-102076,2025-08-15 07:54:08.569713,Bavaria,Service Parts,Shipped,14299.42,20
ORD-102077,2025-08-15 10:31:08.053610,Bavaria,Service Parts,Delivered,2701.43,32
ORD-102078,2025-08-15 13:08:07.537507,Lower Saxony,Electrification,Shipped,11639.44,44
ORD-102079,2025-08-15 15:45:07.021404,Saxony,Electrification,Delivered,11573.0,29
ORD-102080,2025-08-15 18:22:06.505301,Baden-Württemberg,Signaling Systems,Received,3527.82,4
ORD-102081,2025-08-15 20:59:05.989197,Bavaria,Rail Automation,Delivered,3063.49,7
ORD-102082,2025-08-15 23:36:05.473094,Lower Saxony,Rolling Stock Components,In Progress,7058.1,43
ORD-102083,2025-08-16 02:13:04.956991,Saxony,Electrification,In Progress,42833.21,20
ORD-102084,2025-08-16 04:50:04.440888,Saxony,Electrification,Delivered,3806.79,34
ORD-102085,2025-08-16 07:27:03.924784,Baden-Württemberg,Rail Automation,Delivered,2993.36,36
ORD-102086,2025-08-16 10:04:03.408681,Lower Saxony,Rail Automation,Delivered,17965.96,7
ORD-102087,2025-08-16 12:41:02.892578,Saxony,Service Parts,In Progress,5297.26,33
ORD-102088,2025-08-16 15:18:02.376475,Bavaria,Rolling Stock Components,Received,12741.54,15
ORD-102089,2025-08-16 17:55:01.860372,Baden-Württemberg,Rail Automation,Delivered,24886.84,32
ORD-102090,2025-08-16 20:32:01.344268,Lower Saxony,Electrification,Cancelled,603.22,22
ORD-102091,2025-08-16 23:09:00.828165,Baden-Württemberg,Electrification,Delivered,4715.75,40
ORD-102092,2025-08-17 01:46:00.312062,Bavaria,Signaling Systems,Delivered,3816.98,29
ORD-102093,2025-08-17 04:22:59.795959,Lower Saxony,Rail Automation,Delivered,1705.2,25
ORD-102094,2025-08-17 06:59:59.279855,Baden-Württemberg,Service Parts,Shipped,595.56,5
ORD-102095,2025-08-17 09:36:58.763752,North Rhine-Westphalia,Rolling Stock Components,Delivered,853.51,14
ORD-102096,2025-08-17 12:13:58.247649,Bavaria,Service Parts,Delivered,5512.68,35
ORD-102097,2025-08-17 14:50:57.731546,Bavaria,Electrification,Shipped,2731.37,2
ORD-102098,2025-08-17 17:27:57.215443,Bavaria,Service Parts,Delivered,2034.45,25
ORD-102099,2025-08-17 20:04:56.699339,North Rhine-Westphalia,Electrification,Delivered,5452.72,16
ORD-102100,2025-08-17 22:41:56.183236,North Rhine-Westphalia,Electrification,Shipped,2295.34,16
ORD-102101,2025-08-18 01:18:55.667133,Saxony,Electrification,Shipped,20316.7,11
ORD-102102,2025-08-18 03:55:55.151030,Baden-Württemberg,Electrification,Received,2482.51,35
ORD-102103,2025-08-18 06:32:54.634926,Saxony,Electrification,Delivered,25741.34,23
ORD-102104,2025-08-18 09:09:54.118823,Baden-Württemberg,Signaling Systems,In Progress,4755.15,5
ORD-102105,2025-08-18 11:46:53.602720,North Rhine-Westphalia,Service Parts,In Progress,2399.25,35
ORD-102106,2025-08-18 14:23:53.086617,North Rhine-Westphalia,Signaling Systems,Delivered,2214.94,29
ORD-102107,2025-08-18 17:00:52.570514,Saxony,Signaling Systems,Delivered,25982.37,5
ORD-102108,2025-08-18 19:37:52.054410,Lower Saxony,Rail Automation,Delivered,10566.21,3
ORD-102109,2025-08-18 22:14:51.538307,Saxony,Rail Automation,Delivered,2131.63,6
ORD-102110,2025-08-19 00:51:51.022204,Baden-Württemberg,Rail Automation,Delivered,5602.59,23
ORD-102111,2025-08-19 03:28:50.506101,Saxony,Rolling Stock Components,Delivered,367.03,2
ORD-102112,2025-08-19 06:05:49.989998,Bavaria,Rail Automation,Delivered,1135.96,18
ORD-102113,2025-08-19 08:42:49.473894,Baden-Württemberg,Service Parts,Delivered,2153.14,30
ORD-102114,2025-08-19 11:19:48.957791,Baden-Württemberg,Signaling Systems,Shipped,2095.82,38
ORD-102115,2025-08-19 13:56:48.441688,Lower Saxony,Service Parts,Cancelled,18663.34,5
ORD-102116,2025-08-19 16:33:47.925585,North Rhine-Westphalia,Rail Automation,Shipped,,11
ORD-102117,2025-08-19 19:10:47.409481,Baden-Württemberg,Rolling Stock Components,In Progress,1021.89,1
ORD-102118,2025-08-19 21:47:46.893378,North Rhine-Westphalia,Rolling Stock Components,Shipped,8083.93,10
ORD-102119,2025-08-20 00:24:46.377275,Saxony,Signaling Systems,Received,6331.54,41
ORD-102120,2025-08-20 03:01:45.861172,Bavaria,Service Parts,Cancelled,3345.1,44
ORD-102121,2025-08-20 05:38:45.345069,Lower Saxony,Electrification,Delivered,46992.24,26
ORD-102122,2025-08-20 08:15:44.828965,North Rhine-Westphalia,Service Parts,Delivered,9692.89,33
ORD-102123,2025-08-20 10:52:44.312862,Baden-Württemberg,Rail Automation,Delivered,,27
ORD-102124,2025-08-20 13:29:43.796759,North Rhine-Westphalia,Electrification,Delivered,4647.66,12
ORD-102125,2025-08-20 16:06:43.280656,Baden-Württemberg,Rolling Stock Components,Received,2702.84,2
ORD-102126,2025-08-20 18:43:42.764552,North Rhine-Westphalia,Signaling Systems,Delivered,2737.11,1
ORD-102127,2025-08-20 21:20:42.248449,Baden-Württemberg,Signaling Systems,Delivered,13635.49,1
ORD-102128,2025-08-20 23:57:41.732346,Saxony,Rolling Stock Components,Shipped,11499.09,33
ORD-102129,2025-08-21 02:34:41.216243,Baden-Württemberg,Rail Automation,Delivered,3864.28,22
ORD-102130,2025-08-21 05:11:40.700140,Baden-Württemberg,Rolling Stock Components,In Progress,8256.39,12
ORD-102131,2025-08-21 07:48:40.184036,Bavaria,Rail Automation,In Progress,14169.96,39
ORD-102132,2025-08-21 10:25:39.667933,Baden-Württemberg,Electrification,In Progress,2643.02,36
ORD-102133,2025-08-21 13:02:39.151830,Bavaria,Rolling Stock Components,Shipped,3368.64,21
ORD-102134,2025-08-21 15:39:38.635727,Lower Saxony,Rail Automation,Delivered,8032.93,20
ORD-102135,2025-08-21 18:16:38.119623,Bavaria,Electrification,Delivered,687.1,36
ORD-102136,2025-08-21 20:53:37.603520,Saxony,Rolling Stock Components,Shipped,8202.15,26
ORD-102137,2025-08-21 23:30:37.087417,Bavaria,Signaling Systems,Delivered,1425.74,31
ORD-102138,2025-08-22 02:07:36.571314,Lower Saxony,Rolling Stock Components,Delivered,13846.93,1
ORD-102139,2025-08-22 04:44:36.055211,Saxony,Service Parts,In Progress,52185.67,38
ORD-102140,2025-08-22 07:21:35.539107,North Rhine-Westphalia,Rolling Stock Components,In Progress,2282.7,14
ORD-102141,2025-08-22 09:58:35.023004,North Rhine-Westphalia,Service Parts,Cancelled,1113.64,26
ORD-102142,2025-08-22 12:35:34.506901,Bavaria,Electrification,Delivered,4032.33,42
ORD-102143,2025-08-22 15:12:33.990798,Bavaria,Rolling Stock Components,Cancelled,3670.98,7
ORD-102144,2025-08-22 17:49:33.474694,Lower Saxony,Electrification,Shipped,10165.92,12
ORD-102145,2025-08-22 20:26:32.958591,Lower Saxony,Electrification,Delivered,6357.99,24
ORD-102146,2025-08-22 23:03:32.442488,Baden-Württemberg,Rail Automation,In Progress,3547.64,19
ORD-102147,2025-08-23 01:40:31.926385,Lower Saxony,Electrification,Shipped,5429.89,9
ORD-102148,2025-08-23 04:17:31.410282,Baden-Württemberg,Electrification,Delivered,1430.29,35
ORD-102149,2025-08-23 06:54:30.894178,Saxony,Rolling Stock Components,Shipped,12235.99,4
ORD-102150,2025-08-23 09:31:30.378075,Bavaria,Rolling Stock Components,In Progress,29136.8,42
ORD-102151,2025-08-23 12:08:29.861972,Saxony,Signaling Systems,Shipped,1316.38,32
ORD-102152,2025-08-23 14:45:29.345869,Lower Saxony,Rail Automation,Received,865.08,6
ORD-102153,2025-08-23 17:22:28.829765,Saxony,Electrification,Delivered,3158.03,28
ORD-102154,2025-08-23 19:59:28.313662,Saxony,Rail Automation,Delivered,1282.26,28
ORD-102155,2025-08-23 22:36:27.797559,Saxony,Service Parts,Received,1207.32,40
ORD-102156,2025-08-24 01:13:27.281456,Lower Saxony,Electrification,In Progress,1051.3,29
ORD-102157,2025-08-24 03:50:26.765353,Saxony,Rail Automation,In Progress,3972.05,42
ORD-102158,2025-08-24 06:27:26.249249,Baden-Württemberg,Signaling Systems,Delivered,3125.77,5
ORD-102159,2025-08-24 09:04:25.733146,Lower Saxony,Signaling Systems,Received,7409.98,5
ORD-102160,2025-08-24 11:41:25.217043,Saxony,Electrification,Delivered,2645.68,37
ORD-102161,2025-08-24 14:18:24.700940,Lower Saxony,Service Parts,Received,1289.09,41
ORD-102162,2025-08-24 16:55:24.184836,North Rhine-Westphalia,Signaling Systems,In Progress,4824.34,28
ORD-102163,2025-08-24 19:32:23.668733,Baden-Württemberg,Signaling Systems,Delivered,1533.93,41
ORD-102164,2025-08-24 22:09:23.152630,Saxony,Service Parts,Delivered,8633.35,9
ORD-102165,2025-08-25 00:46:22.636527,North Rhine-Westphalia,Rail Automation,Received,786.16,29
ORD-102166,2025-08-25 03:23:22.120424,North Rhine-Westphalia,Signaling Systems,Delivered,454.24,14
ORD-102167,2025-08-25 06:00:21.604320,Lower Saxony,Rolling Stock Components,Delivered,836.52,38
ORD-102168,2025-08-25 08:37:21.088217,North Rhine-Westphalia,Signaling Systems,Delivered,3102.14,40
ORD-102169,2025-08-25 11:14:20.572114,Baden-Württemberg,Rail Automation,Delivered,3583.72,34
ORD-102170,2025-08-25 13:51:20.056011,Baden-Württemberg,Rail Automation,Delivered,5713.78,37
ORD-102171,2025-08-25 16:28:19.539907,Bavaria,Electrification,Cancelled,2640.77,42
ORD-102172,2025-08-25 19:05:19.023804,Baden-Württemberg,Rolling Stock Components,In Progress,1936.89,14
ORD-102173,2025-08-25 21:42:18.507701,North Rhine-Westphalia,Rail Automation,Delivered,23780.04,18
ORD-102174,2025-08-26 00:19:17.991598,Baden-Württemberg,Service Parts,Delivered,17779.01,33
ORD-102175,2025-08-26 02:56:17.475495,Lower Saxony,Rolling Stock Components,Received,14542.38,34
ORD-102176,2025-08-26 05:33:16.959391,Bavaria,Rolling Stock Components,Received,6903.51,28
ORD-102177,2025-08-26 08:10:16.443288,North Rhine-Westphalia,Service Parts,In Progress,,36
ORD-102178,2025-08-26 10:47:15.927185,Bavaria,Signaling Systems,Delivered,2026.94,37
ORD-102179,2025-08-26 13:24:15.411082,North Rhine-Westphalia,Service Parts,Delivered,5760.58,23
ORD-102180,2025-08-26 16:01:14.894978,Lower Saxony,Service Parts,Delivered,1747.86,42
ORD-102181,2025-08-26 18:38:14.378875,Bavaria,Signaling Systems,Received,1542.87,17
ORD-102182,2025-08-26 21:15:13.862772,Saxony,Signaling Systems,Delivered,829.45,11
ORD-102183,2025-08-26 23:52:13.346669,North Rhine-Westphalia,Signaling Systems,Delivered,7682.33,32
ORD-102184,2025-08-27 02:29:12.830566,Saxony,Signaling Systems,Shipped,5884.28,37
ORD-102185,2025-08-27 05:06:12.314462,Bavaria,Signaling Systems,Delivered,3522.15,15
ORD-102186,2025-08-27 07:43:11.798359,Saxony,Service Parts,Delivered,3049.74,4
ORD-102187,2025-08-27 10:20:11.282256,Saxony,Electrification,Delivered,656.47,39
ORD-102188,2025-08-27 12:57:10.766153,Bavaria,Electrification,Delivered,6516.15,30
ORD-102189,2025-08-27 15:34:10.250050,Lower Saxony,Rail Automation,Delivered,3473.46,10
ORD-102190,2025-08-27 18:11:09.733946,Saxony,Electrification,Shipped,13168.68,23
ORD-102191,2025-08-27 20:48:09.217843,Saxony,Electrification,Delivered,5772.34,24
ORD-102192,2025-08-27 23:25:08.701740,Lower Saxony,Service Parts,In Progress,10682.5,36
ORD-102193,2025-08-28 02:02:08.185637,Saxony,Signaling Systems,Shipped,4875.78,5
ORD-102194,2025-08-28 04:39:07.669533,Saxony,Signaling Systems,Received,6001.99,37
ORD-102195,2025-08-28 07:16:07.153430,Saxony,Service Parts,Delivered,13687.51,43
ORD-102196,2025-08-28 09:53:06.637327,Baden-Württemberg,Electrification,Shipped,3977.35,19
ORD-102197,2025-08-28 12:30:06.121224,Lower Saxony,Service Parts,In Progress,8258.85,37
ORD-102198,2025-08-28 15:07:05.605121,Saxony,Rail Automation,In Progress,3017.32,8
ORD-102199,2025-08-28 17:44:05.089017,Lower Saxony,Signaling Systems,Delivered,4254.71,7
ORD-102200,2025-08-28 20:21:04.572914,North Rhine-Westphalia,Rolling Stock Components,Delivered,28364.01,40
ORD-102201,2025-08-28 22:58:04.056811,North Rhine-Westphalia,Rail Automation,Delivered,9942.34,13
ORD-102202,2025-08-29 01:35:03.540708,Saxony,Rail Automation,Delivered,2709.16,37
ORD-102203,2025-08-29 04:12:03.024604,Lower Saxony,Service Parts,Delivered,7826.03,27
ORD-102204,2025-08-29 06:49:02.508501,Lower Saxony,Electrification,Shipped,1202.33,18
ORD-102205,2025-08-29 09:26:01.992398,Lower Saxony,Signaling Systems,Delivered,3853.31,24
ORD-102206,2025-08-29 12:03:01.476295,Baden-Württemberg,Rolling Stock Components,In Progress,1721.99,41
ORD-102207,2025-08-29 14:40:00.960192,North Rhine-Westphalia,Rail Automation,Shipped,8079.59,2
ORD-102208,2025-08-29 17:17:00.444088,Lower Saxony,Rolling Stock Components,Shipped,3992.51,16
ORD-102209,2025-08-29 19:53:59.927985,Lower Saxony,Electrification,Delivered,6713.17,14
ORD-102210,2025-08-29 22:30:59.411882,Baden-Württemberg,Electrification,Delivered,11517.21,17
ORD-102211,2025-08-30 01:07:58.895779,Baden-Württemberg,Rolling Stock Components,Delivered,2962.43,6
ORD-102212,2025-08-30 03:44:58.379675,Lower Saxony,Signaling Systems,In Progress,3081.18,35
ORD-102213,2025-08-30 06:21:57.863572,Bavaria,Electrification,Delivered,4718.56,17
ORD-102214,2025-08-30 08:58:57.347469,Lower Saxony,Rolling Stock Components,In Progress,1907.32,38
ORD-102215,2025-08-30 11:35:56.831366,Lower Saxony,Rail Automation,In Progress,4854.52,40
ORD-102216,2025-08-30 14:12:56.315263,Baden-Württemberg,Rolling Stock Components,Received,5144.68,6
ORD-102217,2025-08-30 16:49:55.799159,Baden-Württemberg,Rolling Stock Components,Delivered,6322.27,38
ORD-102218,2025-08-30 19:26:55.283056,Lower Saxony,Service Parts,Shipped,7797.09,21
ORD-102219,2025-08-30 22:03:54.766953,Lower Saxony,Electrification,Delivered,842.67,35
ORD-102220,2025-08-31 00:40:54.250850,Lower Saxony,Signaling Systems,Delivered,1195.56,23
ORD-102221,2025-08-31 03:17:53.734746,Baden-Württemberg,Signaling Systems,Delivered,1361.17,12
ORD-102222,2025-08-31 05:54:53.218643,Lower Saxony,Service Parts,Delivered,5441.82,29
ORD-102223,2025-08-31 08:31:52.702540,Lower Saxony,Signaling Systems,Shipped,3594.59,27
ORD-102224,2025-08-31 11:08:52.186437,Saxony,Rolling Stock Components,Shipped,405.65,6
ORD-102225,2025-08-31 13:45:51.670334,Bavaria,Service Parts,Delivered,41845.91,21
ORD-102226,2025-08-31 16:22:51.154230,North Rhine-Westphalia,Rail Automation,Delivered,551.22,7
ORD-102227,2025-08-31 18:59:50.638127,Bavaria,Electrification,Delivered,5082.03,43
ORD-102228,2025-08-31 21:36:50.122024,Saxony,Electrification,Delivered,9133.56,41
ORD-102229,2025-09-01 00:13:49.605921,North Rhine-Westphalia,Electrification,In Progress,,16
ORD-102230,2025-09-01 02:50:49.089817,Lower Saxony,Rolling Stock Components,In Progress,9936.36,5
ORD-102231,2025-09-01 05:27:48.573714,Saxony,Rail Automation,Delivered,1621.33,15
ORD-102232,2025-09-01 08:04:48.057611,Lower Saxony,Service Parts,Shipped,5932.56,21
ORD-102233,2025-09-01 10:41:47.541508,Baden-Württemberg,Service Parts,Received,446.48,4
ORD-102234,2025-09-01 13:18:47.025405,Saxony,Electrification,Delivered,17864.16,5
ORD-102235,2025-09-01 15:55:46.509301,Baden-Württemberg,Rail Automation,In Progress,4919.5,7
ORD-102236,2025-09-01 18:32:45.993198,Saxony,Rail Automation,Delivered,850.49,35
ORD-102237,2025-09-01 21:09:45.477095,Saxony,Rail Automation,Delivered,9814.63,36
ORD-102238,2025-09-01 23:46:44.960992,Baden-Württemberg,Signaling Systems,Delivered,29595.2,15
ORD-102239,2025-09-02 02:23:44.444888,North Rhine-Westphalia,Signaling Systems,In Progress,1773.92,28
ORD-102240,2025-09-02 05:00:43.928785,Bavaria,Electrification,In Progress,3900.14,2
ORD-102241,2025-09-02 07:37:43.412682,Lower Saxony,Rail Automation,Delivered,2789.71,5
ORD-102242,2025-09-02 10:14:42.896579,Saxony,Rail Automation,In Progress,2106.45,7
ORD-102243,2025-09-02 12:51:42.380476,Lower Saxony,Service Parts,Shipped,1875.97,22
ORD-102244,2025-09-02 15:28:41.864372,Baden-Württemberg,Service Parts,Shipped,2413.65,31
ORD-102245,2025-09-02 18:05:41.348269,Lower Saxony,Electrification,In Progress,2561.59,32
ORD-102246,2025-09-02 20:42:40.832166,Baden-Württemberg,Rail Automation,In Progress,3320.57,8
ORD-102247,2025-09-02 23:19:40.316063,Lower Saxony,Electrification,Delivered,3065.65,41
ORD-102248,2025-09-03 01:56:39.799959,Bavaria,Service Parts,In Progress,11353.58,42
ORD-102249,2025-09-03 04:33:39.283856,Bavaria,Service Parts,Received,10291.4,11
ORD-102250,2025-09-03 07:10:38.767753,Bavaria,Signaling Systems,Delivered,909.73,1
ORD-102251,2025-09-03 09:47:38.251650,Bavaria,Electrification,Cancelled,2558.18,40
ORD-102252,2025-09-03 12:24:37.735547,Bavaria,Electrification,Shipped,19450.21,19
ORD-102253,2025-09-03 15:01:37.219443,Bavaria,Rail Automation,In Progress,6791.5,44
ORD-102254,2025-09-03 17:38:36.703340,Baden-Württemberg,Rail Automation,Delivered,7100.48,38
ORD-102255,2025-09-03 20:15:36.187237,Saxony,Signaling Systems,Delivered,6392.47,42
ORD-102256,2025-09-03 22:52:35.671134,Lower Saxony,Rolling Stock Components,Delivered,3685.54,37
ORD-102257,2025-09-04 01:29:35.155031,Bavaria,Rolling Stock Components,Delivered,4697.79,7
ORD-102258,2025-09-04 04:06:34.638927,Baden-Württemberg,Rolling Stock Components,Shipped,3151.74,39
ORD-102259,2025-09-04 06:43:34.122824,Baden-Württemberg,Electrification,Delivered,12598.19,25
ORD-102260,2025-09-04 09:20:33.606721,Baden-Württemberg,Electrification,Received,3183.52,22
ORD-102261,2025-09-04 11:57:33.090618,Saxony,Service Parts,Delivered,4340.51,27
ORD-102262,2025-09-04 14:34:32.574514,Lower Saxony,Electrification,Delivered,11035.48,41
ORD-102263,2025-09-04 17:11:32.058411,Saxony,Electrification,Cancelled,3426.96,38
ORD-102264,2025-09-04 19:48:31.542308,North Rhine-Westphalia,Electrification,Shipped,4546.93,39
ORD-102265,2025-09-04 22:25:31.026205,Baden-Württemberg,Signaling Systems,Received,3314.24,15
ORD-102266,2025-09-05 01:02:30.510102,North Rhine-Westphalia,Electrification,Delivered,4454.77,2
ORD-102267,2025-09-05 03:39:29.993998,Bavaria,Rail Automation,Delivered,3440.07,8
ORD-102268,2025-09-05 06:16:29.477895,Bavaria,Rail Automation,Delivered,2725.91,44
ORD-102269,2025-09-05 08:53:28.961792,Saxony,Service Parts,In Progress,2255.78,43
ORD-102270,2025-09-05 11:30:28.445689,Lower Saxony,Signaling Systems,Shipped,4065.55,6
ORD-102271,2025-09-05 14:07:27.929585,North Rhine-Westphalia,Rail Automation,Delivered,15063.98,20
ORD-102272,2025-09-05 16:44:27.413482,Lower Saxony,Signaling Systems,Shipped,9760.19,27
ORD-102273,2025-09-05 19:21:26.897379,Saxony,Signaling Systems,Delivered,865.15,23
ORD-102274,2025-09-05 21:58:26.381276,Bavaria,Service Parts,Delivered,3065.41,40
ORD-102275,2025-09-06 00:35:25.865173,Lower Saxony,Signaling Systems,Delivered,2435.31,17
ORD-102276,2025-09-06 03:12:25.349069,Lower Saxony,Electrification,Delivered,881.34,13
ORD-102277,2025-09-06 05:49:24.832966,Bavaria,Signaling Systems,Delivered,6652.89,4
ORD-102278,2025-09-06 08:26:24.316863,North Rhine-Westphalia,Service Parts,Shipped,4421.79,20
ORD-102279,2025-09-06 11:03:23.800760,Bavaria,Service Parts,Delivered,45489.48,42
ORD-102280,2025-09-06 13:40:23.284656,Lower Saxony,Service Parts,Shipped,3403.56,25
ORD-102281,2025-09-06 16:17:22.768553,North Rhine-Westphalia,Rail Automation,Delivered,2092.69,22
ORD-102282,2025-09-06 18:54:22.252450,North Rhine-Westphalia,Electrification,In Progress,1881.39,17
ORD-102283,2025-09-06 21:31:21.736347,Bavaria,Rail Automation,Delivered,2990.66,40
ORD-102284,2025-09-07 00:08:21.220244,Lower Saxony,Rolling Stock Components,Shipped,9408.41,11
ORD-102285,2025-09-07 02:45:20.704140,Saxony,Electrification,Shipped,10671.75,25
ORD-102286,2025-09-07 05:22:20.188037,Lower Saxony,Signaling Systems,Cancelled,122856.6,5
ORD-102287,2025-09-07 07:59:19.671934,Baden-Württemberg,Service Parts,In Progress,1303.44,21
ORD-102288,2025-09-07 10:36:19.155831,Saxony,Rolling Stock Components,Delivered,5403.8,26
ORD-102289,2025-09-07 13:13:18.639727,North Rhine-Westphalia,Electrification,Cancelled,2315.29,16
ORD-102290,2025-09-07 15:50:18.123624,Saxony,Rail Automation,Received,7226.79,40
ORD-102291,2025-09-07 18:27:17.607521,North Rhine-Westphalia,Service Parts,Delivered,22504.55,21
ORD-102292,2025-09-07 21:04:17.091418,North Rhine-Westphalia,Rail Automation,Shipped,12686.87,32
ORD-102293,2025-09-07 23:41:16.575315,Saxony,Electrification,Received,1301.97,4
ORD-102294,2025-09-08 02:18:16.059211,North Rhine-Westphalia,Electrification,Shipped,10437.11,38
ORD-102295,2025-09-08 04:55:15.543108,North Rhine-Westphalia,Rolling Stock Components,Delivered,480.73,8
ORD-102296,2025-09-08 07:32:15.027005,Baden-Württemberg,Signaling Systems,Received,358.56,9
ORD-102297,2025-09-08 10:09:14.510902,Lower Saxony,Rail Automation,Delivered,3737.02,17
ORD-102298,2025-09-08 12:46:13.994798,Lower Saxony,Rolling Stock Components,Delivered,9621.43,41
ORD-102299,2025-09-08 15:23:13.478695,Baden-Württemberg,Service Parts,Delivered,7208.5,13
ORD-102300,2025-09-08 18:00:12.962592,Saxony,Signaling Systems,Received,39989.29,9
ORD-102301,2025-09-08 20:37:12.446489,Bavaria,Rolling Stock Components,Delivered,5542.83,6
ORD-102302,2025-09-08 23:14:11.930386,Bavaria,Rail Automation,Delivered,4369.73,27
ORD-102303,2025-09-09 01:51:11.414282,Bavaria,Electrification,Delivered,17513.23,42
ORD-102304,2025-09-09 04:28:10.898179,Baden-Württemberg,Service Parts,Delivered,3256.65,37
ORD-102305,2025-09-09 07:05:10.382076,Baden-Württemberg,Rail Automation,Delivered,7537.33,39
ORD-102306,2025-09-09 09:42:09.865973,North Rhine-Westphalia,Signaling Systems,Received,8053.59,43
ORD-102307,2025-09-09 12:19:09.349869,Bavaria,Signaling Systems,Delivered,1687.59,24
ORD-102308,2025-09-09 14:56:08.833766,Saxony,Electrification,Shipped,7526.71,9
ORD-102309,2025-09-09 17:33:08.317663,Saxony,Electrification,Shipped,54367.92,42
ORD-102310,2025-09-09 20:10:07.801560,Bavaria,Service Parts,Delivered,17159.63,11
ORD-102311,2025-09-09 22:47:07.285457,Bavaria,Service Parts,Shipped,1952.34,35
ORD-102312,2025-09-10 01:24:06.769353,Bavaria,Electrification,Shipped,64377.28,29
ORD-102313,2025-09-10 04:01:06.253250,Baden-Württemberg,Electrification,Cancelled,10490.2,8
ORD-102314,2025-09-10 06:38:05.737147,Baden-Württemberg,Signaling Systems,Received,7837.49,17
ORD-102315,2025-09-10 09:15:05.221044,Baden-Württemberg,Electrification,Delivered,4416.29,7
ORD-102316,2025-09-10 11:52:04.704940,Lower Saxony,Rolling Stock Components,Delivered,10414.73,12
ORD-102317,2025-09-10 14:29:04.188837,Saxony,Rail Automation,Delivered,5557.83,15
ORD-102318,2025-09-10 17:06:03.672734,Saxony,Electrification,Delivered,5022.13,29
ORD-102319,2025-09-10 19:43:03.156631,North Rhine-Westphalia,Service Parts,Shipped,4245.35,24
ORD-102320,2025-09-10 22:20:02.640528,Baden-Württemberg,Rolling Stock Components,Shipped,14344.81,37
ORD-102321,2025-09-11 00:57:02.124424,Lower Saxony,Service Parts,Shipped,12698.43,14
ORD-102322,2025-09-11 03:34:01.608321,Lower Saxony,Rolling Stock Components,Shipped,4169.98,11
ORD-102323,2025-09-11 06:11:01.092218,Saxony,Electrification,Delivered,924.37,35
ORD-102324,2025-09-11 08:48:00.576115,Baden-Württemberg,Rail Automation,Delivered,5113.67,17
ORD-102325,2025-09-11 11:25:00.060012,North Rhine-Westphalia,Service Parts,In Progress,2231.29,27
ORD-102326,2025-09-11 14:01:59.543908,Baden-Württemberg,Rolling Stock Components,In Progress,2919.19,44
ORD-102327,2025-09-11 16:38:59.027805,Bavaria,Signaling Systems,Shipped,4284.09,3
ORD-102328,2025-09-11 19:15:58.511702,Baden-Württemberg,Electrification,Received,1530.96,2
ORD-102329,2025-09-11 21:52:57.995599,Bavaria,Rail Automation,Delivered,836.04,4
ORD-102330,2025-09-12 00:29:57.479495,Bavaria,Electrification,In Progress,6776.19,18
ORD-102331,2025-09-12 03:06:56.963392,North Rhine-Westphalia,Signaling Systems,Delivered,5061.98,20
ORD-102332,2025-09-12 05:43:56.447289,Saxony,Rail Automation,Received,4853.47,21
ORD-102333,2025-09-12 08:20:55.931186,Baden-Württemberg,Signaling Systems,Shipped,8620.02,14
ORD-102334,2025-09-12 10:57:55.415083,Bavaria,Electrification,Delivered,2379.17,8
ORD-102335,2025-09-12 13:34:54.898979,Baden-Württemberg,Rolling Stock Components,Delivered,,2
ORD-102336,2025-09-12 16:11:54.382876,Saxony,Electrification,Cancelled,21400.39,26
ORD-102337,2025-09-12 18:48:53.866773,Saxony,Electrification,Delivered,3713.85,19
ORD-102338,2025-09-12 21:25:53.350670,Lower Saxony,Electrification,Shipped,39708.56,42
ORD-102339,2025-09-13 00:02:52.834566,Saxony,Service Parts,Received,5192.62,28
ORD-102340,2025-09-13 02:39:52.318463,North Rhine-Westphalia,Signaling Systems,Delivered,1924.43,29
ORD-102341,2025-09-13 05:16:51.802360,Bavaria,Signaling Systems,Delivered,12514.61,5
ORD-102342,2025-09-13 07:53:51.286257,Lower Saxony,Signaling Systems,Delivered,4342.4,43
ORD-102343,2025-09-13 10:30:50.770154,North Rhine-Westphalia,Service Parts,In Progress,15643.42,28
ORD-102344,2025-09-13 13:07:50.254050,Baden-Württemberg,Rolling Stock Components,Cancelled,7744.06,41
ORD-102345,2025-09-13 15:44:49.737947,Bavaria,Electrification,Shipped,3426.82,26
ORD-102346,2025-09-13 18:21:49.221844,Saxony,Rolling Stock Components,Delivered,26189.57,5
ORD-102347,2025-09-13 20:58:48.705741,Bavaria,Service Parts,Delivered,2837.54,15
ORD-102348,2025-09-13 23:35:48.189637,Baden-Württemberg,Signaling Systems,In Progress,453.87,9
ORD-102349,2025-09-14 02:12:47.673534,Lower Saxony,Electrification,Delivered,12947.24,32
ORD-102350,2025-09-14 04:49:47.157431,Lower Saxony,Rail Automation,Shipped,7222.27,26
ORD-102351,2025-09-14 07:26:46.641328,Lower Saxony,Rail Automation,Cancelled,20172.81,37
ORD-102352,2025-09-14 10:03:46.125225,Saxony,Rolling Stock Components,Shipped,1863.4,15
ORD-102353,2025-09-14 12:40:45.609121,North Rhine-Westphalia,Signaling Systems,Cancelled,3744.84,41
ORD-102354,2025-09-14 15:17:45.093018,North Rhine-Westphalia,Rail Automation,Received,3307.52,4
ORD-102355,2025-09-14 17:54:44.576915,Bavaria,Rolling Stock Components,Delivered,13727.25,36
ORD-102356,2025-09-14 20:31:44.060812,Saxony,Service Parts,Delivered,10056.11,20
ORD-102357,2025-09-14 23:08:43.544708,Lower Saxony,Rolling Stock Components,Delivered,6224.7,27
ORD-102358,2025-09-15 01:45:43.028605,Lower Saxony,Rolling Stock Components,In Progress,6268.98,21
ORD-102359,2025-09-15 04:22:42.512502,Baden-Württemberg,Rolling Stock Components,Delivered,1385.66,22
ORD-102360,2025-09-15 06:59:41.996399,Baden-Württemberg,Electrification,In Progress,,7
ORD-102361,2025-09-15 09:36:41.480296,Lower Saxony,Rolling Stock Components,Delivered,11708.06,31
ORD-102362,2025-09-15 12:13:40.964192,Lower Saxony,Rolling Stock Components,Shipped,61096.99,17
ORD-102363,2025-09-15 14:50:40.448089,Saxony,Electrification,Cancelled,8249.13,7
ORD-102364,2025-09-15 17:27:39.931986,North Rhine-Westphalia,Electrification,Received,9854.71,19
ORD-102365,2025-09-15 20:04:39.415883,Baden-Württemberg,Service Parts,In Progress,8311.22,28
ORD-102366,2025-09-15 22:41:38.899779,North Rhine-Westphalia,Signaling Systems,In Progress,2283.87,10
ORD-102367,2025-09-16 01:18:38.383676,Saxony,Rail Automation,Shipped,19425.49,27
ORD-102368,2025-09-16 03:55:37.867573,Lower Saxony,Rail Automation,In Progress,4622.45,13
ORD-102369,2025-09-16 06:32:37.351470,North Rhine-Westphalia,Rolling Stock Components,Delivered,3974.86,2
ORD-102370,2025-09-16 09:09:36.835367,Lower Saxony,Service Parts,Delivered,4237.4,22
ORD-102371,2025-09-16 11:46:36.319263,Lower Saxony,Rolling Stock Components,Delivered,4570.88,20
ORD-102372,2025-09-16 14:23:35.803160,Bavaria,Rail Automation,Delivered,2878.29,43
ORD-102373,2025-09-16 17:00:35.287057,North Rhine-Westphalia,Electrification,Received,6227.7,5
ORD-102374,2025-09-16 19:37:34.770954,North Rhine-Westphalia,Signaling Systems,Delivered,4419.27,6
ORD-102375,2025-09-16 22:14:34.254850,Lower Saxony,Service Parts,In Progress,4024.35,35
ORD-102376,2025-09-17 00:51:33.738747,Saxony,Electrification,Delivered,8423.73,1
ORD-102377,2025-09-17 03:28:33.222644,Bavaria,Signaling Systems,Shipped,5342.06,35
ORD-102378,2025-09-17 06:05:32.706541,Lower Saxony,Service Parts,Shipped,2671.65,3
ORD-102379,2025-09-17 08:42:32.190438,Baden-Württemberg,Service Parts,Shipped,2121.98,36
ORD-102380,2025-09-17 11:19:31.674334,Baden-Württemberg,Rail Automation,Delivered,5476.61,7
ORD-102381,2025-09-17 13:56:31.158231,Bavaria,Electrification,In Progress,2161.82,29
ORD-102382,2025-09-17 16:33:30.642128,Saxony,Service Parts,Delivered,1997.25,15
ORD-102383,2025-09-17 19:10:30.126025,Lower Saxony,Service Parts,In Progress,2028.55,11
ORD-102384,2025-09-17 21:47:29.609921,North Rhine-Westphalia,Signaling Systems,Delivered,6506.02,18
ORD-102385,2025-09-18 00:24:29.093818,Bavaria,Rail Automation,Delivered,18267.83,44
ORD-102386,2025-09-18 03:01:28.577715,Saxony,Rolling Stock Components,Shipped,7205.04,4
ORD-102387,2025-09-18 05:38:28.061612,North Rhine-Westphalia,Rail Automation,Delivered,13036.44,24
ORD-102388,2025-09-18 08:15:27.545509,Baden-Württemberg,Rolling Stock Components,Delivered,4552.03,11
ORD-102389,2025-09-18 10:52:27.029405,Baden-Württemberg,Electrification,Delivered,5747.08,6
ORD-102390,2025-09-18 13:29:26.513302,North Rhine-Westphalia,Electrification,Delivered,30281.59,18
ORD-102391,2025-09-18 16:06:25.997199,Bavaria,Service Parts,Delivered,12229.12,15
ORD-102392,2025-09-18 18:43:25.481096,Baden-Württemberg,Electrification,Delivered,13776.64,3
ORD-102393,2025-09-18 21:20:24.964993,Lower Saxony,Service Parts,In Progress,3675.24,17
ORD-102394,2025-09-18 23:57:24.448889,North Rhine-Westphalia,Rail Automation,Delivered,4886.37,33
ORD-102395,2025-09-19 02:34:23.932786,North Rhine-Westphalia,Electrification,Shipped,7678.89,34
ORD-102396,2025-09-19 05:11:23.416683,Baden-Württemberg,Rail Automation,Received,2522.38,30
ORD-102397,2025-09-19 07:48:22.900580,Bavaria,Rail Automation,Delivered,365.22,19
ORD-102398,2025-09-19 10:25:22.384476,Lower Saxony,Electrification,Shipped,7601.6,9
ORD-102399,2025-09-19 13:02:21.868373,Bavaria,Rail Automation,In Progress,14150.47,40
ORD-102400,2025-09-19 15:39:21.352270,Saxony,Electrification,Delivered,5222.45,44
ORD-102401,2025-09-19 18:16:20.836167,Saxony,Electrification,Delivered,2551.67,31
ORD-102402,2025-09-19 20:53:20.320064,Baden-Württemberg,Electrification,Delivered,3416.03,27
ORD-102403,2025-09-19 23:30:19.803960,Baden-Württemberg,Rolling Stock Components,Cancelled,527.9,25
ORD-102404,2025-09-20 02:07:19.287857,Baden-Württemberg,Rail Automation,Delivered,3406.54,7
ORD-102405,2025-09-20 04:44:18.771754,Saxony,Signaling Systems,Received,1441.45,7
ORD-102406,2025-09-20 07:21:18.255651,Bavaria,Electrification,Shipped,2276.5,20
ORD-102407,2025-09-20 09:58:17.739547,Bavaria,Rail Automation,Delivered,1363.42,44
ORD-102408,2025-09-20 12:35:17.223444,Baden-Württemberg,Service Parts,Shipped,1201.02,43
ORD-102409,2025-09-20 15:12:16.707341,Lower Saxony,Electrification,Delivered,1628.6,36
ORD-102410,2025-09-20 17:49:16.191238,Bavaria,Electrification,Delivered,9858.61,19
ORD-102411,2025-09-20 20:26:15.675135,Saxony,Signaling Systems,Shipped,2805.2,2
ORD-102412,2025-09-20 23:03:15.159031,North Rhine-Westphalia,Rolling Stock Components,Delivered,1452.85,34
ORD-102413,2025-09-21 01:40:14.642928,North Rhine-Westphalia,Rolling Stock Components,Delivered,11264.55,17
ORD-102414,2025-09-21 04:17:14.126825,North Rhine-Westphalia,Electrification,Delivered,5663.91,24
ORD-102415,2025-09-21 06:54:13.610722,Lower Saxony,Rail Automation,Cancelled,365.03,9
ORD-102416,2025-09-21 09:31:13.094618,Baden-Württemberg,Service Parts,Delivered,14693.89,1
ORD-102417,2025-09-21 12:08:12.578515,Saxony,Service Parts,In Progress,5320.28,42
ORD-102418,2025-09-21 14:45:12.062412,Lower Saxony,Rail Automation,Delivered,11469.1,28
ORD-102419,2025-09-21 17:22:11.546309,Saxony,Electrification,Delivered,3836.27,15
ORD-102420,2025-09-21 19:59:11.030206,Saxony,Service Parts,Delivered,28714.56,21
ORD-102421,2025-09-21 22:36:10.514102,Baden-Württemberg,Rolling Stock Components,Delivered,3228.98,15
ORD-102422,2025-09-22 01:13:09.997999,North Rhine-Westphalia,Rail Automation,Delivered,270.58,23
ORD-102423,2025-09-22 03:50:09.481896,Baden-Württemberg,Signaling Systems,Shipped,1847.69,2
ORD-102424,2025-09-22 06:27:08.965793,Lower Saxony,Electrification,Delivered,8538.61,36
ORD-102425,2025-09-22 09:04:08.449689,Lower Saxony,Rail Automation,Delivered,5854.67,9
ORD-102426,2025-09-22 11:41:07.933586,Lower Saxony,Service Parts,In Progress,4295.12,2
ORD-102427,2025-09-22 14:18:07.417483,Baden-Württemberg,Electrification,In Progress,1660.67,2
ORD-102428,2025-09-22 16:55:06.901380,Saxony,Rolling Stock Components,Cancelled,5015.36,18
ORD-102429,2025-09-22 19:32:06.385277,Saxony,Electrification,Delivered,4837.66,17
ORD-102430,2025-09-22 22:09:05.869173,Bavaria,Electrification,Delivered,4783.3,41
ORD-102431,2025-09-23 00:46:05.353070,Lower Saxony,Rolling Stock Components,Delivered,8878.94,8
ORD-102432,2025-09-23 03:23:04.836967,Saxony,Rolling Stock Components,Delivered,6002.59,34
ORD-102433,2025-09-23 06:00:04.320864,Bavaria,Electrification,Delivered,3723.71,34
ORD-102434,2025-09-23 08:37:03.804760,Saxony,Rolling Stock Components,Delivered,1631.38,5
ORD-102435,2025-09-23 11:14:03.288657,Lower Saxony,Rail Automation,Received,21938.42,44
ORD-102436,2025-09-23 13:51:02.772554,North Rhine-Westphalia,Rolling Stock Components,Delivered,43467.18,29
ORD-102437,2025-09-23 16:28:02.256451,Lower Saxony,Rolling Stock Components,Delivered,33477.57,28
ORD-102438,2025-09-23 19:05:01.740348,Baden-Württemberg,Electrification,Delivered,10604.03,16
ORD-102439,2025-09-23 21:42:01.224244,Saxony,Rail Automation,Delivered,778.53,14
ORD-102440,2025-09-24 00:19:00.708141,Saxony,Signaling Systems,Delivered,680.57,2
ORD-102441,2025-09-24 02:56:00.192038,Baden-Württemberg,Signaling Systems,In Progress,2688.49,40
ORD-102442,2025-09-24 05:32:59.675935,Baden-Württemberg,Service Parts,Shipped,4627.51,4
ORD-102443,2025-09-24 08:09:59.159831,North Rhine-Westphalia,Rolling Stock Components,In Progress,4423.07,41
ORD-102444,2025-09-24 10:46:58.643728,Saxony,Rolling Stock Components,In Progress,6082.23,31
ORD-102445,2025-09-24 13:23:58.127625,Saxony,Rail Automation,Cancelled,1062.42,26
ORD-102446,2025-09-24 16:00:57.611522,North Rhine-Westphalia,Signaling Systems,In Progress,28800.88,27
ORD-102447,2025-09-24 18:37:57.095419,Bavaria,Service Parts,Shipped,25739.0,34
ORD-102448,2025-09-24 21:14:56.579315,North Rhine-Westphalia,Rail Automation,Delivered,1161.55,31
ORD-102449,2025-09-24 23:51:56.063212,Lower Saxony,Rolling Stock Components,Delivered,634.16,11
ORD-102450,2025-09-25 02:28:55.547109,Saxony,Signaling Systems,In Progress,4452.76,8
ORD-102451,2025-09-25 05:05:55.031006,Baden-Württemberg,Service Parts,Delivered,19698.53,12
ORD-102452,2025-09-25 07:42:54.514902,Lower Saxony,Electrification,Delivered,4743.84,35
ORD-102453,2025-09-25 10:19:53.998799,Saxony,Signaling Systems,In Progress,6541.69,34
ORD-102454,2025-09-25 12:56:53.482696,North Rhine-Westphalia,Service Parts,Shipped,3030.0,13
ORD-102455,2025-09-25 15:33:52.966593,Lower Saxony,Rail Automation,Delivered,5772.77,27
ORD-102456,2025-09-25 18:10:52.450490,Saxony,Electrification,Delivered,13890.01,8
ORD-102457,2025-09-25 20:47:51.934386,Bavaria,Service Parts,Delivered,7733.53,21
ORD-102458,2025-09-25 23:24:51.418283,Bavaria,Service Parts,Received,9256.3,41
ORD-102459,2025-09-26 02:01:50.902180,Baden-Württemberg,Rolling Stock Components,Shipped,788.74,11
ORD-102460,2025-09-26 04:38:50.386077,Saxony,Signaling Systems,Delivered,51643.03,22
ORD-102461,2025-09-26 07:15:49.869973,Bavaria,Rolling Stock Components,In Progress,799.21,21
ORD-102462,2025-09-26 09:52:49.353870,North Rhine-Westphalia,Electrification,Shipped,5837.54,28
ORD-102463,2025-09-26 12:29:48.837767,Saxony,Service Parts,Delivered,4165.15,3
ORD-102464,2025-09-26 15:06:48.321664,North Rhine-Westphalia,Rolling Stock Components,Shipped,4369.5,7
ORD-102465,2025-09-26 17:43:47.805561,North Rhine-Westphalia,Signaling Systems,Delivered,12794.98,14
ORD-102466,2025-09-26 20:20:47.289457,Bavaria,Electrification,Delivered,2256.13,15
ORD-102467,2025-09-26 22:57:46.773354,Saxony,Rail Automation,Shipped,3053.43,9
ORD-102468,2025-09-27 01:34:46.257251,Lower Saxony,Rolling Stock Components,Delivered,1392.33,43
ORD-102469,2025-09-27 04:11:45.741148,Bavaria,Electrification,In Progress,16888.27,7
ORD-102470,2025-09-27 06:48:45.225045,Bavaria,Rail Automation,Delivered,6585.95,12
ORD-102471,2025-09-27 09:25:44.708941,Saxony,Rolling Stock Components,In Progress,9906.44,19
ORD-102472,2025-09-27 12:02:44.192838,Saxony,Electrification,Received,12006.25,27
ORD-102473,2025-09-27 14:39:43.676735,North Rhine-Westphalia,Electrification,Delivered,43938.84,18
ORD-102474,2025-09-27 17:16:43.160632,Saxony,Rolling Stock Components,Delivered,36266.16,13
ORD-102475,2025-09-27 19:53:42.644528,North Rhine-Westphalia,Electrification,Delivered,7011.77,-43
ORD-102476,2025-09-27 22:30:42.128425,Bavaria,Service Parts,Shipped,5847.44,1
ORD-102477,2025-09-28 01:07:41.612322,Baden-Württemberg,Rolling Stock Components,Shipped,2737.07,38
ORD-102478,2025-09-28 03:44:41.096219,Lower Saxony,Electrification,Delivered,11143.08,21
ORD-102479,2025-09-28 06:21:40.580116,Bavaria,Rail Automation,Delivered,,34
ORD-102480,2025-09-28 08:58:40.064012,Saxony,Rail Automation,Shipped,2203.21,13
ORD-102481,2025-09-28 11:35:39.547909,Lower Saxony,Service Parts,Delivered,10848.27,41
ORD-102482,2025-09-28 14:12:39.031806,Baden-Württemberg,Rolling Stock Components,Delivered,14901.09,23
ORD-102483,2025-09-28 16:49:38.515703,Baden-Württemberg,Electrification,Delivered,1431.09,1
ORD-102484,2025-09-28 19:26:37.999599,North Rhine-Westphalia,Electrification,Cancelled,6056.61,23
ORD-102485,2025-09-28 22:03:37.483496,Lower Saxony,Rail Automation,Shipped,4571.96,28
ORD-102486,2025-09-29 00:40:36.967393,North Rhine-Westphalia,Service Parts,Delivered,4885.73,32
ORD-102487,2025-09-29 03:17:36.451290,Bavaria,Rail Automation,Shipped,1723.45,8
ORD-102488,2025-09-29 05:54:35.935187,Lower Saxony,Rail Automation,Delivered,659.04,26
ORD-102489,2025-09-29 08:31:35.419083,Bavaria,Service Parts,Delivered,2141.03,14
ORD-102490,2025-09-29 11:08:34.902980,North Rhine-Westphalia,Rolling Stock Components,Cancelled,1835.36,24
ORD-102491,2025-09-29 13:45:34.386877,Lower Saxony,Electrification,Delivered,7248.47,29
ORD-102492,2025-09-29 16:22:33.870774,North Rhine-Westphalia,Rolling Stock Components,Cancelled,7379.52,4
ORD-102493,2025-09-29 18:59:33.354670,Lower Saxony,Signaling Systems,Delivered,6931.64,18
ORD-102494,2025-09-29 21:36:32.838567,North Rhine-Westphalia,Signaling Systems,Delivered,1057.43,14
ORD-102495,2025-09-30 00:13:32.322464,Baden-Württemberg,Signaling Systems,Delivered,1434.38,27
ORD-102496,2025-09-30 02:50:31.806361,North Rhine-Westphalia,Service Parts,Delivered,2494.04,41
ORD-102497,2025-09-30 05:27:31.290258,Baden-Württemberg,Rail Automation,Shipped,5041.49,3
ORD-102498,2025-09-30 08:04:30.774154,North Rhine-Westphalia,Rolling Stock Components,Shipped,3399.49,30
ORD-102499,2025-09-30 10:41:30.258051,Lower Saxony,Electrification,Received,6916.76,36
ORD-102500,2025-09-30 13:18:29.741948,Lower Saxony,Signaling Systems,Delivered,14371.72,23
ORD-102501,2025-09-30 15:55:29.225845,Lower Saxony,Rolling Stock Components,Delivered,1637.26,18
ORD-102502,2025-09-30 18:32:28.709741,Saxony,Signaling Systems,Delivered,1707.19,40
ORD-102503,2025-09-30 21:09:28.193638,Bavaria,Signaling Systems,Cancelled,5703.85,10
ORD-102504,2025-09-30 23:46:27.677535,Lower Saxony,Electrification,Delivered,4490.71,12
ORD-102505,2025-10-01 02:23:27.161432,Baden-Württemberg,Service Parts,In Progress,11133.34,41
ORD-102506,2025-10-01 05:00:26.645329,Lower Saxony,Rail Automation,Shipped,4955.9,8
ORD-102507,2025-10-01 07:37:26.129225,Saxony,Service Parts,Shipped,33342.01,32
ORD-102508,2025-10-01 10:14:25.613122,Baden-Württemberg,Rolling Stock Components,Shipped,856.91,17
ORD-102509,2025-10-01 12:51:25.097019,Saxony,Service Parts,Delivered,12384.97,41
ORD-102510,2025-10-01 15:28:24.580916,Baden-Württemberg,Rolling Stock Components,Delivered,6119.64,14
ORD-102511,2025-10-01 18:05:24.064812,North Rhine-Westphalia,Rolling Stock Components,Delivered,1050.16,37
ORD-102512,2025-10-01 20:42:23.548709,Bavaria,Rail Automation,Delivered,505.35,9
ORD-102513,2025-10-01 23:19:23.032606,Bavaria,Electrification,Delivered,1425.79,26
ORD-102514,2025-10-02 01:56:22.516503,Saxony,Rail Automation,In Progress,18582.89,24
ORD-102515,2025-10-02 04:33:22.000400,Bavaria,Service Parts,Delivered,16395.38,23
ORD-102516,2025-10-02 07:10:21.484296,Saxony,Rolling Stock Components,Shipped,4266.21,31
ORD-102517,2025-10-02 09:47:20.968193,Saxony,Signaling Systems,Shipped,3299.41,39
ORD-102518,2025-10-02 12:24:20.452090,Saxony,Signaling Systems,Received,1916.57,44
ORD-102519,2025-10-02 15:01:19.935987,Bavaria,Rolling Stock Components,Delivered,3999.29,2
ORD-102520,2025-10-02 17:38:19.419883,Saxony,Rail Automation,Shipped,2917.32,18
ORD-102521,2025-10-02 20:15:18.903780,Bavaria,Electrification,Shipped,32239.13,16
ORD-102522,2025-10-02 22:52:18.387677,Saxony,Rail Automation,Delivered,1261.16,29
ORD-102523,2025-10-03 01:29:17.871574,Lower Saxony,Rolling Stock Components,Delivered,7567.98,11
ORD-102524,2025-10-03 04:06:17.355471,Saxony,Rolling Stock Components,In Progress,33954.56,2
ORD-102525,2025-10-03 06:43:16.839367,Baden-Württemberg,Electrification,Received,11522.32,14
ORD-102526,2025-10-03 09:20:16.323264,Saxony,Service Parts,Delivered,1426.95,4
ORD-102527,2025-10-03 11:57:15.807161,North Rhine-Westphalia,Service Parts,Received,900.94,39
ORD-102528,2025-10-03 14:34:15.291058,Saxony,Electrification,Delivered,6646.47,34
ORD-102529,2025-10-03 17:11:14.774954,Baden-Württemberg,Service Parts,Delivered,5799.78,39
ORD-102530,2025-10-03 19:48:14.258851,Baden-Württemberg,Signaling Systems,Shipped,19065.77,9
ORD-102531,2025-10-03 22:25:13.742748,Bavaria,Service Parts,In Progress,8984.83,40
ORD-102532,2025-10-04 01:02:13.226645,Lower Saxony,Service Parts,Received,2883.26,41
ORD-102533,2025-10-04 03:39:12.710542,Saxony,Service Parts,In Progress,2675.83,7
ORD-102534,2025-10-04 06:16:12.194438,Bavaria,Signaling Systems,In Progress,1168.21,17
ORD-102535,2025-10-04 08:53:11.678335,Lower Saxony,Service Parts,Delivered,5666.35,23
ORD-102536,2025-10-04 11:30:11.162232,Saxony,Signaling Systems,In Progress,1048.49,11
ORD-102537,2025-10-04 14:07:10.646129,North Rhine-Westphalia,Electrification,Delivered,13372.95,22
ORD-102538,2025-10-04 16:44:10.130026,Saxony,Rail Automation,Delivered,9396.29,18
ORD-102539,2025-10-04 19:21:09.613922,Baden-Württemberg,Electrification,Shipped,9074.3,28
ORD-102540,2025-10-04 21:58:09.097819,Baden-Württemberg,Rail Automation,Received,1148.25,16
ORD-102541,2025-10-05 00:35:08.581716,North Rhine-Westphalia,Electrification,Received,4167.37,42
ORD-102542,2025-10-05 03:12:08.065613,Bavaria,Rail Automation,Received,3202.75,4
ORD-102543,2025-10-05 05:49:07.549509,Lower Saxony,Rail Automation,Delivered,5503.21,36
ORD-102544,2025-10-05 08:26:07.033406,Saxony,Rolling Stock Components,Shipped,8789.95,22
ORD-102545,2025-10-05 11:03:06.517303,Baden-Württemberg,Rail Automation,Delivered,2793.48,11
ORD-102546,2025-10-05 13:40:06.001200,Bavaria,Rail Automation,Shipped,2911.48,21
ORD-102547,2025-10-05 16:17:05.485097,North Rhine-Westphalia,Rolling Stock Components,Delivered,10382.95,40
ORD-102548,2025-10-05 18:54:04.968993,Baden-Württemberg,Service Parts,Delivered,1418.78,41
ORD-102549,2025-10-05 21:31:04.452890,North Rhine-Westphalia,Service Parts,Delivered,2161.75,16
ORD-102550,2025-10-06 00:08:03.936787,Saxony,Rolling Stock Components,Shipped,4946.43,42
ORD-102551,2025-10-06 02:45:03.420684,Lower Saxony,Signaling Systems,In Progress,13222.73,9
ORD-102552,2025-10-06 05:22:02.904580,Baden-Württemberg,Rail Automation,Delivered,1693.15,35
ORD-102553,2025-10-06 07:59:02.388477,Baden-Württemberg,Rail Automation,Shipped,35195.34,34
ORD-102554,2025-10-06 10:36:01.872374,Saxony,Rolling Stock Components,Shipped,1112.4,9
ORD-102555,2025-10-06 13:13:01.356271,Bavaria,Rolling Stock Components,Delivered,27046.33,13
ORD-102556,2025-10-06 15:50:00.840168,Lower Saxony,Signaling Systems,Delivered,18389.76,6
ORD-102557,2025-10-06 18:27:00.324064,Baden-Württemberg,Service Parts,Delivered,1019.32,4
ORD-102558,2025-10-06 21:03:59.807961,Lower Saxony,Electrification,Delivered,816.13,28
ORD-102559,2025-10-06 23:40:59.291858,Baden-Württemberg,Service Parts,Delivered,10849.24,11
ORD-102560,2025-10-07 02:17:58.775755,Lower Saxony,Rail Automation,Delivered,3244.96,34
ORD-102561,2025-10-07 04:54:58.259651,North Rhine-Westphalia,Rolling Stock Components,Delivered,1623.53,35
ORD-102562,2025-10-07 07:31:57.743548,Baden-Württemberg,Signaling Systems,Delivered,36057.54,5
ORD-102563,2025-10-07 10:08:57.227445,Lower Saxony,Service Parts,Delivered,1321.74,39
ORD-102564,2025-10-07 12:45:56.711342,Bavaria,Signaling Systems,Shipped,2209.16,11
ORD-102565,2025-10-07 15:22:56.195239,North Rhine-Westphalia,Service Parts,Shipped,2516.85,12
ORD-102566,2025-10-07 17:59:55.679135,North Rhine-Westphalia,Rail Automation,Delivered,226.02,43
ORD-102567,2025-10-07 20:36:55.163032,Bavaria,Electrification,Delivered,5434.4,19
ORD-102568,2025-10-07 23:13:54.646929,Lower Saxony,Signaling Systems,Received,1803.14,13
ORD-102569,2025-10-08 01:50:54.130826,Saxony,Signaling Systems,Delivered,11987.14,4
ORD-102570,2025-10-08 04:27:53.614722,Bavaria,Electrification,Received,13840.98,14
ORD-102571,2025-10-08 07:04:53.098619,Lower Saxony,Signaling Systems,Delivered,6341.64,44
ORD-102572,2025-10-08 09:41:52.582516,Bavaria,Signaling Systems,Delivered,6421.14,2
ORD-102573,2025-10-08 12:18:52.066413,Bavaria,Service Parts,Cancelled,5883.74,8
ORD-102574,2025-10-08 14:55:51.550310,Baden-Württemberg,Service Parts,Received,2274.59,22
ORD-102575,2025-10-08 17:32:51.034206,Lower Saxony,Electrification,Delivered,2499.11,13
ORD-102576,2025-10-08 20:09:50.518103,Saxony,Rail Automation,Shipped,21068.82,21
ORD-102577,2025-10-08 22:46:50.002000,Baden-Württemberg,Signaling Systems,Shipped,11034.32,21
ORD-102578,2025-10-09 01:23:49.485897,Bavaria,Rail Automation,Received,6165.32,28
ORD-102579,2025-10-09 04:00:48.969793,Bavaria,Electrification,Delivered,9509.74,33
ORD-102580,2025-10-09 06:37:48.453690,Bavaria,Electrification,Delivered,4595.39,29
ORD-102581,2025-10-09 09:14:47.937587,Lower Saxony,Service Parts,In Progress,6023.61,37
ORD-102582,2025-10-09 11:51:47.421484,Lower Saxony,Signaling Systems,Delivered,9451.88,22
ORD-102583,2025-10-09 14:28:46.905381,Baden-Württemberg,Rolling Stock Components,Delivered,501.84,26
ORD-102584,2025-10-09 17:05:46.389277,Saxony,Electrification,Delivered,13316.42,11
ORD-102585,2025-10-09 19:42:45.873174,Baden-Württemberg,Signaling Systems,Delivered,12305.16,11
ORD-102586,2025-10-09 22:19:45.357071,North Rhine-Westphalia,Rail Automation,Shipped,2082.33,34
ORD-102587,2025-10-10 00:56:44.840968,Bavaria,Service Parts,Cancelled,19312.6,19
ORD-102588,2025-10-10 03:33:44.324864,Bavaria,Rail Automation,Delivered,428.78,37
ORD-102589,2025-10-10 06:10:43.808761,Bavaria,Electrification,Shipped,7246.32,14
ORD-102590,2025-10-10 08:47:43.292658,Baden-Württemberg,Electrification,In Progress,5135.47,29
ORD-102591,2025-10-10 11:24:42.776555,Baden-Württemberg,Rail Automation,Shipped,3496.72,19
ORD-102592,2025-10-10 14:01:42.260452,Bavaria,Electrification,Shipped,5020.6,37
ORD-102593,2025-10-10 16:38:41.744348,Baden-Württemberg,Signaling Systems,Delivered,9330.12,21
ORD-102594,2025-10-10 19:15:41.228245,Lower Saxony,Electrification,Delivered,674.43,24
ORD-102595,2025-10-10 21:52:40.712142,Lower Saxony,Service Parts,Delivered,14780.46,26
ORD-102596,2025-10-11 00:29:40.196039,Baden-Württemberg,Signaling Systems,Delivered,3129.72,41
ORD-102597,2025-10-11 03:06:39.679935,Bavaria,Rolling Stock Components,In Progress,15017.9,12
ORD-102598,2025-10-11 05:43:39.163832,Baden-Württemberg,Electrification,Delivered,9975.32,19
ORD-102599,2025-10-11 08:20:38.647729,Baden-Württemberg,Electrification,Shipped,3058.94,30
ORD-102600,2025-10-11 10:57:38.131626,Baden-Württemberg,Service Parts,Cancelled,4504.09,15
ORD-102601,2025-10-11 13:34:37.615523,North Rhine-Westphalia,Service Parts,In Progress,4804.76,3
ORD-102602,2025-10-11 16:11:37.099419,Lower Saxony,Rail Automation,Cancelled,28764.19,13
ORD-102603,2025-10-11 18:48:36.583316,Saxony,Rail Automation,Received,1401.8,9
ORD-102604,2025-10-11 21:25:36.067213,Saxony,Rail Automation,In Progress,3035.46,13
ORD-102605,2025-10-12 00:02:35.551110,North Rhine-Westphalia,Service Parts,Received,862.29,16
ORD-102606,2025-10-12 02:39:35.035007,Baden-Württemberg,Rail Automation,Delivered,5632.45,14
ORD-102607,2025-10-12 05:16:34.518903,North Rhine-Westphalia,Rail Automation,Delivered,2475.36,8
ORD-102608,2025-10-12 07:53:34.002800,North Rhine-Westphalia,Rolling Stock Components,Shipped,2828.81,19
ORD-102609,2025-10-12 10:30:33.486697,Bavaria,Rail Automation,Delivered,25163.74,32
ORD-102610,2025-10-12 13:07:32.970594,Lower Saxony,Electrification,Delivered,1986.83,35
ORD-102611,2025-10-12 15:44:32.454490,Saxony,Service Parts,Delivered,4123.78,23
ORD-102612,2025-10-12 18:21:31.938387,Baden-Württemberg,Signaling Systems,Delivered,2967.69,21
ORD-102613,2025-10-12 20:58:31.422284,Saxony,Rolling Stock Components,Shipped,3179.84,18
ORD-102614,2025-10-12 23:35:30.906181,Saxony,Service Parts,Shipped,103670.05,14
ORD-102615,2025-10-13 02:12:30.390078,Lower Saxony,Service Parts,Delivered,728.89,16
ORD-102616,2025-10-13 04:49:29.873974,Saxony,Electrification,Delivered,9981.37,24
ORD-102617,2025-10-13 07:26:29.357871,Saxony,Rail Automation,Cancelled,70976.97,32
ORD-102618,2025-10-13 10:03:28.841768,North Rhine-Westphalia,Electrification,Delivered,16106.76,11
ORD-102619,2025-10-13 12:40:28.325665,Lower Saxony,Rail Automation,In Progress,5175.22,11
ORD-102620,2025-10-13 15:17:27.809561,Bavaria,Rail Automation,Delivered,1352.83,4
ORD-102621,2025-10-13 17:54:27.293458,Baden-Württemberg,Service Parts,Shipped,20645.48,26
ORD-102622,2025-10-13 20:31:26.777355,Saxony,Rail Automation,Cancelled,13781.47,5
ORD-102623,2025-10-13 23:08:26.261252,Baden-Württemberg,Rolling Stock Components,Delivered,913.55,36
ORD-102624,2025-10-14 01:45:25.745149,Bavaria,Rolling Stock Components,Delivered,3455.39,33
ORD-102625,2025-10-14 04:22:25.229045,Baden-Württemberg,Rolling Stock Components,Delivered,1304.14,14
ORD-102626,2025-10-14 06:59:24.712942,Bavaria,Service Parts,Shipped,211.56,32
ORD-102627,2025-10-14 09:36:24.196839,North Rhine-Westphalia,Electrification,Received,1271.19,7
ORD-102628,2025-10-14 12:13:23.680736,Saxony,Signaling Systems,Delivered,5519.17,10
ORD-102629,2025-10-14 14:50:23.164632,Bavaria,Rail Automation,Delivered,9305.41,2
ORD-102630,2025-10-14 17:27:22.648529,Baden-Württemberg,Signaling Systems,In Progress,3443.42,10
ORD-102631,2025-10-14 20:04:22.132426,Saxony,Electrification,Delivered,22282.08,35
ORD-102632,2025-10-14 22:41:21.616323,North Rhine-Westphalia,Electrification,Delivered,15250.75,21
ORD-102633,2025-10-15 01:18:21.100220,Saxony,Service Parts,Shipped,4282.08,40
ORD-102634,2025-10-15 03:55:20.584116,Bavaria,Rolling Stock Components,Shipped,3722.45,42
ORD-102635,2025-10-15 06:32:20.068013,North Rhine-Westphalia,Rolling Stock Components,Delivered,7487.67,8
ORD-102636,2025-10-15 09:09:19.551910,Baden-Württemberg,Electrification,Delivered,4819.23,18
ORD-102637,2025-10-15 11:46:19.035807,North Rhine-Westphalia,Service Parts,Delivered,1024.28,9
ORD-102638,2025-10-15 14:23:18.519703,North Rhine-Westphalia,Service Parts,Delivered,3551.34,41
ORD-102639,2025-10-15 17:00:18.003600,Lower Saxony,Rail Automation,Received,10220.23,30
ORD-102640,2025-10-15 19:37:17.487497,North Rhine-Westphalia,Rolling Stock Components,Delivered,20873.05,4
ORD-102641,2025-10-15 22:14:16.971394,North Rhine-Westphalia,Electrification,In Progress,14131.76,35
ORD-102642,2025-10-16 00:51:16.455291,Saxony,Signaling Systems,In Progress,7099.17,14
ORD-102643,2025-10-16 03:28:15.939187,Baden-Württemberg,Rolling Stock Components,Delivered,24418.8,14
ORD-102644,2025-10-16 06:05:15.423084,Saxony,Rail Automation,Delivered,7834.93,37
ORD-102645,2025-10-16 08:42:14.906981,Saxony,Service Parts,Shipped,4458.62,20
ORD-102646,2025-10-16 11:19:14.390878,Bavaria,Electrification,In Progress,24998.79,29
ORD-102647,2025-10-16 13:56:13.874774,Saxony,Rolling Stock Components,Delivered,10853.95,23
ORD-102648,2025-10-16 16:33:13.358671,Lower Saxony,Signaling Systems,Delivered,20582.64,21
ORD-102649,2025-10-16 19:10:12.842568,Lower Saxony,Rail Automation,Delivered,1330.93,31
ORD-102650,2025-10-16 21:47:12.326465,Bavaria,Rail Automation,Delivered,1907.8,32
ORD-102651,2025-10-17 00:24:11.810362,Baden-Württemberg,Rolling Stock Components,Delivered,1999.9,41
ORD-102652,2025-10-17 03:01:11.294258,Baden-Württemberg,Signaling Systems,Delivered,6002.64,7
ORD-102653,2025-10-17 05:38:10.778155,Saxony,Rail Automation,In Progress,36562.72,13
ORD-102654,2025-10-17 08:15:10.262052,Saxony,Electrification,Shipped,1404.11,23
ORD-102655,2025-10-17 10:52:09.745949,Saxony,Rail Automation,Shipped,13305.08,8
ORD-102656,2025-10-17 13:29:09.229845,Baden-Württemberg,Signaling Systems,Delivered,1309.2,12
ORD-102657,2025-10-17 16:06:08.713742,North Rhine-Westphalia,Service Parts,Delivered,50476.91,36
ORD-102658,2025-10-17 18:43:08.197639,Lower Saxony,Service Parts,Delivered,848.68,16
ORD-102659,2025-10-17 21:20:07.681536,North Rhine-Westphalia,Rolling Stock Components,In Progress,11095.89,26
ORD-102660,2025-10-17 23:57:07.165433,North Rhine-Westphalia,Signaling Systems,In Progress,12944.33,29
ORD-102661,2025-10-18 02:34:06.649329,Baden-Württemberg,Rail Automation,Shipped,9720.63,29
ORD-102662,2025-10-18 05:11:06.133226,North Rhine-Westphalia,Rail Automation,Shipped,1872.49,6
ORD-102663,2025-10-18 07:48:05.617123,Bavaria,Service Parts,Delivered,1537.67,37
ORD-102664,2025-10-18 10:25:05.101020,Saxony,Service Parts,Delivered,19923.21,33
ORD-102665,2025-10-18 13:02:04.584916,Bavaria,Electrification,Cancelled,15572.27,31
ORD-102666,2025-10-18 15:39:04.068813,Lower Saxony,Service Parts,Delivered,15340.27,41
ORD-102667,2025-10-18 18:16:03.552710,Saxony,Electrification,Delivered,17528.25,18
ORD-102668,2025-10-18 20:53:03.036607,North Rhine-Westphalia,Rail Automation,Delivered,907.15,38
ORD-102669,2025-10-18 23:30:02.520504,Lower Saxony,Electrification,In Progress,877.81,31
ORD-102670,2025-10-19 02:07:02.004400,Saxony,Electrification,Delivered,2348.53,-16
ORD-102671,2025-10-19 04:44:01.488297,North Rhine-Westphalia,Rolling Stock Components,Delivered,2899.79,40
ORD-102672,2025-10-19 07:21:00.972194,Bavaria,Service Parts,Delivered,2579.05,37
ORD-102673,2025-10-19 09:58:00.456091,Saxony,Electrification,In Progress,6669.15,14
ORD-102674,2025-10-19 12:34:59.939987,North Rhine-Westphalia,Rail Automation,Shipped,16760.42,39
ORD-102675,2025-10-19 15:11:59.423884,Bavaria,Signaling Systems,Shipped,3556.76,4
ORD-102676,2025-10-19 17:48:58.907781,Lower Saxony,Electrification,Cancelled,2004.5,30
ORD-102677,2025-10-19 20:25:58.391678,Lower Saxony,Service Parts,Shipped,12018.66,33
ORD-102678,2025-10-19 23:02:57.875575,Lower Saxony,Rolling Stock Components,Delivered,3604.14,36
ORD-102679,2025-10-20 01:39:57.359471,Lower Saxony,Rail Automation,Delivered,5530.63,30
ORD-102680,2025-10-20 04:16:56.843368,Baden-Württemberg,Rolling Stock Components,Shipped,3409.36,14
ORD-102681,2025-10-20 06:53:56.327265,Saxony,Signaling Systems,Delivered,7143.57,23
ORD-102682,2025-10-20 09:30:55.811162,Saxony,Electrification,Delivered,1611.15,28
ORD-102683,2025-10-20 12:07:55.295059,Baden-Württemberg,Electrification,Delivered,10925.99,7
ORD-102684,2025-10-20 14:44:54.778955,North Rhine-Westphalia,Service Parts,Delivered,4740.73,42
ORD-102685,2025-10-20 17:21:54.262852,North Rhine-Westphalia,Electrification,In Progress,2120.17,10
ORD-102686,2025-10-20 19:58:53.746749,Lower Saxony,Rail Automation,Received,8813.38,4
ORD-102687,2025-10-20 22:35:53.230646,Bavaria,Signaling Systems,Delivered,2117.95,-44
ORD-102688,2025-10-21 01:12:52.714542,North Rhine-Westphalia,Rolling Stock Components,Delivered,2223.46,38
ORD-102689,2025-10-21 03:49:52.198439,Bavaria,Signaling Systems,Cancelled,1311.07,13
ORD-102690,2025-10-21 06:26:51.682336,Saxony,Electrification,Delivered,754.5,21
ORD-102691,2025-10-21 09:03:51.166233,Bavaria,Rolling Stock Components,Delivered,8845.94,33
ORD-102692,2025-10-21 11:40:50.650130,Saxony,Service Parts,Delivered,17715.2,40
ORD-102693,2025-10-21 14:17:50.134026,Baden-Württemberg,Signaling Systems,Delivered,2993.92,28
ORD-102694,2025-10-21 16:54:49.617923,Baden-Württemberg,Rolling Stock Components,Delivered,2041.99,23
ORD-102695,2025-10-21 19:31:49.101820,Lower Saxony,Rolling Stock Components,Shipped,669.46,32
ORD-102696,2025-10-21 22:08:48.585717,North Rhine-Westphalia,Rolling Stock Components,Delivered,450.03,5
ORD-102697,2025-10-22 00:45:48.069613,Lower Saxony,Rail Automation,Shipped,10931.5,26
ORD-102698,2025-10-22 03:22:47.553510,Saxony,Signaling Systems,Delivered,560.37,39
ORD-102699,2025-10-22 05:59:47.037407,Lower Saxony,Rolling Stock Components,Shipped,1396.43,26
ORD-102700,2025-10-22 08:36:46.521304,Bavaria,Signaling Systems,Delivered,6712.82,3
ORD-102701,2025-10-22 11:13:46.005201,Saxony,Rolling Stock Components,Delivered,5424.48,24
ORD-102702,2025-10-22 13:50:45.489097,Baden-Württemberg,Service Parts,Received,7024.59,34
ORD-102703,2025-10-22 16:27:44.972994,North Rhine-Westphalia,Service Parts,Delivered,4952.32,34
ORD-102704,2025-10-22 19:04:44.456891,Saxony,Service Parts,Shipped,3318.87,20
ORD-102705,2025-10-22 21:41:43.940788,Saxony,Electrification,Delivered,1405.78,30
ORD-102706,2025-10-23 00:18:43.424684,Bavaria,Rolling Stock Components,In Progress,2446.57,42
ORD-102707,2025-10-23 02:55:42.908581,North Rhine-Westphalia,Electrification,Received,3576.17,20
ORD-102708,2025-10-23 05:32:42.392478,Baden-Württemberg,Signaling Systems,In Progress,614.39,41
ORD-102709,2025-10-23 08:09:41.876375,Saxony,Electrification,Delivered,2069.43,18
ORD-102710,2025-10-23 10:46:41.360272,Saxony,Signaling Systems,Received,3263.51,38
ORD-102711,2025-10-23 13:23:40.844168,Bavaria,Signaling Systems,Delivered,2303.39,20
ORD-102712,2025-10-23 16:00:40.328065,Lower Saxony,Signaling Systems,In Progress,3371.76,6
ORD-102713,2025-10-23 18:37:39.811962,Baden-Württemberg,Electrification,In Progress,10255.82,42
ORD-102714,2025-10-23 21:14:39.295859,North Rhine-Westphalia,Rolling Stock Components,In Progress,11738.56,25
ORD-102715,2025-10-23 23:51:38.779755,Saxony,Electrification,Received,25912.7,41
ORD-102716,2025-10-24 02:28:38.263652,Saxony,Rolling Stock Components,Delivered,935.71,41
ORD-102717,2025-10-24 05:05:37.747549,Baden-Württemberg,Rolling Stock Components,Delivered,3093.88,3
ORD-102718,2025-10-24 07:42:37.231446,Lower Saxony,Signaling Systems,Delivered,18964.75,44
ORD-102719,2025-10-24 10:19:36.715343,Saxony,Electrification,In Progress,720.32,43
ORD-102720,2025-10-24 12:56:36.199239,Baden-Württemberg,Rolling Stock Components,Shipped,1347.69,19
ORD-102721,2025-10-24 15:33:35.683136,Bavaria,Service Parts,Delivered,2496.61,10
ORD-102722,2025-10-24 18:10:35.167033,Lower Saxony,Rolling Stock Components,Cancelled,46572.07,5
ORD-102723,2025-10-24 20:47:34.650930,North Rhine-Westphalia,Service Parts,In Progress,1682.46,22
ORD-102724,2025-10-24 23:24:34.134826,Saxony,Electrification,Delivered,16190.87,9
ORD-102725,2025-10-25 02:01:33.618723,Baden-Württemberg,Electrification,Shipped,4766.24,33
ORD-102726,2025-10-25 04:38:33.102620,Bavaria,Electrification,Shipped,1392.56,15
ORD-102727,2025-10-25 07:15:32.586517,North Rhine-Westphalia,Rolling Stock Components,Delivered,106916.83,24
ORD-102728,2025-10-25 09:52:32.070414,Baden-Württemberg,Rail Automation,Received,6088.23,30
ORD-102729,2025-10-25 12:29:31.554310,Baden-Württemberg,Rolling Stock Components,Delivered,7434.02,36
ORD-102730,2025-10-25 15:06:31.038207,North Rhine-Westphalia,Rolling Stock Components,In Progress,8848.1,39
ORD-102731,2025-10-25 17:43:30.522104,Bavaria,Signaling Systems,Delivered,8124.6,6
ORD-102732,2025-10-25 20:20:30.006001,Bavaria,Signaling Systems,Received,52432.44,15
ORD-102733,2025-10-25 22:57:29.489897,Lower Saxony,Rolling Stock Components,Cancelled,35050.26,38
ORD-102734,2025-10-26 01:34:28.973794,Saxony,Service Parts,In Progress,1763.83,39
ORD-102735,2025-10-26 04:11:28.457691,North Rhine-Westphalia,Signaling Systems,Delivered,45278.94,22
ORD-102736,2025-10-26 06:48:27.941588,North Rhine-Westphalia,Rolling Stock Components,Delivered,2275.27,3
ORD-102737,2025-10-26 09:25:27.425485,North Rhine-Westphalia,Rail Automation,Cancelled,7005.6,29
ORD-102738,2025-10-26 12:02:26.909381,Bavaria,Service Parts,Delivered,995.58,29
ORD-102739,2025-10-26 14:39:26.393278,Saxony,Electrification,Delivered,15371.45,31
ORD-102740,2025-10-26 17:16:25.877175,Lower Saxony,Rolling Stock Components,Shipped,3504.85,2
ORD-102741,2025-10-26 19:53:25.361072,Baden-Württemberg,Rolling Stock Components,In Progress,1387.92,35
ORD-102742,2025-10-26 22:30:24.844968,Baden-Württemberg,Service Parts,Shipped,18166.8,9
ORD-102743,2025-10-27 01:07:24.328865,North Rhine-Westphalia,Signaling Systems,In Progress,23856.73,22
ORD-102744,2025-10-27 03:44:23.812762,Saxony,Signaling Systems,Cancelled,24763.18,19
ORD-102745,2025-10-27 06:21:23.296659,Bavaria,Signaling Systems,Received,920.35,37
ORD-102746,2025-10-27 08:58:22.780556,Saxony,Electrification,Delivered,27747.39,10
ORD-102747,2025-10-27 11:35:22.264452,Saxony,Service Parts,Delivered,3531.34,21
ORD-102748,2025-10-27 14:12:21.748349,Bavaria,Service Parts,Delivered,46941.33,17
ORD-102749,2025-10-27 16:49:21.232246,North Rhine-Westphalia,Signaling Systems,Delivered,9773.69,3
ORD-102750,2025-10-27 19:26:20.716143,Saxony,Signaling Systems,In Progress,6479.93,7
ORD-102751,2025-10-27 22:03:20.200040,Baden-Württemberg,Rail Automation,Delivered,4961.05,41
ORD-102752,2025-10-28 00:40:19.683936,Bavaria,Rail Automation,Shipped,4841.46,37
ORD-102753,2025-10-28 03:17:19.167833,Lower Saxony,Rolling Stock Components,Delivered,2327.46,36
ORD-102754,2025-10-28 05:54:18.651730,North Rhine-Westphalia,Rolling Stock Components,Delivered,1517.97,3
ORD-102755,2025-10-28 08:31:18.135627,Bavaria,Service Parts,Cancelled,3298.0,13
ORD-102756,2025-10-28 11:08:17.619523,Lower Saxony,Service Parts,Received,18214.58,41
ORD-102757,2025-10-28 13:45:17.103420,Lower Saxony,Electrification,Shipped,1057.55,30
ORD-102758,2025-10-28 16:22:16.587317,Saxony,Electrification,In Progress,21476.89,23
ORD-102759,2025-10-28 18:59:16.071214,Saxony,Rail Automation,Received,5754.45,7
ORD-102760,2025-10-28 21:36:15.555111,Saxony,Rolling Stock Components,In Progress,11610.0,30
ORD-102761,2025-10-29 00:13:15.039007,Bavaria,Rail Automation,Delivered,12289.21,29
ORD-102762,2025-10-29 02:50:14.522904,Bavaria,Rail Automation,In Progress,13645.7,8
ORD-102763,2025-10-29 05:27:14.006801,North Rhine-Westphalia,Rolling Stock Components,Delivered,5037.38,10
ORD-102764,2025-10-29 08:04:13.490698,Saxony,Electrification,Delivered,5206.05,33
ORD-102765,2025-10-29 10:41:12.974594,Lower Saxony,Rolling Stock Components,Delivered,13141.18,20
ORD-102766,2025-10-29 13:18:12.458491,Baden-Württemberg,Signaling Systems,Shipped,1563.33,29
ORD-102767,2025-10-29 15:55:11.942388,North Rhine-Westphalia,Signaling Systems,Shipped,1320.94,29
ORD-102768,2025-10-29 18:32:11.426285,Bavaria,Signaling Systems,Delivered,2947.89,21
ORD-102769,2025-10-29 21:09:10.910182,North Rhine-Westphalia,Service Parts,In Progress,6747.31,1
ORD-102770,2025-10-29 23:46:10.394078,North Rhine-Westphalia,Electrification,Delivered,40658.3,34
ORD-102771,2025-10-30 02:23:09.877975,North Rhine-Westphalia,Electrification,Shipped,5181.14,44
ORD-102772,2025-10-30 05:00:09.361872,North Rhine-Westphalia,Service Parts,Delivered,44363.3,32
ORD-102773,2025-10-30 07:37:08.845769,Baden-Württemberg,Rail Automation,Delivered,8664.62,14
ORD-102774,2025-10-30 10:14:08.329665,Saxony,Signaling Systems,Delivered,2984.51,37
ORD-102775,2025-10-30 12:51:07.813562,Lower Saxony,Signaling Systems,Shipped,17357.42,35
ORD-102776,2025-10-30 15:28:07.297459,North Rhine-Westphalia,Rail Automation,In Progress,3762.55,24
ORD-102777,2025-10-30 18:05:06.781356,North Rhine-Westphalia,Rolling Stock Components,Delivered,6479.06,1
ORD-102778,2025-10-30 20:42:06.265253,North Rhine-Westphalia,Rolling Stock Components,Delivered,1130.02,6
ORD-102779,2025-10-30 23:19:05.749149,Saxony,Electrification,In Progress,934.93,4
ORD-102780,2025-10-31 01:56:05.233046,Bavaria,Service Parts,In Progress,9036.44,38
ORD-102781,2025-10-31 04:33:04.716943,Bavaria,Electrification,In Progress,16549.35,1
ORD-102782,2025-10-31 07:10:04.200840,Baden-Württemberg,Rolling Stock Components,Delivered,41782.56,41
ORD-102783,2025-10-31 09:47:03.684736,Bavaria,Rail Automation,In Progress,2017.65,31
ORD-102784,2025-10-31 12:24:03.168633,North Rhine-Westphalia,Electrification,Delivered,24590.58,36
ORD-102785,2025-10-31 15:01:02.652530,North Rhine-Westphalia,Signaling Systems,Delivered,20866.32,9
ORD-102786,2025-10-31 17:38:02.136427,North Rhine-Westphalia,Signaling Systems,Delivered,2863.27,41
ORD-102787,2025-10-31 20:15:01.620324,Baden-Württemberg,Rail Automation,Delivered,22626.92,23
ORD-102788,2025-10-31 22:52:01.104220,North Rhine-Westphalia,Rolling Stock Components,Delivered,13886.02,31
ORD-102789,2025-11-01 01:29:00.588117,Bavaria,Signaling Systems,Delivered,17264.39,29
ORD-102790,2025-11-01 04:06:00.072014,Saxony,Signaling Systems,Received,53321.58,21
ORD-102791,2025-11-01 06:42:59.555911,Saxony,Service Parts,Shipped,16493.61,3
ORD-102792,2025-11-01 09:19:59.039807,Lower Saxony,Electrification,Delivered,468.44,26
ORD-102793,2025-11-01 11:56:58.523704,Bavaria,Rolling Stock Components,Delivered,7008.06,6
ORD-102794,2025-11-01 14:33:58.007601,North Rhine-Westphalia,Electrification,Delivered,877.01,20
ORD-102795,2025-11-01 17:10:57.491498,Saxony,Rolling Stock Components,In Progress,5805.7,13
ORD-102796,2025-11-01 19:47:56.975395,Bavaria,Signaling Systems,Delivered,5447.93,41
ORD-102797,2025-11-01 22:24:56.459291,Saxony,Service Parts,In Progress,2586.18,23
ORD-102798,2025-11-02 01:01:55.943188,North Rhine-Westphalia,Electrification,Delivered,1587.06,15
ORD-102799,2025-11-02 03:38:55.427085,Saxony,Signaling Systems,Shipped,2742.53,31
ORD-102800,2025-11-02 06:15:54.910982,Lower Saxony,Rolling Stock Components,Delivered,3391.82,4
ORD-102801,2025-11-02 08:52:54.394878,Lower Saxony,Electrification,Received,4251.91,11
ORD-102802,2025-11-02 11:29:53.878775,Saxony,Electrification,Shipped,5519.14,2
ORD-102803,2025-11-02 14:06:53.362672,Bavaria,Signaling Systems,Delivered,9356.03,16
ORD-102804,2025-11-02 16:43:52.846569,Bavaria,Electrification,In Progress,3484.89,31
ORD-102805,2025-11-02 19:20:52.330466,Bavaria,Service Parts,Delivered,20082.68,39
ORD-102806,2025-11-02 21:57:51.814362,Saxony,Service Parts,Delivered,4712.33,43
ORD-102807,2025-11-03 00:34:51.298259,Bavaria,Signaling Systems,Delivered,13587.97,44
ORD-102808,2025-11-03 03:11:50.782156,North Rhine-Westphalia,Rolling Stock Components,Shipped,3515.97,4
ORD-102809,2025-11-03 05:48:50.266053,Lower Saxony,Signaling Systems,Delivered,100516.79,28
ORD-102810,2025-11-03 08:25:49.749949,North Rhine-Westphalia,Service Parts,Delivered,8217.25,16
ORD-102811,2025-11-03 11:02:49.233846,Bavaria,Rail Automation,Delivered,29697.81,39
ORD-102812,2025-11-03 13:39:48.717743,North Rhine-Westphalia,Rail Automation,Delivered,2290.82,25
ORD-102813,2025-11-03 16:16:48.201640,Bavaria,Electrification,Shipped,3005.31,13
ORD-102814,2025-11-03 18:53:47.685537,Saxony,Electrification,In Progress,3724.35,5
ORD-102815,2025-11-03 21:30:47.169433,North Rhine-Westphalia,Rail Automation,In Progress,74630.15,30
ORD-102816,2025-11-04 00:07:46.653330,Saxony,Service Parts,Received,3889.31,1
ORD-102817,2025-11-04 02:44:46.137227,Saxony,Electrification,Shipped,1986.68,5
ORD-102818,2025-11-04 05:21:45.621124,Baden-Württemberg,Signaling Systems,Delivered,20557.83,14
ORD-102819,2025-11-04 07:58:45.105021,Bavaria,Signaling Systems,Delivered,5243.19,11
ORD-102820,2025-11-04 10:35:44.588917,Lower Saxony,Service Parts,In Progress,3866.36,34
ORD-102821,2025-11-04 13:12:44.072814,Bavaria,Electrification,Cancelled,2511.64,29
ORD-102822,2025-11-04 15:49:43.556711,Lower Saxony,Signaling Systems,Delivered,8414.5,18
ORD-102823,2025-11-04 18:26:43.040608,Bavaria,Electrification,Delivered,15818.28,15
ORD-102824,2025-11-04 21:03:42.524504,Saxony,Electrification,Delivered,11694.73,25
ORD-102825,2025-11-04 23:40:42.008401,North Rhine-Westphalia,Signaling Systems,Delivered,2900.77,30
ORD-102826,2025-11-05 02:17:41.492298,North Rhine-Westphalia,Rail Automation,Received,1658.26,2
ORD-102827,2025-11-05 04:54:40.976195,Baden-Württemberg,Signaling Systems,In Progress,59.08,40
ORD-102828,2025-11-05 07:31:40.460092,Lower Saxony,Service Parts,Received,1737.12,27
ORD-102829,2025-11-05 10:08:39.943988,Lower Saxony,Rolling Stock Components,Delivered,3263.81,15
ORD-102830,2025-11-05 12:45:39.427885,Lower Saxony,Signaling Systems,Shipped,4605.73,32
ORD-102831,2025-11-05 15:22:38.911782,Saxony,Electrification,Delivered,3648.63,20
ORD-102832,2025-11-05 17:59:38.395679,Lower Saxony,Electrification,Shipped,107040.72,14
ORD-102833,2025-11-05 20:36:37.879575,North Rhine-Westphalia,Signaling Systems,Delivered,8438.01,27
ORD-102834,2025-11-05 23:13:37.363472,Saxony,Rolling Stock Components,In Progress,1259.65,3
ORD-102835,2025-11-06 01:50:36.847369,Bavaria,Signaling Systems,In Progress,10108.42,3
ORD-102836,2025-11-06 04:27:36.331266,Lower Saxony,Rolling Stock Components,Shipped,7559.98,13
ORD-102837,2025-11-06 07:04:35.815163,Lower Saxony,Rolling Stock Components,Shipped,1548.59,25
ORD-102838,2025-11-06 09:41:35.299059,Bavaria,Service Parts,Shipped,6752.62,18
ORD-102839,2025-11-06 12:18:34.782956,Lower Saxony,Electrification,Delivered,8805.8,1
ORD-102840,2025-11-06 14:55:34.266853,Bavaria,Electrification,Received,15168.18,39
ORD-102841,2025-11-06 17:32:33.750750,Saxony,Rolling Stock Components,Shipped,696.98,5
ORD-102842,2025-11-06 20:09:33.234646,North Rhine-Westphalia,Electrification,Delivered,10025.49,2
ORD-102843,2025-11-06 22:46:32.718543,Bavaria,Rail Automation,Received,23176.52,30
ORD-102844,2025-11-07 01:23:32.202440,Baden-Württemberg,Rolling Stock Components,Delivered,39200.91,17
ORD-102845,2025-11-07 04:00:31.686337,Bavaria,Electrification,Cancelled,1275.8,29
ORD-102846,2025-11-07 06:37:31.170234,Lower Saxony,Rail Automation,Received,4185.8,42
ORD-102847,2025-11-07 09:14:30.654130,Saxony,Service Parts,Shipped,4656.54,4
ORD-102848,2025-11-07 11:51:30.138027,Saxony,Electrification,Shipped,10332.72,9
ORD-102849,2025-11-07 14:28:29.621924,Bavaria,Rail Automation,Delivered,4100.68,21
ORD-102850,2025-11-07 17:05:29.105821,North Rhine-Westphalia,Signaling Systems,Delivered,2237.39,43
ORD-102851,2025-11-07 19:42:28.589717,Baden-Württemberg,Signaling Systems,Delivered,6240.99,12
ORD-102852,2025-11-07 22:19:28.073614,Saxony,Rail Automation,Delivered,3390.55,12
ORD-102853,2025-11-08 00:56:27.557511,Lower Saxony,Rolling Stock Components,In Progress,9121.67,4
ORD-102854,2025-11-08 03:33:27.041408,Lower Saxony,Rolling Stock Components,Delivered,2017.22,28
ORD-102855,2025-11-08 06:10:26.525305,North Rhine-Westphalia,Electrification,Delivered,1596.32,9
ORD-102856,2025-11-08 08:47:26.009201,Saxony,Signaling Systems,Delivered,20889.13,40
ORD-102857,2025-11-08 11:24:25.493098,Bavaria,Rolling Stock Components,Delivered,59860.99,32
ORD-102858,2025-11-08 14:01:24.976995,Lower Saxony,Rolling Stock Components,Delivered,36479.23,13
ORD-102859,2025-11-08 16:38:24.460892,North Rhine-Westphalia,Signaling Systems,In Progress,4540.91,34
ORD-102860,2025-11-08 19:15:23.944788,Saxony,Service Parts,Shipped,15687.82,19
ORD-102861,2025-11-08 21:52:23.428685,Saxony,Rolling Stock Components,Delivered,2310.2,14
ORD-102862,2025-11-09 00:29:22.912582,Saxony,Rail Automation,Received,8595.53,5
ORD-102863,2025-11-09 03:06:22.396479,Saxony,Electrification,Cancelled,2585.87,27
ORD-102864,2025-11-09 05:43:21.880376,Saxony,Rolling Stock Components,In Progress,19577.86,28
ORD-102865,2025-11-09 08:20:21.364272,Lower Saxony,Rolling Stock Components,Delivered,16912.55,26
ORD-102866,2025-11-09 10:57:20.848169,North Rhine-Westphalia,Service Parts,Delivered,48220.98,10
ORD-102867,2025-11-09 13:34:20.332066,Saxony,Rail Automation,Received,3819.08,24
ORD-102868,2025-11-09 16:11:19.815963,Baden-Württemberg,Electrification,Delivered,27915.49,17
ORD-102869,2025-11-09 18:48:19.299859,Baden-Württemberg,Rolling Stock Components,Delivered,8579.33,16
ORD-102870,2025-11-09 21:25:18.783756,North Rhine-Westphalia,Electrification,Delivered,5339.71,17
ORD-102871,2025-11-10 00:02:18.267653,Bavaria,Signaling Systems,In Progress,7120.22,-1
ORD-102872,2025-11-10 02:39:17.751550,Bavaria,Rolling Stock Components,In Progress,31818.86,21
ORD-102873,2025-11-10 05:16:17.235447,Bavaria,Rolling Stock Components,Shipped,4250.83,43
ORD-102874,2025-11-10 07:53:16.719343,Baden-Württemberg,Signaling Systems,Shipped,4495.5,22
ORD-102875,2025-11-10 10:30:16.203240,Bavaria,Service Parts,Delivered,506.6,5
ORD-102876,2025-11-10 13:07:15.687137,Lower Saxony,Rolling Stock Components,Cancelled,4180.75,36
ORD-102877,2025-11-10 15:44:15.171034,Saxony,Electrification,Delivered,6573.48,21
ORD-102878,2025-11-10 18:21:14.654930,Baden-Württemberg,Rail Automation,Delivered,2125.0,9
ORD-102879,2025-11-10 20:58:14.138827,North Rhine-Westphalia,Electrification,Delivered,1621.91,27
ORD-102880,2025-11-10 23:35:13.622724,North Rhine-Westphalia,Service Parts,Delivered,641.39,12
ORD-102881,2025-11-11 02:12:13.106621,Saxony,Rail Automation,Delivered,2583.46,18
ORD-102882,2025-11-11 04:49:12.590518,Baden-Württemberg,Electrification,Delivered,23465.75,35
ORD-102883,2025-11-11 07:26:12.074414,Bavaria,Electrification,Delivered,962.91,15
ORD-102884,2025-11-11 10:03:11.558311,Bavaria,Signaling Systems,Shipped,11706.73,44
ORD-102885,2025-11-11 12:40:11.042208,Lower Saxony,Service Parts,In Progress,12929.69,30
ORD-102886,2025-11-11 15:17:10.526105,Lower Saxony,Signaling Systems,Delivered,72995.11,33
ORD-102887,2025-11-11 17:54:10.010002,Bavaria,Rail Automation,Delivered,15401.05,36
ORD-102888,2025-11-11 20:31:09.493898,North Rhine-Westphalia,Signaling Systems,Delivered,14045.22,40
ORD-102889,2025-11-11 23:08:08.977795,North Rhine-Westphalia,Service Parts,Delivered,7364.8,30
ORD-102890,2025-11-12 01:45:08.461692,Lower Saxony,Rolling Stock Components,Received,4919.41,26
ORD-102891,2025-11-12 04:22:07.945589,Saxony,Rolling Stock Components,Delivered,12549.29,21
ORD-102892,2025-11-12 06:59:07.429485,Bavaria,Rail Automation,Shipped,19410.54,37
ORD-102893,2025-11-12 09:36:06.913382,Lower Saxony,Rolling Stock Components,Delivered,5928.62,43
ORD-102894,2025-11-12 12:13:06.397279,Lower Saxony,Signaling Systems,Delivered,20354.85,31
ORD-102895,2025-11-12 14:50:05.881176,Bavaria,Rail Automation,Shipped,117187.73,17
ORD-102896,2025-11-12 17:27:05.365073,Bavaria,Service Parts,Delivered,5313.17,17
ORD-102897,2025-11-12 20:04:04.848969,North Rhine-Westphalia,Rail Automation,Delivered,5480.23,34
ORD-102898,2025-11-12 22:41:04.332866,Saxony,Rail Automation,In Progress,4441.16,24
ORD-102899,2025-11-13 01:18:03.816763,Saxony,Electrification,Delivered,5693.71,33
ORD-102900,2025-11-13 03:55:03.300660,Bavaria,Electrification,Delivered,18871.65,4
ORD-102901,2025-11-13 06:32:02.784556,Baden-Württemberg,Rail Automation,Delivered,5408.68,9
ORD-102902,2025-11-13 09:09:02.268453,Lower Saxony,Rolling Stock Components,Shipped,6051.71,2
ORD-102903,2025-11-13 11:46:01.752350,Lower Saxony,Electrification,In Progress,3734.56,35
ORD-102904,2025-11-13 14:23:01.236247,Bavaria,Service Parts,Delivered,8416.62,38
ORD-102905,2025-11-13 17:00:00.720144,Baden-Württemberg,Signaling Systems,Received,2825.62,15
ORD-102906,2025-11-13 19:37:00.204040,North Rhine-Westphalia,Electrification,Cancelled,1275.68,43
ORD-102907,2025-11-13 22:13:59.687937,Bavaria,Rail Automation,Received,8042.05,42
ORD-102908,2025-11-14 00:50:59.171834,Bavaria,Rolling Stock Components,Delivered,43361.31,3
ORD-102909,2025-11-14 03:27:58.655731,Lower Saxony,Signaling Systems,Delivered,3572.65,31
ORD-102910,2025-11-14 06:04:58.139627,Bavaria,Electrification,Shipped,1563.49,41
ORD-102911,2025-11-14 08:41:57.623524,Bavaria,Rolling Stock Components,Received,40425.1,42
ORD-102912,2025-11-14 11:18:57.107421,Bavaria,Rolling Stock Components,Delivered,5167.36,23
ORD-102913,2025-11-14 13:55:56.591318,Lower Saxony,Rolling Stock Components,Delivered,13891.25,12
ORD-102914,2025-11-14 16:32:56.075215,North Rhine-Westphalia,Rail Automation,Shipped,2204.24,8
ORD-102915,2025-11-14 19:09:55.559111,North Rhine-Westphalia,Service Parts,Delivered,4967.88,21
ORD-102916,2025-11-14 21:46:55.043008,Bavaria,Rolling Stock Components,Shipped,22939.37,21
ORD-102917,2025-11-15 00:23:54.526905,Lower Saxony,Signaling Systems,Shipped,5675.14,32
ORD-102918,2025-11-15 03:00:54.010802,North Rhine-Westphalia,Electrification,Delivered,5753.26,17
ORD-102919,2025-11-15 05:37:53.494698,North Rhine-Westphalia,Signaling Systems,In Progress,955.8,37
ORD-102920,2025-11-15 08:14:52.978595,North Rhine-Westphalia,Rail Automation,Delivered,11681.21,24
ORD-102921,2025-11-15 10:51:52.462492,Lower Saxony,Rail Automation,Shipped,2070.47,8
ORD-102922,2025-11-15 13:28:51.946389,Lower Saxony,Signaling Systems,Received,16842.66,18
ORD-102923,2025-11-15 16:05:51.430286,Bavaria,Service Parts,Shipped,6140.24,11
ORD-102924,2025-11-15 18:42:50.914182,Saxony,Rail Automation,Delivered,6770.57,10
ORD-102925,2025-11-15 21:19:50.398079,North Rhine-Westphalia,Rail Automation,Delivered,11496.48,26
ORD-102926,2025-11-15 23:56:49.881976,Saxony,Signaling Systems,Delivered,7426.4,6
ORD-102927,2025-11-16 02:33:49.365873,Lower Saxony,Rail Automation,Received,32542.39,17
ORD-102928,2025-11-16 05:10:48.849769,Lower Saxony,Service Parts,Shipped,27338.26,23
ORD-102929,2025-11-16 07:47:48.333666,Lower Saxony,Service Parts,Delivered,1288.24,42
ORD-102930,2025-11-16 10:24:47.817563,Saxony,Service Parts,Received,4073.33,37
ORD-102931,2025-11-16 13:01:47.301460,Lower Saxony,Electrification,Delivered,12334.91,28
ORD-102932,2025-11-16 15:38:46.785357,Bavaria,Service Parts,Received,1742.61,16
ORD-102933,2025-11-16 18:15:46.269253,Lower Saxony,Service Parts,Delivered,875.8,12
ORD-102934,2025-11-16 20:52:45.753150,Baden-Württemberg,Electrification,Shipped,2129.78,21
ORD-102935,2025-11-16 23:29:45.237047,Saxony,Rolling Stock Components,Delivered,4329.98,24
ORD-102936,2025-11-17 02:06:44.720944,Baden-Württemberg,Rail Automation,In Progress,56.2,28
ORD-102937,2025-11-17 04:43:44.204840,Lower Saxony,Service Parts,Received,1443.35,37
ORD-102938,2025-11-17 07:20:43.688737,Bavaria,Rail Automation,In Progress,694.79,21
ORD-102939,2025-11-17 09:57:43.172634,North Rhine-Westphalia,Signaling Systems,In Progress,17349.86,33
ORD-102940,2025-11-17 12:34:42.656531,Lower Saxony,Rail Automation,Shipped,13692.82,2
ORD-102941,2025-11-17 15:11:42.140428,Bavaria,Electrification,Delivered,6676.97,37
ORD-102942,2025-11-17 17:48:41.624324,Saxony,Rail Automation,Delivered,5486.32,19
ORD-102943,2025-11-17 20:25:41.108221,Baden-Württemberg,Rail Automation,Delivered,8948.91,28
ORD-102944,2025-11-17 23:02:40.592118,Baden-Württemberg,Rail Automation,Delivered,1638.98,15
ORD-102945,2025-11-18 01:39:40.076015,Baden-Württemberg,Rolling Stock Components,Delivered,19500.16,1
ORD-102946,2025-11-18 04:16:39.559911,Saxony,Rolling Stock Components,Shipped,5444.29,43
ORD-102947,2025-11-18 06:53:39.043808,Bavaria,Signaling Systems,Delivered,13485.35,28
ORD-102948,2025-11-18 09:30:38.527705,Saxony,Electrification,Shipped,12888.06,35
ORD-102949,2025-11-18 12:07:38.011602,Baden-Württemberg,Rail Automation,Delivered,8844.28,32
ORD-102950,2025-11-18 14:44:37.495499,Lower Saxony,Rail Automation,In Progress,6934.12,28
ORD-102951,2025-11-18 17:21:36.979395,North Rhine-Westphalia,Rail Automation,Received,6388.69,9
ORD-102952,2025-11-18 19:58:36.463292,Saxony,Rail Automation,Delivered,4585.83,24
ORD-102953,2025-11-18 22:35:35.947189,Saxony,Rolling Stock Components,In Progress,8360.32,4
ORD-102954,2025-11-19 01:12:35.431086,Bavaria,Signaling Systems,Delivered,6166.15,41
ORD-102955,2025-11-19 03:49:34.914982,Bavaria,Service Parts,Delivered,2876.35,3
ORD-102956,2025-11-19 06:26:34.398879,Saxony,Electrification,Received,9611.22,22
ORD-102957,2025-11-19 09:03:33.882776,Baden-Württemberg,Rail Automation,In Progress,6691.21,40
ORD-102958,2025-11-19 11:40:33.366673,North Rhine-Westphalia,Signaling Systems,Delivered,18597.21,39
ORD-102959,2025-11-19 14:17:32.850570,Bavaria,Service Parts,Delivered,670.85,25
ORD-102960,2025-11-19 16:54:32.334466,Baden-Württemberg,Signaling Systems,Shipped,5114.54,22
ORD-102961,2025-11-19 19:31:31.818363,Lower Saxony,Rolling Stock Components,Delivered,2214.11,34
ORD-102962,2025-11-19 22:08:31.302260,Bavaria,Service Parts,Delivered,2781.14,20
ORD-102963,2025-11-20 00:45:30.786157,Baden-Württemberg,Signaling Systems,Shipped,9097.21,36
ORD-102964,2025-11-20 03:22:30.270054,Baden-Württemberg,Rolling Stock Components,Received,1012.66,37
ORD-102965,2025-11-20 05:59:29.753950,North Rhine-Westphalia,Signaling Systems,Delivered,5689.91,39
ORD-102966,2025-11-20 08:36:29.237847,North Rhine-Westphalia,Signaling Systems,In Progress,5082.12,27
ORD-102967,2025-11-20 11:13:28.721744,Lower Saxony,Service Parts,Delivered,1548.52,32
ORD-102968,2025-11-20 13:50:28.205641,Baden-Württemberg,Rolling Stock Components,Shipped,5848.15,42
ORD-102969,2025-11-20 16:27:27.689537,Baden-Württemberg,Rail Automation,Delivered,2126.63,29
ORD-102970,2025-11-20 19:04:27.173434,North Rhine-Westphalia,Electrification,Delivered,55118.03,41
ORD-102971,2025-11-20 21:41:26.657331,Bavaria,Service Parts,Delivered,18437.89,32
ORD-102972,2025-11-21 00:18:26.141228,Bavaria,Rolling Stock Components,Shipped,5292.18,24
ORD-102973,2025-11-21 02:55:25.625125,Saxony,Signaling Systems,In Progress,3056.66,3
ORD-102974,2025-11-21 05:32:25.109021,North Rhine-Westphalia,Rolling Stock Components,Delivered,8556.58,27
ORD-102975,2025-11-21 08:09:24.592918,Saxony,Electrification,Shipped,11432.59,9
ORD-102976,2025-11-21 10:46:24.076815,North Rhine-Westphalia,Electrification,In Progress,6502.79,40
ORD-102977,2025-11-21 13:23:23.560712,Lower Saxony,Rail Automation,Delivered,1608.95,23
ORD-102978,2025-11-21 16:00:23.044608,Baden-Württemberg,Rail Automation,In Progress,3902.82,7
ORD-102979,2025-11-21 18:37:22.528505,Lower Saxony,Electrification,Received,5355.15,17
ORD-102980,2025-11-21 21:14:22.012402,North Rhine-Westphalia,Service Parts,Received,6763.55,37
ORD-102981,2025-11-21 23:51:21.496299,Baden-Württemberg,Service Parts,Delivered,6937.52,7
ORD-102982,2025-11-22 02:28:20.980196,Bavaria,Signaling Systems,Delivered,10980.93,30
ORD-102983,2025-11-22 05:05:20.464092,Bavaria,Rail Automation,Shipped,21501.81,13
ORD-102984,2025-11-22 07:42:19.947989,Saxony,Signaling Systems,Shipped,14970.25,18
ORD-102985,2025-11-22 10:19:19.431886,North Rhine-Westphalia,Rail Automation,Shipped,9408.34,31
ORD-102986,2025-11-22 12:56:18.915783,North Rhine-Westphalia,Electrification,Delivered,1232.16,22
ORD-102987,2025-11-22 15:33:18.399679,Bavaria,Service Parts,Received,18123.73,14
ORD-102988,2025-11-22 18:10:17.883576,Lower Saxony,Service Parts,Delivered,12096.69,18
ORD-102989,2025-11-22 20:47:17.367473,Baden-Württemberg,Electrification,In Progress,3709.42,35
ORD-102990,2025-11-22 23:24:16.851370,Lower Saxony,Signaling Systems,Cancelled,5078.2,17
ORD-102991,2025-11-23 02:01:16.335267,Lower Saxony,Signaling Systems,In Progress,5282.42,19
ORD-102992,2025-11-23 04:38:15.819163,Bavaria,Rolling Stock Components,Delivered,3036.3,31
ORD-102993,2025-11-23 07:15:15.303060,Bavaria,Rail Automation,In Progress,718.5,39
ORD-102994,2025-11-23 09:52:14.786957,Bavaria,Signaling Systems,Received,1439.14,36
ORD-102995,2025-11-23 12:29:14.270854,Saxony,Electrification,Delivered,1813.19,15
ORD-102996,2025-11-23 15:06:13.754750,Lower Saxony,Signaling Systems,Delivered,564.19,29
ORD-102997,2025-11-23 17:43:13.238647,North Rhine-Westphalia,Service Parts,Shipped,1444.34,40
ORD-102998,2025-11-23 20:20:12.722544,Baden-Württemberg,Rail Automation,Delivered,17245.72,16
ORD-102999,2025-11-23 22:57:12.206441,Saxony,Rolling Stock Components,Delivered,8387.6,33
ORD-103000,2025-11-24 01:34:11.690338,North Rhine-Westphalia,Rail Automation,Delivered,1689.04,25
ORD-103001,2025-11-24 04:11:11.174234,Lower Saxony,Service Parts,Shipped,2305.27,16
ORD-103002,2025-11-24 06:48:10.658131,Bavaria,Service Parts,Delivered,18998.25,30
ORD-103003,2025-11-24 09:25:10.142028,Lower Saxony,Service Parts,Delivered,18488.68,34
ORD-103004,2025-11-24 12:02:09.625925,Baden-Württemberg,Service Parts,Shipped,5307.5,2
ORD-103005,2025-11-24 14:39:09.109821,Saxony,Electrification,Delivered,17895.02,40
ORD-103006,2025-11-24 17:16:08.593718,Saxony,Rolling Stock Components,In Progress,2116.47,44
ORD-103007,2025-11-24 19:53:08.077615,Baden-Württemberg,Service Parts,In Progress,6311.29,43
ORD-103008,2025-11-24 22:30:07.561512,North Rhine-Westphalia,Service Parts,Delivered,970.89,38
ORD-103009,2025-11-25 01:07:07.045409,North Rhine-Westphalia,Signaling Systems,Delivered,3291.99,18
ORD-103010,2025-11-25 03:44:06.529305,Saxony,Rolling Stock Components,In Progress,5068.93,5
ORD-103011,2025-11-25 06:21:06.013202,Saxony,Rail Automation,Shipped,770.03,40
ORD-103012,2025-11-25 08:58:05.497099,Bavaria,Rolling Stock Components,Delivered,9437.32,6
ORD-103013,2025-11-25 11:35:04.980996,North Rhine-Westphalia,Rolling Stock Components,In Progress,11341.48,12
ORD-103014,2025-11-25 14:12:04.464892,Baden-Württemberg,Rolling Stock Components,Delivered,14946.48,12
ORD-103015,2025-11-25 16:49:03.948789,North Rhine-Westphalia,Service Parts,Delivered,64066.16,12
ORD-103016,2025-11-25 19:26:03.432686,Bavaria,Service Parts,Shipped,7772.8,9
ORD-103017,2025-11-25 22:03:02.916583,Saxony,Electrification,Delivered,4580.25,42
ORD-103018,2025-11-26 00:40:02.400480,Saxony,Rail Automation,Delivered,843.63,22
ORD-103019,2025-11-26 03:17:01.884376,Bavaria,Signaling Systems,Delivered,7563.94,16
ORD-103020,2025-11-26 05:54:01.368273,Baden-Württemberg,Rolling Stock Components,Delivered,9094.05,4
ORD-103021,2025-11-26 08:31:00.852170,Saxony,Rail Automation,Delivered,1105.87,3
ORD-103022,2025-11-26 11:08:00.336067,Lower Saxony,Rail Automation,Delivered,3774.05,16
ORD-103023,2025-11-26 13:44:59.819963,Saxony,Electrification,Delivered,4975.32,14
ORD-103024,2025-11-26 16:21:59.303860,Lower Saxony,Signaling Systems,Shipped,8799.74,41
ORD-103025,2025-11-26 18:58:58.787757,Bavaria,Rolling Stock Components,Shipped,12605.21,38
ORD-103026,2025-11-26 21:35:58.271654,Bavaria,Signaling Systems,In Progress,2723.81,4
ORD-103027,2025-11-27 00:12:57.755551,Saxony,Electrification,Received,6133.35,2
ORD-103028,2025-11-27 02:49:57.239447,North Rhine-Westphalia,Service Parts,Received,9238.26,10
ORD-103029,2025-11-27 05:26:56.723344,Lower Saxony,Rail Automation,Delivered,4024.04,11
ORD-103030,2025-11-27 08:03:56.207241,Baden-Württemberg,Rolling Stock Components,Delivered,3091.44,39
ORD-103031,2025-11-27 10:40:55.691138,Saxony,Service Parts,Delivered,10762.65,26
ORD-103032,2025-11-27 13:17:55.175035,Baden-Württemberg,Electrification,Delivered,4042.07,37
ORD-103033,2025-11-27 15:54:54.658931,Saxony,Signaling Systems,Delivered,1317.12,26
ORD-103034,2025-11-27 18:31:54.142828,North Rhine-Westphalia,Rail Automation,Delivered,22255.55,4
ORD-103035,2025-11-27 21:08:53.626725,North Rhine-Westphalia,Rolling Stock Components,Delivered,1487.84,26
ORD-103036,2025-11-27 23:45:53.110622,North Rhine-Westphalia,Service Parts,Shipped,4429.5,38
ORD-103037,2025-11-28 02:22:52.594518,North Rhine-Westphalia,Service Parts,Delivered,7001.92,28
ORD-103038,2025-11-28 04:59:52.078415,Bavaria,Rail Automation,Delivered,8108.99,2
ORD-103039,2025-11-28 07:36:51.562312,Bavaria,Signaling Systems,Shipped,5922.88,2
ORD-103040,2025-11-28 10:13:51.046209,Lower Saxony,Electrification,Delivered,193.19,16
ORD-103041,2025-11-28 12:50:50.530106,Baden-Württemberg,Signaling Systems,Delivered,2269.32,23
ORD-103042,2025-11-28 15:27:50.014002,Saxony,Signaling Systems,In Progress,6808.45,23
ORD-103043,2025-11-28 18:04:49.497899,Saxony,Signaling Systems,Delivered,4359.0,13
ORD-103044,2025-11-28 20:41:48.981796,Bavaria,Rail Automation,Shipped,8628.56,21
ORD-103045,2025-11-28 23:18:48.465693,Saxony,Rail Automation,Received,15118.05,-39
ORD-103046,2025-11-29 01:55:47.949589,Bavaria,Electrification,Delivered,8581.43,25
ORD-103047,2025-11-29 04:32:47.433486,Lower Saxony,Signaling Systems,Delivered,2204.12,37
ORD-103048,2025-11-29 07:09:46.917383,Baden-Württemberg,Rail Automation,Delivered,2717.99,13
ORD-103049,2025-11-29 09:46:46.401280,Lower Saxony,Electrification,Delivered,29572.04,15
ORD-103050,2025-11-29 12:23:45.885177,North Rhine-Westphalia,Electrification,Shipped,4035.88,28
ORD-103051,2025-11-29 15:00:45.369073,North Rhine-Westphalia,Signaling Systems,Delivered,4425.11,3
ORD-103052,2025-11-29 17:37:44.852970,North Rhine-Westphalia,Rolling Stock Components,Delivered,8611.58,23
ORD-103053,2025-11-29 20:14:44.336867,Lower Saxony,Signaling Systems,Cancelled,19166.97,4
ORD-103054,2025-11-29 22:51:43.820764,Saxony,Rolling Stock Components,Shipped,1823.68,3
ORD-103055,2025-11-30 01:28:43.304660,Baden-Württemberg,Electrification,Delivered,2847.71,39
ORD-103056,2025-11-30 04:05:42.788557,North Rhine-Westphalia,Rail Automation,Delivered,841.88,8
ORD-103057,2025-11-30 06:42:42.272454,North Rhine-Westphalia,Service Parts,Delivered,3547.47,43
ORD-103058,2025-11-30 09:19:41.756351,North Rhine-Westphalia,Electrification,Delivered,9176.06,25
ORD-103059,2025-11-30 11:56:41.240248,Baden-Württemberg,Rail Automation,Shipped,3292.28,41
ORD-103060,2025-11-30 14:33:40.724144,North Rhine-Westphalia,Electrification,Cancelled,34057.11,12
ORD-103061,2025-11-30 17:10:40.208041,Baden-Württemberg,Signaling Systems,Delivered,5584.9,5
ORD-103062,2025-11-30 19:47:39.691938,North Rhine-Westphalia,Rolling Stock Components,Received,4391.86,33
ORD-103063,2025-11-30 22:24:39.175835,Lower Saxony,Electrification,Delivered,3336.41,25
ORD-103064,2025-12-01 01:01:38.659731,Lower Saxony,Rail Automation,Delivered,1101.2,25
ORD-103065,2025-12-01 03:38:38.143628,Baden-Württemberg,Signaling Systems,Delivered,4449.89,35
ORD-103066,2025-12-01 06:15:37.627525,Lower Saxony,Service Parts,Delivered,7289.76,15
ORD-103067,2025-12-01 08:52:37.111422,Baden-Württemberg,Signaling Systems,In Progress,4316.17,42
ORD-103068,2025-12-01 11:29:36.595319,Lower Saxony,Rolling Stock Components,Delivered,6337.4,26
ORD-103069,2025-12-01 14:06:36.079215,Lower Saxony,Signaling Systems,Delivered,2350.2,10
ORD-103070,2025-12-01 16:43:35.563112,Baden-Württemberg,Service Parts,Received,1249.88,24
ORD-103071,2025-12-01 19:20:35.047009,Saxony,Rail Automation,Shipped,4372.85,35
ORD-103072,2025-12-01 21:57:34.530906,Lower Saxony,Electrification,Received,6264.58,29
ORD-103073,2025-12-02 00:34:34.014802,North Rhine-Westphalia,Rolling Stock Components,Shipped,4082.4,38
ORD-103074,2025-12-02 03:11:33.498699,Saxony,Service Parts,Delivered,6147.91,5
ORD-103075,2025-12-02 05:48:32.982596,Baden-Württemberg,Rolling Stock Components,Delivered,11548.45,24
ORD-103076,2025-12-02 08:25:32.466493,Saxony,Signaling Systems,Delivered,11500.17,19
ORD-103077,2025-12-02 11:02:31.950390,Bavaria,Rolling Stock Components,Delivered,12620.89,44
ORD-103078,2025-12-02 13:39:31.434286,Bavaria,Service Parts,Shipped,14851.54,9
ORD-103079,2025-12-02 16:16:30.918183,Lower Saxony,Electrification,Delivered,8491.24,26
ORD-103080,2025-12-02 18:53:30.402080,Lower Saxony,Electrification,Delivered,7273.25,25
ORD-103081,2025-12-02 21:30:29.885977,North Rhine-Westphalia,Rolling Stock Components,Delivered,,35
ORD-103082,2025-12-03 00:07:29.369873,Saxony,Rail Automation,Delivered,11637.43,36
ORD-103083,2025-12-03 02:44:28.853770,Bavaria,Rolling Stock Components,Delivered,1939.75,14
ORD-103084,2025-12-03 05:21:28.337667,Lower Saxony,Signaling Systems,Delivered,633.11,6
ORD-103085,2025-12-03 07:58:27.821564,Saxony,Electrification,Shipped,3769.63,32
ORD-103086,2025-12-03 10:35:27.305461,Lower Saxony,Electrification,Delivered,9771.41,26
ORD-103087,2025-12-03 13:12:26.789357,Lower Saxony,Electrification,Received,14112.91,15
ORD-103088,2025-12-03 15:49:26.273254,Bavaria,Rail Automation,Shipped,1242.0,31
ORD-103089,2025-12-03 18:26:25.757151,Bavaria,Rail Automation,Shipped,10963.91,37
ORD-103090,2025-12-03 21:03:25.241048,Lower Saxony,Service Parts,In Progress,17122.6,38
ORD-103091,2025-12-03 23:40:24.724944,Baden-Württemberg,Rolling Stock Components,Received,9600.89,37
ORD-103092,2025-12-04 02:17:24.208841,Lower Saxony,Rolling Stock Components,In Progress,7764.35,19
ORD-103093,2025-12-04 04:54:23.692738,Lower Saxony,Signaling Systems,Delivered,4246.75,14
ORD-103094,2025-12-04 07:31:23.176635,North Rhine-Westphalia,Electrification,Delivered,2963.12,36
ORD-103095,2025-12-04 10:08:22.660532,North Rhine-Westphalia,Rail Automation,Cancelled,11662.12,37
ORD-103096,2025-12-04 12:45:22.144428,North Rhine-Westphalia,Signaling Systems,Shipped,9336.45,11
ORD-103097,2025-12-04 15:22:21.628325,Baden-Württemberg,Signaling Systems,Delivered,3429.43,27
ORD-103098,2025-12-04 17:59:21.112222,Baden-Württemberg,Rail Automation,Delivered,80524.52,2
ORD-103099,2025-12-04 20:36:20.596119,Lower Saxony,Rolling Stock Components,In Progress,933.76,22
ORD-103100,2025-12-04 23:13:20.080016,North Rhine-Westphalia,Electrification,Delivered,,2
ORD-103101,2025-12-05 01:50:19.563912,Baden-Württemberg,Rolling Stock Components,Delivered,2103.72,20
ORD-103102,2025-12-05 04:27:19.047809,Bavaria,Signaling Systems,Received,7499.51,44
ORD-103103,2025-12-05 07:04:18.531706,Lower Saxony,Electrification,Delivered,576.02,17
ORD-103104,2025-12-05 09:41:18.015603,Saxony,Service Parts,Delivered,19854.64,4
ORD-103105,2025-12-05 12:18:17.499499,Lower Saxony,Signaling Systems,Received,14853.57,14
ORD-103106,2025-12-05 14:55:16.983396,Saxony,Rolling Stock Components,Received,6595.15,7
ORD-103107,2025-12-05 17:32:16.467293,North Rhine-Westphalia,Rolling Stock Components,Received,3493.45,15
ORD-103108,2025-12-05 20:09:15.951190,Saxony,Rolling Stock Components,Shipped,10806.91,30
ORD-103109,2025-12-05 22:46:15.435087,North Rhine-Westphalia,Rail Automation,Delivered,7055.6,16
ORD-103110,2025-12-06 01:23:14.918983,Bavaria,Signaling Systems,Delivered,14005.68,40
ORD-103111,2025-12-06 04:00:14.402880,Saxony,Electrification,Shipped,4295.41,2
ORD-103112,2025-12-06 06:37:13.886777,Lower Saxony,Rolling Stock Components,Delivered,,19
ORD-103113,2025-12-06 09:14:13.370674,North Rhine-Westphalia,Rolling Stock Components,Shipped,16082.89,1
ORD-103114,2025-12-06 11:51:12.854570,Lower Saxony,Rail Automation,Received,9867.76,31
ORD-103115,2025-12-06 14:28:12.338467,Baden-Württemberg,Electrification,Shipped,4058.57,4
ORD-103116,2025-12-06 17:05:11.822364,North Rhine-Westphalia,Signaling Systems,Delivered,7365.94,27
ORD-103117,2025-12-06 19:42:11.306261,Saxony,Service Parts,Shipped,6022.73,25
ORD-103118,2025-12-06 22:19:10.790158,North Rhine-Westphalia,Rail Automation,Shipped,8216.7,22
ORD-103119,2025-12-07 00:56:10.274054,Lower Saxony,Signaling Systems,In Progress,19858.67,43
ORD-103120,2025-12-07 03:33:09.757951,Bavaria,Service Parts,Delivered,3344.73,10
ORD-103121,2025-12-07 06:10:09.241848,North Rhine-Westphalia,Rolling Stock Components,Cancelled,2418.72,33
ORD-103122,2025-12-07 08:47:08.725745,Saxony,Rolling Stock Components,Shipped,6642.02,44
ORD-103123,2025-12-07 11:24:08.209641,Baden-Württemberg,Electrification,Shipped,2723.82,30
ORD-103124,2025-12-07 14:01:07.693538,Bavaria,Service Parts,Delivered,1804.41,30
ORD-103125,2025-12-07 16:38:07.177435,Baden-Württemberg,Rolling Stock Components,Delivered,14660.41,16
ORD-103126,2025-12-07 19:15:06.661332,North Rhine-Westphalia,Rolling Stock Components,Shipped,3583.42,9
ORD-103127,2025-12-07 21:52:06.145229,Lower Saxony,Electrification,Delivered,629.63,17
ORD-103128,2025-12-08 00:29:05.629125,Lower Saxony,Signaling Systems,Delivered,12483.43,35
ORD-103129,2025-12-08 03:06:05.113022,Saxony,Rolling Stock Components,Delivered,3035.2,15
ORD-103130,2025-12-08 05:43:04.596919,Lower Saxony,Rail Automation,Delivered,9279.99,28
ORD-103131,2025-12-08 08:20:04.080816,Bavaria,Rail Automation,Cancelled,16184.11,20
ORD-103132,2025-12-08 10:57:03.564712,Lower Saxony,Signaling Systems,Delivered,6054.83,33
ORD-103133,2025-12-08 13:34:03.048609,Saxony,Service Parts,Received,523.73,33
ORD-103134,2025-12-08 16:11:02.532506,North Rhine-Westphalia,Electrification,Shipped,566.78,36
ORD-103135,2025-12-08 18:48:02.016403,North Rhine-Westphalia,Rail Automation,Delivered,2345.73,13
ORD-103136,2025-12-08 21:25:01.500300,Lower Saxony,Rail Automation,Shipped,4616.8,4
ORD-103137,2025-12-09 00:02:00.984196,Baden-Württemberg,Signaling Systems,Delivered,18400.92,23
ORD-103138,2025-12-09 02:39:00.468093,North Rhine-Westphalia,Service Parts,Delivered,6771.43,8
ORD-103139,2025-12-09 05:15:59.951990,Lower Saxony,Service Parts,Delivered,87465.58,13
ORD-103140,2025-12-09 07:52:59.435887,Saxony,Signaling Systems,Cancelled,952.82,24
ORD-103141,2025-12-09 10:29:58.919783,Lower Saxony,Rail Automation,Shipped,5616.26,40
ORD-103142,2025-12-09 13:06:58.403680,North Rhine-Westphalia,Electrification,Delivered,3010.86,30
ORD-103143,2025-12-09 15:43:57.887577,Saxony,Rail Automation,Delivered,6362.02,30
ORD-103144,2025-12-09 18:20:57.371474,Lower Saxony,Service Parts,Shipped,33753.58,25
ORD-103145,2025-12-09 20:57:56.855371,Bavaria,Rail Automation,Delivered,36185.19,33
ORD-103146,2025-12-09 23:34:56.339267,Saxony,Electrification,In Progress,5218.19,9
ORD-103147,2025-12-10 02:11:55.823164,Bavaria,Rolling Stock Components,Delivered,12678.53,26
ORD-103148,2025-12-10 04:48:55.307061,Baden-Württemberg,Rail Automation,Delivered,6229.83,24
ORD-103149,2025-12-10 07:25:54.790958,Saxony,Signaling Systems,Shipped,1505.95,33
ORD-103150,2025-12-10 10:02:54.274854,Bavaria,Rolling Stock Components,Delivered,4992.8,39
ORD-103151,2025-12-10 12:39:53.758751,North Rhine-Westphalia,Signaling Systems,Delivered,2819.68,25
ORD-103152,2025-12-10 15:16:53.242648,North Rhine-Westphalia,Signaling Systems,In Progress,4586.87,15
ORD-103153,2025-12-10 17:53:52.726545,Baden-Württemberg,Signaling Systems,Received,1925.04,41
ORD-103154,2025-12-10 20:30:52.210442,Saxony,Rail Automation,Shipped,5829.36,41
ORD-103155,2025-12-10 23:07:51.694338,Saxony,Service Parts,Delivered,6878.91,6
ORD-103156,2025-12-11 01:44:51.178235,Saxony,Rolling Stock Components,Delivered,10664.53,20
ORD-103157,2025-12-11 04:21:50.662132,Baden-Württemberg,Electrification,Delivered,,44
ORD-103158,2025-12-11 06:58:50.146029,Saxony,Service Parts,Delivered,29675.28,16
ORD-103159,2025-12-11 09:35:49.629925,North Rhine-Westphalia,Rail Automation,Delivered,54798.75,21
ORD-103160,2025-12-11 12:12:49.113822,Bavaria,Signaling Systems,Shipped,3149.55,15
ORD-103161,2025-12-11 14:49:48.597719,North Rhine-Westphalia,Electrification,Delivered,14286.56,39
ORD-103162,2025-12-11 17:26:48.081616,North Rhine-Westphalia,Rolling Stock Components,In Progress,50315.08,42
ORD-103163,2025-12-11 20:03:47.565513,Bavaria,Service Parts,Shipped,14701.94,4
ORD-103164,2025-12-11 22:40:47.049409,North Rhine-Westphalia,Service Parts,Delivered,10818.96,24
ORD-103165,2025-12-12 01:17:46.533306,Baden-Württemberg,Electrification,Received,662.46,3
ORD-103166,2025-12-12 03:54:46.017203,Bavaria,Rail Automation,Delivered,2660.09,1
ORD-103167,2025-12-12 06:31:45.501100,North Rhine-Westphalia,Rolling Stock Components,Delivered,3123.43,30
ORD-103168,2025-12-12 09:08:44.984997,Lower Saxony,Electrification,Shipped,22604.62,13
ORD-103169,2025-12-12 11:45:44.468893,North Rhine-Westphalia,Signaling Systems,Shipped,2200.26,18
ORD-103170,2025-12-12 14:22:43.952790,Baden-Württemberg,Rolling Stock Components,Delivered,4474.22,40
ORD-103171,2025-12-12 16:59:43.436687,Saxony,Service Parts,Delivered,12385.76,11
ORD-103172,2025-12-12 19:36:42.920584,North Rhine-Westphalia,Electrification,Shipped,2093.79,42
ORD-103173,2025-12-12 22:13:42.404480,Saxony,Service Parts,Shipped,6680.84,29
ORD-103174,2025-12-13 00:50:41.888377,Lower Saxony,Service Parts,Delivered,5788.63,4
ORD-103175,2025-12-13 03:27:41.372274,North Rhine-Westphalia,Service Parts,Delivered,12897.92,25
ORD-103176,2025-12-13 06:04:40.856171,Bavaria,Rail Automation,In Progress,10144.98,36
ORD-103177,2025-12-13 08:41:40.340068,Saxony,Service Parts,Shipped,9798.86,36
ORD-103178,2025-12-13 11:18:39.823964,Lower Saxony,Signaling Systems,Delivered,6129.47,44
ORD-103179,2025-12-13 13:55:39.307861,Bavaria,Signaling Systems,Delivered,777.78,40
ORD-103180,2025-12-13 16:32:38.791758,Bavaria,Rolling Stock Components,Cancelled,5730.9,28
ORD-103181,2025-12-13 19:09:38.275655,Bavaria,Service Parts,Delivered,5223.04,8
ORD-103182,2025-12-13 21:46:37.759551,Bavaria,Service Parts,Delivered,11420.89,21
ORD-103183,2025-12-14 00:23:37.243448,North Rhine-Westphalia,Electrification,In Progress,3086.46,35
ORD-103184,2025-12-14 03:00:36.727345,North Rhine-Westphalia,Rail Automation,Delivered,5146.02,44
ORD-103185,2025-12-14 05:37:36.211242,North Rhine-Westphalia,Rolling Stock Components,Received,5327.82,18
ORD-103186,2025-12-14 08:14:35.695139,Lower Saxony,Service Parts,Delivered,2244.39,25
ORD-103187,2025-12-14 10:51:35.179035,Lower Saxony,Electrification,Delivered,1382.15,41
ORD-103188,2025-12-14 13:28:34.662932,Lower Saxony,Rail Automation,Shipped,7486.04,5
ORD-103189,2025-12-14 16:05:34.146829,Baden-Württemberg,Rolling Stock Components,Delivered,14891.4,8
ORD-103190,2025-12-14 18:42:33.630726,Lower Saxony,Rolling Stock Components,Delivered,2471.55,23
ORD-103191,2025-12-14 21:19:33.114622,North Rhine-Westphalia,Service Parts,Received,3867.86,3
ORD-103192,2025-12-14 23:56:32.598519,North Rhine-Westphalia,Rolling Stock Components,Delivered,12240.48,44
ORD-103193,2025-12-15 02:33:32.082416,Baden-Württemberg,Electrification,Shipped,13621.15,37
ORD-103194,2025-12-15 05:10:31.566313,Baden-Württemberg,Rolling Stock Components,Shipped,6339.58,31
ORD-103195,2025-12-15 07:47:31.050210,Lower Saxony,Signaling Systems,Delivered,7751.35,29
ORD-103196,2025-12-15 10:24:30.534106,Saxony,Electrification,Shipped,8824.21,41
ORD-103197,2025-12-15 13:01:30.018003,Baden-Württemberg,Rail Automation,Delivered,10744.37,20
ORD-103198,2025-12-15 15:38:29.501900,Bavaria,Rail Automation,In Progress,1512.38,3
ORD-103199,2025-12-15 18:15:28.985797,North Rhine-Westphalia,Service Parts,Delivered,40494.9,23
ORD-103200,2025-12-15 20:52:28.469693,Bavaria,Service Parts,Delivered,6643.57,40
ORD-103201,2025-12-15 23:29:27.953590,North Rhine-Westphalia,Signaling Systems,Shipped,10968.86,21
ORD-103202,2025-12-16 02:06:27.437487,North Rhine-Westphalia,Rail Automation,Shipped,2126.04,13
ORD-103203,2025-12-16 04:43:26.921384,Baden-Württemberg,Rail Automation,Delivered,4005.84,8
ORD-103204,2025-12-16 07:20:26.405281,Baden-Württemberg,Rail Automation,Delivered,7440.42,5
ORD-103205,2025-12-16 09:57:25.889177,Bavaria,Rail Automation,Shipped,675.3,25
ORD-103206,2025-12-16 12:34:25.373074,North Rhine-Westphalia,Rolling Stock Components,Delivered,1823.92,39
ORD-103207,2025-12-16 15:11:24.856971,Bavaria,Electrification,Received,2213.18,37
ORD-103208,2025-12-16 17:48:24.340868,Saxony,Electrification,In Progress,1204.11,41
ORD-103209,2025-12-16 20:25:23.824764,Bavaria,Signaling Systems,Delivered,5523.08,5
ORD-103210,2025-12-16 23:02:23.308661,Lower Saxony,Rolling Stock Components,Received,4530.14,8
ORD-103211,2025-12-17 01:39:22.792558,Bavaria,Rail Automation,Delivered,23531.1,44
ORD-103212,2025-12-17 04:16:22.276455,Lower Saxony,Rail Automation,Delivered,1432.62,4
ORD-103213,2025-12-17 06:53:21.760352,Lower Saxony,Service Parts,Delivered,6362.8,41
ORD-103214,2025-12-17 09:30:21.244248,Lower Saxony,Service Parts,Delivered,1866.65,22
ORD-103215,2025-12-17 12:07:20.728145,Saxony,Signaling Systems,Delivered,743.33,14
ORD-103216,2025-12-17 14:44:20.212042,Bavaria,Rail Automation,Delivered,9382.34,19
ORD-103217,2025-12-17 17:21:19.695939,Bavaria,Signaling Systems,Delivered,10276.95,13
ORD-103218,2025-12-17 19:58:19.179835,Saxony,Rolling Stock Components,Cancelled,9021.18,35
ORD-103219,2025-12-17 22:35:18.663732,North Rhine-Westphalia,Electrification,Delivered,1155.0,4
ORD-103220,2025-12-18 01:12:18.147629,Baden-Württemberg,Rail Automation,Received,5388.09,33
ORD-103221,2025-12-18 03:49:17.631526,Bavaria,Rolling Stock Components,Delivered,9481.49,22
ORD-103222,2025-12-18 06:26:17.115423,Baden-Württemberg,Rail Automation,Delivered,14007.89,1
ORD-103223,2025-12-18 09:03:16.599319,Saxony,Service Parts,Delivered,9809.67,11
ORD-103224,2025-12-18 11:40:16.083216,North Rhine-Westphalia,Signaling Systems,Delivered,14209.24,16
ORD-103225,2025-12-18 14:17:15.567113,North Rhine-Westphalia,Service Parts,Delivered,15900.69,4
ORD-103226,2025-12-18 16:54:15.051010,North Rhine-Westphalia,Electrification,Cancelled,5515.69,29
ORD-103227,2025-12-18 19:31:14.534906,Saxony,Service Parts,Received,8504.78,39
ORD-103228,2025-12-18 22:08:14.018803,Lower Saxony,Rail Automation,Delivered,14759.54,44
ORD-103229,2025-12-19 00:45:13.502700,Lower Saxony,Service Parts,Shipped,7548.76,38
ORD-103230,2025-12-19 03:22:12.986597,Baden-Württemberg,Rail Automation,Delivered,18377.77,24
ORD-103231,2025-12-19 05:59:12.470494,Lower Saxony,Electrification,Delivered,12860.89,9
ORD-103232,2025-12-19 08:36:11.954390,Lower Saxony,Service Parts,In Progress,2451.13,8
ORD-103233,2025-12-19 11:13:11.438287,North Rhine-Westphalia,Signaling Systems,In Progress,1168.41,14
ORD-103234,2025-12-19 13:50:10.922184,North Rhine-Westphalia,Signaling Systems,Delivered,5020.27,15
ORD-103235,2025-12-19 16:27:10.406081,Baden-Württemberg,Signaling Systems,In Progress,1340.44,22
ORD-103236,2025-12-19 19:04:09.889977,Bavaria,Service Parts,Shipped,5385.35,37
ORD-103237,2025-12-19 21:41:09.373874,Baden-Württemberg,Service Parts,Delivered,4874.91,15
ORD-103238,2025-12-20 00:18:08.857771,Baden-Württemberg,Service Parts,Shipped,20557.94,6
ORD-103239,2025-12-20 02:55:08.341668,Saxony,Rail Automation,Delivered,8566.11,1
ORD-103240,2025-12-20 05:32:07.825565,Saxony,Electrification,Delivered,14410.74,20
ORD-103241,2025-12-20 08:09:07.309461,Baden-Württemberg,Signaling Systems,In Progress,2868.22,41
ORD-103242,2025-12-20 10:46:06.793358,Baden-Württemberg,Rail Automation,Shipped,26440.05,36
ORD-103243,2025-12-20 13:23:06.277255,Baden-Württemberg,Signaling Systems,Delivered,13134.7,2
ORD-103244,2025-12-20 16:00:05.761152,Lower Saxony,Rail Automation,Delivered,7865.03,6
ORD-103245,2025-12-20 18:37:05.245049,Saxony,Service Parts,Delivered,673.7,2
ORD-103246,2025-12-20 21:14:04.728945,Baden-Württemberg,Signaling Systems,Delivered,17972.78,3
ORD-103247,2025-12-20 23:51:04.212842,North Rhine-Westphalia,Service Parts,Delivered,34567.48,7
ORD-103248,2025-12-21 02:28:03.696739,North Rhine-Westphalia,Signaling Systems,In Progress,4976.17,20
ORD-103249,2025-12-21 05:05:03.180636,Lower Saxony,Rolling Stock Components,Received,5089.44,41
ORD-103250,2025-12-21 07:42:02.664532,Lower Saxony,Rail Automation,Shipped,2784.03,41
ORD-103251,2025-12-21 10:19:02.148429,Bavaria,Rolling Stock Components,In Progress,816.55,5
ORD-103252,2025-12-21 12:56:01.632326,Bavaria,Rail Automation,Delivered,2648.36,25
ORD-103253,2025-12-21 15:33:01.116223,Bavaria,Electrification,Delivered,30496.32,38
ORD-103254,2025-12-21 18:10:00.600120,Lower Saxony,Signaling Systems,Received,16105.44,18
ORD-103255,2025-12-21 20:47:00.084016,Lower Saxony,Electrification,Delivered,2100.69,1
ORD-103256,2025-12-21 23:23:59.567913,Lower Saxony,Electrification,In Progress,2601.32,25
ORD-103257,2025-12-22 02:00:59.051810,North Rhine-Westphalia,Rail Automation,Shipped,51461.55,17
ORD-103258,2025-12-22 04:37:58.535707,Lower Saxony,Rolling Stock Components,Delivered,1600.11,15
ORD-103259,2025-12-22 07:14:58.019603,North Rhine-Westphalia,Service Parts,Shipped,2237.32,5
ORD-103260,2025-12-22 09:51:57.503500,Bavaria,Rail Automation,Shipped,3063.95,17
ORD-103261,2025-12-22 12:28:56.987397,Bavaria,Service Parts,Received,1103.44,21
ORD-103262,2025-12-22 15:05:56.471294,Bavaria,Electrification,Shipped,2720.96,23
ORD-103263,2025-12-22 17:42:55.955191,Baden-Württemberg,Service Parts,Delivered,2766.84,43
ORD-103264,2025-12-22 20:19:55.439087,Baden-Württemberg,Rolling Stock Components,Delivered,1821.7,10
ORD-103265,2025-12-22 22:56:54.922984,Saxony,Rail Automation,Shipped,21179.06,17
ORD-103266,2025-12-23 01:33:54.406881,Saxony,Rolling Stock Components,Shipped,1361.7,1
ORD-103267,2025-12-23 04:10:53.890778,Saxony,Rolling Stock Components,Delivered,4204.38,37
ORD-103268,2025-12-23 06:47:53.374674,Baden-Württemberg,Rail Automation,Delivered,1873.0,7
ORD-103269,2025-12-23 09:24:52.858571,Baden-Württemberg,Rolling Stock Components,Shipped,3901.16,12
ORD-103270,2025-12-23 12:01:52.342468,Saxony,Signaling Systems,Shipped,1779.68,40
ORD-103271,2025-12-23 14:38:51.826365,Saxony,Signaling Systems,Delivered,5342.69,1
ORD-103272,2025-12-23 17:15:51.310262,Lower Saxony,Signaling Systems,Delivered,6999.61,20
ORD-103273,2025-12-23 19:52:50.794158,Saxony,Service Parts,In Progress,22980.47,44
ORD-103274,2025-12-23 22:29:50.278055,Lower Saxony,Rolling Stock Components,Delivered,2572.27,31
ORD-103275,2025-12-24 01:06:49.761952,North Rhine-Westphalia,Rail Automation,In Progress,29132.49,4
ORD-103276,2025-12-24 03:43:49.245849,Baden-Württemberg,Rail Automation,Delivered,2022.97,26
ORD-103277,2025-12-24 06:20:48.729745,Saxony,Service Parts,Delivered,3782.65,12
ORD-103278,2025-12-24 08:57:48.213642,Baden-Württemberg,Rail Automation,Delivered,34242.19,22
ORD-103279,2025-12-24 11:34:47.697539,Baden-Württemberg,Signaling Systems,Delivered,119758.89,1
ORD-103280,2025-12-24 14:11:47.181436,Baden-Württemberg,Rolling Stock Components,Shipped,31398.96,1
ORD-103281,2025-12-24 16:48:46.665333,North Rhine-Westphalia,Rail Automation,In Progress,3843.16,3
ORD-103282,2025-12-24 19:25:46.149229,Bavaria,Rail Automation,Delivered,8659.07,12
ORD-103283,2025-12-24 22:02:45.633126,Saxony,Electrification,In Progress,10413.94,21
ORD-103284,2025-12-25 00:39:45.117023,Bavaria,Electrification,Shipped,7186.55,13
ORD-103285,2025-12-25 03:16:44.600920,Bavaria,Electrification,In Progress,1621.92,13
ORD-103286,2025-12-25 05:53:44.084816,Bavaria,Rolling Stock Components,Delivered,6361.64,41
ORD-103287,2025-12-25 08:30:43.568713,Baden-Württemberg,Signaling Systems,Delivered,2817.4,18
ORD-103288,2025-12-25 11:07:43.052610,Lower Saxony,Signaling Systems,Shipped,1693.83,33
ORD-103289,2025-12-25 13:44:42.536507,Baden-Württemberg,Signaling Systems,Shipped,3489.43,6
ORD-103290,2025-12-25 16:21:42.020404,Baden-Württemberg,Rolling Stock Components,Delivered,6952.56,25
ORD-103291,2025-12-25 18:58:41.504300,Bavaria,Rolling Stock Components,Delivered,,23
ORD-103292,2025-12-25 21:35:40.988197,Baden-Württemberg,Electrification,Delivered,3717.02,24
ORD-103293,2025-12-26 00:12:40.472094,Bavaria,Rail Automation,Delivered,4507.64,37
ORD-103294,2025-12-26 02:49:39.955991,Lower Saxony,Service Parts,Delivered,11900.34,26
ORD-103295,2025-12-26 05:26:39.439887,Saxony,Service Parts,Shipped,5313.25,4
ORD-103296,2025-12-26 08:03:38.923784,Bavaria,Rail Automation,Cancelled,7477.9,38
ORD-103297,2025-12-26 10:40:38.407681,Lower Saxony,Electrification,Received,5354.89,35
ORD-103298,2025-12-26 13:17:37.891578,Saxony,Rail Automation,Shipped,6142.61,11
ORD-103299,2025-12-26 15:54:37.375475,North Rhine-Westphalia,Rail Automation,Delivered,1499.78,36
ORD-103300,2025-12-26 18:31:36.859371,Bavaria,Service Parts,Shipped,5622.66,25
ORD-103301,2025-12-26 21:08:36.343268,Bavaria,Electrification,Shipped,23638.89,20
ORD-103302,2025-12-26 23:45:35.827165,North Rhine-Westphalia,Rolling Stock Components,Shipped,5918.81,1
ORD-103303,2025-12-27 02:22:35.311062,North Rhine-Westphalia,Service Parts,Delivered,1964.27,30
ORD-103304,2025-12-27 04:59:34.794958,Bavaria,Rolling Stock Components,Shipped,24938.87,4
ORD-103305,2025-12-27 07:36:34.278855,North Rhine-Westphalia,Electrification,Delivered,10867.25,23
ORD-103306,2025-12-27 10:13:33.762752,Baden-Württemberg,Rail Automation,Delivered,11434.5,35
ORD-103307,2025-12-27 12:50:33.246649,Saxony,Signaling Systems,Delivered,11098.6,42
ORD-103308,2025-12-27 15:27:32.730546,Saxony,Signaling Systems,In Progress,1423.67,22
ORD-103309,2025-12-27 18:04:32.214442,Saxony,Electrification,Delivered,10022.48,31
ORD-103310,2025-12-27 20:41:31.698339,Baden-Württemberg,Signaling Systems,Shipped,22541.05,1
ORD-103311,2025-12-27 23:18:31.182236,North Rhine-Westphalia,Rolling Stock Components,In Progress,2898.01,4
ORD-103312,2025-12-28 01:55:30.666133,Lower Saxony,Signaling Systems,Received,589.06,19
ORD-103313,2025-12-28 04:32:30.150030,North Rhine-Westphalia,Electrification,Delivered,7347.6,30
ORD-103314,2025-12-28 07:09:29.633926,Bavaria,Electrification,In Progress,5095.04,1
ORD-103315,2025-12-28 09:46:29.117823,Saxony,Rolling Stock Components,In Progress,895.72,19
ORD-103316,2025-12-28 12:23:28.601720,North Rhine-Westphalia,Signaling Systems,Shipped,9565.48,21
ORD-103317,2025-12-28 15:00:28.085617,Lower Saxony,Signaling Systems,Shipped,8807.17,22
ORD-103318,2025-12-28 17:37:27.569513,Bavaria,Rail Automation,Delivered,979.7,2
ORD-103319,2025-12-28 20:14:27.053410,Baden-Württemberg,Service Parts,Delivered,39270.86,6
ORD-103320,2025-12-28 22:51:26.537307,Baden-Württemberg,Electrification,Delivered,11228.76,21
ORD-103321,2025-12-29 01:28:26.021204,Lower Saxony,Rail Automation,Shipped,614.44,33
ORD-103322,2025-12-29 04:05:25.505101,Bavaria,Electrification,In Progress,12097.46,19
ORD-103323,2025-12-29 06:42:24.988997,Saxony,Rail Automation,Cancelled,11717.15,27
ORD-103324,2025-12-29 09:19:24.472894,North Rhine-Westphalia,Service Parts,Received,23307.0,37
ORD-103325,2025-12-29 11:56:23.956791,Bavaria,Rail Automation,Delivered,2474.36,29
ORD-103326,2025-12-29 14:33:23.440688,Baden-Württemberg,Electrification,In Progress,12291.13,28
ORD-103327,2025-12-29 17:10:22.924584,Lower Saxony,Signaling Systems,Delivered,3788.34,34
ORD-103328,2025-12-29 19:47:22.408481,Lower Saxony,Electrification,Shipped,2664.75,1
ORD-103329,2025-12-29 22:24:21.892378,North Rhine-Westphalia,Rolling Stock Components,Shipped,1897.88,25
ORD-103330,2025-12-30 01:01:21.376275,Lower Saxony,Rolling Stock Components,Delivered,605.8,21
ORD-103331,2025-12-30 03:38:20.860172,Lower Saxony,Rolling Stock Components,Delivered,8905.87,34
ORD-103332,2025-12-30 06:15:20.344068,Bavaria,Rolling Stock Components,Shipped,3639.66,26
ORD-103333,2025-12-30 08:52:19.827965,Saxony,Service Parts,Delivered,243.93,36
ORD-103334,2025-12-30 11:29:19.311862,North Rhine-Westphalia,Signaling Systems,Delivered,5339.52,35
ORD-103335,2025-12-30 14:06:18.795759,Bavaria,Signaling Systems,Received,17564.44,23
ORD-103336,2025-12-30 16:43:18.279655,Saxony,Electrification,Received,1167.15,17
ORD-103337,2025-12-30 19:20:17.763552,Bavaria,Rail Automation,Delivered,2244.28,42
ORD-103338,2025-12-30 21:57:17.247449,Bavaria,Electrification,In Progress,7982.56,12
ORD-103339,2025-12-31 00:34:16.731346,Lower Saxony,Electrification,Delivered,294.49,44
ORD-103340,2025-12-31 03:11:16.215243,Saxony,Electrification,In Progress,2732.44,20
ORD-103341,2025-12-31 05:48:15.699139,North Rhine-Westphalia,Electrification,Shipped,7195.9,39
ORD-103342,2025-12-31 08:25:15.183036,North Rhine-Westphalia,Signaling Systems,In Progress,2651.21,27
ORD-103343,2025-12-31 11:02:14.666933,Saxony,Rail Automation,Delivered,1178.73,42
ORD-103344,2025-12-31 13:39:14.150830,Lower Saxony,Electrification,In Progress,1242.53,37
ORD-103345,2025-12-31 16:16:13.634726,Baden-Württemberg,Signaling Systems,Received,834.37,20
ORD-103346,2025-12-31 18:53:13.118623,Bavaria,Electrification,Received,2449.55,11
ORD-103347,2025-12-31 21:30:12.602520,Lower Saxony,Rolling Stock Components,Cancelled,15714.33,28
ORD-103348,2026-01-01 00:07:12.086417,Saxony,Electrification,In Progress,66044.22,2
ORD-103349,2026-01-01 02:44:11.570314,Bavaria,Electrification,Delivered,5114.33,24
ORD-103350,2026-01-01 05:21:11.054210,North Rhine-Westphalia,Service Parts,Received,11442.31,16
ORD-103351,2026-01-01 07:58:10.538107,Baden-Württemberg,Rolling Stock Components,In Progress,1746.02,12
ORD-103352,2026-01-01 10:35:10.022004,North Rhine-Westphalia,Rail Automation,Delivered,492.35,16
ORD-103353,2026-01-01 13:12:09.505901,Saxony,Electrification,Delivered,37675.68,36
ORD-103354,2026-01-01 15:49:08.989797,Bavaria,Rail Automation,Cancelled,2553.94,2
ORD-103355,2026-01-01 18:26:08.473694,Saxony,Rolling Stock Components,Delivered,10835.46,25
ORD-103356,2026-01-01 21:03:07.957591,Bavaria,Electrification,Delivered,5850.65,29
ORD-103357,2026-01-01 23:40:07.441488,Lower Saxony,Service Parts,Delivered,14677.19,28
ORD-103358,2026-01-02 02:17:06.925385,Baden-Württemberg,Signaling Systems,Delivered,14037.78,10
ORD-103359,2026-01-02 04:54:06.409281,Lower Saxony,Service Parts,Shipped,6670.82,23
ORD-103360,2026-01-02 07:31:05.893178,Lower Saxony,Service Parts,Delivered,7529.31,32
ORD-103361,2026-01-02 10:08:05.377075,Saxony,Signaling Systems,Delivered,18654.51,31
ORD-103362,2026-01-02 12:45:04.860972,Baden-Württemberg,Signaling Systems,Delivered,3131.72,19
ORD-103363,2026-01-02 15:22:04.344868,Bavaria,Signaling Systems,In Progress,27205.55,15
ORD-103364,2026-01-02 17:59:03.828765,Bavaria,Electrification,Received,2256.02,33
ORD-103365,2026-01-02 20:36:03.312662,North Rhine-Westphalia,Rail Automation,Delivered,5346.72,17
ORD-103366,2026-01-02 23:13:02.796559,Bavaria,Rail Automation,Shipped,9819.23,36
ORD-103367,2026-01-03 01:50:02.280456,Saxony,Signaling Systems,Shipped,818.93,20
ORD-103368,2026-01-03 04:27:01.764352,Lower Saxony,Service Parts,In Progress,22472.17,9
ORD-103369,2026-01-03 07:04:01.248249,Lower Saxony,Rolling Stock Components,Delivered,8295.69,38
ORD-103370,2026-01-03 09:41:00.732146,Lower Saxony,Signaling Systems,Received,185548.04,3
ORD-103371,2026-01-03 12:18:00.216043,Baden-Württemberg,Service Parts,Delivered,48472.98,2
ORD-103372,2026-01-03 14:54:59.699939,Bavaria,Service Parts,In Progress,4856.19,18
ORD-103373,2026-01-03 17:31:59.183836,Saxony,Electrification,Delivered,35036.49,23
ORD-103374,2026-01-03 20:08:58.667733,Baden-Württemberg,Electrification,Delivered,12482.34,19
ORD-103375,2026-01-03 22:45:58.151630,North Rhine-Westphalia,Rail Automation,In Progress,6337.36,7
ORD-103376,2026-01-04 01:22:57.635527,Saxony,Rail Automation,Delivered,792.11,35
ORD-103377,2026-01-04 03:59:57.119423,Saxony,Rolling Stock Components,Shipped,1026.71,20
ORD-103378,2026-01-04 06:36:56.603320,Saxony,Rolling Stock Components,In Progress,4938.45,20
ORD-103379,2026-01-04 09:13:56.087217,Lower Saxony,Rolling Stock Components,Delivered,2850.07,19
ORD-103380,2026-01-04 11:50:55.571114,Saxony,Rolling Stock Components,Shipped,6296.24,41
ORD-103381,2026-01-04 14:27:55.055011,Bavaria,Service Parts,Shipped,22239.09,16
ORD-103382,2026-01-04 17:04:54.538907,Saxony,Service Parts,In Progress,12726.66,38
ORD-103383,2026-01-04 19:41:54.022804,Lower Saxony,Rail Automation,Shipped,2284.92,21
ORD-103384,2026-01-04 22:18:53.506701,Saxony,Electrification,Delivered,13594.95,29
ORD-103385,2026-01-05 00:55:52.990598,North Rhine-Westphalia,Electrification,Shipped,1798.21,44
ORD-103386,2026-01-05 03:32:52.474494,North Rhine-Westphalia,Signaling Systems,Cancelled,1399.03,38
ORD-103387,2026-01-05 06:09:51.958391,Lower Saxony,Service Parts,Delivered,7478.6,24
ORD-103388,2026-01-05 08:46:51.442288,Bavaria,Rolling Stock Components,In Progress,2006.3,37
ORD-103389,2026-01-05 11:23:50.926185,Bavaria,Rolling Stock Components,In Progress,2425.93,29
ORD-103390,2026-01-05 14:00:50.410082,Baden-Württemberg,Signaling Systems,Delivered,14667.2,31
ORD-103391,2026-01-05 16:37:49.893978,Lower Saxony,Electrification,Shipped,10131.42,39
ORD-103392,2026-01-05 19:14:49.377875,Saxony,Rolling Stock Components,Received,3265.0,12
ORD-103393,2026-01-05 21:51:48.861772,Lower Saxony,Electrification,Shipped,822.54,30
ORD-103394,2026-01-06 00:28:48.345669,Baden-Württemberg,Signaling Systems,Delivered,2189.27,4
ORD-103395,2026-01-06 03:05:47.829565,Lower Saxony,Electrification,Delivered,41617.91,30
ORD-103396,2026-01-06 05:42:47.313462,Lower Saxony,Electrification,In Progress,14231.23,5
ORD-103397,2026-01-06 08:19:46.797359,Baden-Württemberg,Electrification,In Progress,23528.08,16
ORD-103398,2026-01-06 10:56:46.281256,Bavaria,Rolling Stock Components,Delivered,6513.47,27
ORD-103399,2026-01-06 13:33:45.765153,Saxony,Rail Automation,Delivered,3340.4,4
ORD-103400,2026-01-06 16:10:45.249049,Baden-Württemberg,Service Parts,Delivered,13302.56,8
ORD-103401,2026-01-06 18:47:44.732946,North Rhine-Westphalia,Electrification,Delivered,20131.14,8
ORD-103402,2026-01-06 21:24:44.216843,Bavaria,Electrification,Shipped,2899.47,17
ORD-103403,2026-01-07 00:01:43.700740,North Rhine-Westphalia,Electrification,Delivered,2242.79,44
ORD-103404,2026-01-07 02:38:43.184636,Bavaria,Rail Automation,Shipped,922.06,3
ORD-103405,2026-01-07 05:15:42.668533,Saxony,Signaling Systems,In Progress,2181.42,27
ORD-103406,2026-01-07 07:52:42.152430,Saxony,Rolling Stock Components,Delivered,10257.98,34
ORD-103407,2026-01-07 10:29:41.636327,Lower Saxony,Rail Automation,Shipped,2550.67,21
ORD-103408,2026-01-07 13:06:41.120224,North Rhine-Westphalia,Electrification,Cancelled,13696.6,43
ORD-103409,2026-01-07 15:43:40.604120,Bavaria,Rail Automation,Shipped,42782.84,24
ORD-103410,2026-01-07 18:20:40.088017,Saxony,Rail Automation,Delivered,5050.8,44
ORD-103411,2026-01-07 20:57:39.571914,Baden-Württemberg,Rail Automation,Delivered,4827.59,41
ORD-103412,2026-01-07 23:34:39.055811,Saxony,Signaling Systems,In Progress,8986.45,29
ORD-103413,2026-01-08 02:11:38.539707,Baden-Württemberg,Service Parts,Delivered,2612.75,39
ORD-103414,2026-01-08 04:48:38.023604,Bavaria,Rolling Stock Components,Shipped,2411.36,6
ORD-103415,2026-01-08 07:25:37.507501,Saxony,Signaling Systems,Delivered,2491.75,14
ORD-103416,2026-01-08 10:02:36.991398,Saxony,Signaling Systems,Delivered,1393.91,14
ORD-103417,2026-01-08 12:39:36.475295,Bavaria,Service Parts,Delivered,13223.69,37
ORD-103418,2026-01-08 15:16:35.959191,Saxony,Signaling Systems,Delivered,2846.26,24
ORD-103419,2026-01-08 17:53:35.443088,Baden-Württemberg,Rail Automation,In Progress,16689.34,13
ORD-103420,2026-01-08 20:30:34.926985,Saxony,Rail Automation,In Progress,8797.4,1
ORD-103421,2026-01-08 23:07:34.410882,North Rhine-Westphalia,Electrification,Shipped,4793.14,12
ORD-103422,2026-01-09 01:44:33.894778,Lower Saxony,Signaling Systems,Delivered,11975.18,42
ORD-103423,2026-01-09 04:21:33.378675,Baden-Württemberg,Electrification,Delivered,1740.96,24
ORD-103424,2026-01-09 06:58:32.862572,North Rhine-Westphalia,Rolling Stock Components,Delivered,2082.98,37
ORD-103425,2026-01-09 09:35:32.346469,Bavaria,Rail Automation,Shipped,10774.71,20
ORD-103426,2026-01-09 12:12:31.830366,Baden-Württemberg,Rolling Stock Components,Delivered,439.11,6
ORD-103427,2026-01-09 14:49:31.314262,Lower Saxony,Service Parts,Received,4994.4,12
ORD-103428,2026-01-09 17:26:30.798159,Lower Saxony,Rail Automation,Delivered,9410.23,21
ORD-103429,2026-01-09 20:03:30.282056,Bavaria,Rolling Stock Components,Cancelled,20784.67,3
ORD-103430,2026-01-09 22:40:29.765953,Bavaria,Service Parts,Shipped,26030.59,27
ORD-103431,2026-01-10 01:17:29.249849,Baden-Württemberg,Rolling Stock Components,Received,4258.55,36
ORD-103432,2026-01-10 03:54:28.733746,Saxony,Service Parts,In Progress,11467.74,17
ORD-103433,2026-01-10 06:31:28.217643,Bavaria,Service Parts,Delivered,2028.83,15
ORD-103434,2026-01-10 09:08:27.701540,Saxony,Rail Automation,Delivered,3017.44,39
ORD-103435,2026-01-10 11:45:27.185437,North Rhine-Westphalia,Electrification,Delivered,22124.18,4
ORD-103436,2026-01-10 14:22:26.669333,Lower Saxony,Service Parts,Shipped,4703.7,17
ORD-103437,2026-01-10 16:59:26.153230,Saxony,Service Parts,Delivered,5858.48,38
ORD-103438,2026-01-10 19:36:25.637127,Lower Saxony,Rail Automation,Delivered,1577.43,11
ORD-103439,2026-01-10 22:13:25.121024,Saxony,Electrification,Shipped,7823.0,12
ORD-103440,2026-01-11 00:50:24.604920,North Rhine-Westphalia,Signaling Systems,Delivered,11265.04,32
ORD-103441,2026-01-11 03:27:24.088817,Bavaria,Signaling Systems,In Progress,10887.01,27
ORD-103442,2026-01-11 06:04:23.572714,North Rhine-Westphalia,Electrification,Delivered,1296.6,44
ORD-103443,2026-01-11 08:41:23.056611,Bavaria,Rolling Stock Components,Delivered,14763.88,43
ORD-103444,2026-01-11 11:18:22.540508,Bavaria,Rail Automation,Shipped,1639.41,27
ORD-103445,2026-01-11 13:55:22.024404,Lower Saxony,Electrification,Delivered,4774.02,40
ORD-103446,2026-01-11 16:32:21.508301,North Rhine-Westphalia,Signaling Systems,Delivered,828.87,44
ORD-103447,2026-01-11 19:09:20.992198,Saxony,Service Parts,In Progress,4034.29,29
ORD-103448,2026-01-11 21:46:20.476095,North Rhine-Westphalia,Signaling Systems,Delivered,1629.54,9
ORD-103449,2026-01-12 00:23:19.959992,Lower Saxony,Service Parts,Delivered,2999.67,43
ORD-103450,2026-01-12 03:00:19.443888,Bavaria,Rail Automation,Shipped,5249.57,3
ORD-103451,2026-01-12 05:37:18.927785,Lower Saxony,Service Parts,In Progress,12209.23,39
ORD-103452,2026-01-12 08:14:18.411682,Baden-Württemberg,Electrification,Shipped,11756.88,29
ORD-103453,2026-01-12 10:51:17.895579,Baden-Württemberg,Service Parts,Received,375.77,21
ORD-103454,2026-01-12 13:28:17.379475,Saxony,Rolling Stock Components,Received,10364.59,35
ORD-103455,2026-01-12 16:05:16.863372,Lower Saxony,Electrification,Shipped,6166.61,10
ORD-103456,2026-01-12 18:42:16.347269,Saxony,Rail Automation,Shipped,2653.88,23
ORD-103457,2026-01-12 21:19:15.831166,Saxony,Electrification,Delivered,1866.0,39
ORD-103458,2026-01-12 23:56:15.315063,Baden-Württemberg,Rolling Stock Components,Shipped,4588.59,25
ORD-103459,2026-01-13 02:33:14.798959,Saxony,Rail Automation,Delivered,6333.81,24
ORD-103460,2026-01-13 05:10:14.282856,Baden-Württemberg,Signaling Systems,Delivered,7447.77,20
ORD-103461,2026-01-13 07:47:13.766753,Bavaria,Rolling Stock Components,Delivered,3955.97,15
ORD-103462,2026-01-13 10:24:13.250650,Lower Saxony,Rail Automation,Shipped,305.93,21
ORD-103463,2026-01-13 13:01:12.734546,Saxony,Service Parts,Delivered,2850.26,42
ORD-103464,2026-01-13 15:38:12.218443,Baden-Württemberg,Electrification,Delivered,1336.67,12
ORD-103465,2026-01-13 18:15:11.702340,North Rhine-Westphalia,Rail Automation,Delivered,47133.68,18
ORD-103466,2026-01-13 20:52:11.186237,Saxony,Electrification,Shipped,5246.12,23
ORD-103467,2026-01-13 23:29:10.670134,Bavaria,Service Parts,In Progress,11105.9,41
ORD-103468,2026-01-14 02:06:10.154030,Bavaria,Rail Automation,Delivered,9883.68,29
ORD-103469,2026-01-14 04:43:09.637927,North Rhine-Westphalia,Signaling Systems,Received,6914.4,41
ORD-103470,2026-01-14 07:20:09.121824,Baden-Württemberg,Rolling Stock Components,Delivered,3109.32,36
ORD-103471,2026-01-14 09:57:08.605721,Saxony,Rail Automation,In Progress,2702.11,5
ORD-103472,2026-01-14 12:34:08.089617,Baden-Württemberg,Service Parts,Delivered,532.37,39
ORD-103473,2026-01-14 15:11:07.573514,Bavaria,Rail Automation,Cancelled,5746.88,26
ORD-103474,2026-01-14 17:48:07.057411,Baden-Württemberg,Electrification,Delivered,6839.15,39
ORD-103475,2026-01-14 20:25:06.541308,Bavaria,Rail Automation,Delivered,4662.87,11
ORD-103476,2026-01-14 23:02:06.025205,Baden-Württemberg,Signaling Systems,Delivered,5754.65,42
ORD-103477,2026-01-15 01:39:05.509101,North Rhine-Westphalia,Rail Automation,Delivered,1303.68,11
ORD-103478,2026-01-15 04:16:04.992998,Lower Saxony,Rolling Stock Components,Delivered,3556.56,18
ORD-103479,2026-01-15 06:53:04.476895,North Rhine-Westphalia,Rail Automation,Delivered,2404.65,12
ORD-103480,2026-01-15 09:30:03.960792,North Rhine-Westphalia,Electrification,Delivered,10213.92,16
ORD-103481,2026-01-15 12:07:03.444688,Lower Saxony,Rail Automation,Shipped,5141.41,27
ORD-103482,2026-01-15 14:44:02.928585,Lower Saxony,Signaling Systems,Delivered,2431.36,36
ORD-103483,2026-01-15 17:21:02.412482,Saxony,Service Parts,In Progress,4121.84,17
ORD-103484,2026-01-15 19:58:01.896379,Saxony,Rail Automation,Shipped,1566.38,21
ORD-103485,2026-01-15 22:35:01.380276,North Rhine-Westphalia,Rail Automation,Delivered,3425.52,37
ORD-103486,2026-01-16 01:12:00.864172,North Rhine-Westphalia,Rolling Stock Components,Delivered,9329.68,31
ORD-103487,2026-01-16 03:49:00.348069,Bavaria,Signaling Systems,Delivered,1135.1,35
ORD-103488,2026-01-16 06:25:59.831966,Bavaria,Service Parts,Shipped,4595.02,27
ORD-103489,2026-01-16 09:02:59.315863,Saxony,Electrification,Received,2153.98,23
ORD-103490,2026-01-16 11:39:58.799759,Saxony,Rail Automation,Delivered,1135.99,32
ORD-103491,2026-01-16 14:16:58.283656,Bavaria,Service Parts,In Progress,38247.1,17
ORD-103492,2026-01-16 16:53:57.767553,Bavaria,Electrification,Delivered,19519.15,11
ORD-103493,2026-01-16 19:30:57.251450,Baden-Württemberg,Signaling Systems,Received,2545.62,1
ORD-103494,2026-01-16 22:07:56.735347,Baden-Württemberg,Signaling Systems,Shipped,3573.33,28
ORD-103495,2026-01-17 00:44:56.219243,Bavaria,Service Parts,Cancelled,531.41,18
ORD-103496,2026-01-17 03:21:55.703140,Baden-Württemberg,Electrification,In Progress,852.58,41
ORD-103497,2026-01-17 05:58:55.187037,Lower Saxony,Signaling Systems,Shipped,1421.07,20
ORD-103498,2026-01-17 08:35:54.670934,Saxony,Service Parts,Shipped,4736.51,7
ORD-103499,2026-01-17 11:12:54.154830,Saxony,Signaling Systems,Delivered,4332.09,37
ORD-103500,2026-01-17 13:49:53.638727,Bavaria,Signaling Systems,Delivered,7079.04,16
ORD-103501,2026-01-17 16:26:53.122624,North Rhine-Westphalia,Signaling Systems,In Progress,10367.89,39
ORD-103502,2026-01-17 19:03:52.606521,Bavaria,Rolling Stock Components,Received,6672.9,23
ORD-103503,2026-01-17 21:40:52.090418,Baden-Württemberg,Electrification,Delivered,1495.85,32
ORD-103504,2026-01-18 00:17:51.574314,North Rhine-Westphalia,Service Parts,Shipped,7019.35,17
ORD-103505,2026-01-18 02:54:51.058211,Baden-Württemberg,Service Parts,Delivered,9886.12,19
ORD-103506,2026-01-18 05:31:50.542108,Lower Saxony,Electrification,Received,3071.74,42
ORD-103507,2026-01-18 08:08:50.026005,Baden-Württemberg,Electrification,In Progress,644.8,34
ORD-103508,2026-01-18 10:45:49.509901,Lower Saxony,Electrification,Delivered,18078.45,14
ORD-103509,2026-01-18 13:22:48.993798,Lower Saxony,Electrification,In Progress,5416.18,3
ORD-103510,2026-01-18 15:59:48.477695,Baden-Württemberg,Rail Automation,Delivered,232.73,39
ORD-103511,2026-01-18 18:36:47.961592,Baden-Württemberg,Service Parts,Received,47919.53,25
ORD-103512,2026-01-18 21:13:47.445489,Lower Saxony,Rail Automation,In Progress,2902.6,11
ORD-103513,2026-01-18 23:50:46.929385,North Rhine-Westphalia,Signaling Systems,Cancelled,71892.38,15
ORD-103514,2026-01-19 02:27:46.413282,Lower Saxony,Signaling Systems,Shipped,7443.53,19
ORD-103515,2026-01-19 05:04:45.897179,Saxony,Service Parts,Delivered,3932.59,43
ORD-103516,2026-01-19 07:41:45.381076,Lower Saxony,Signaling Systems,In Progress,6014.65,15
ORD-103517,2026-01-19 10:18:44.864972,North Rhine-Westphalia,Electrification,Delivered,2252.51,15
ORD-103518,2026-01-19 12:55:44.348869,Saxony,Rail Automation,Delivered,5257.66,38
ORD-103519,2026-01-19 15:32:43.832766,Bavaria,Electrification,Shipped,44877.09,15
ORD-103520,2026-01-19 18:09:43.316663,Bavaria,Signaling Systems,Delivered,1828.98,9
ORD-103521,2026-01-19 20:46:42.800560,North Rhine-Westphalia,Rail Automation,Delivered,8836.99,5
ORD-103522,2026-01-19 23:23:42.284456,Lower Saxony,Electrification,Shipped,2226.68,19
ORD-103523,2026-01-20 02:00:41.768353,Baden-Württemberg,Service Parts,Delivered,4085.14,24
ORD-103524,2026-01-20 04:37:41.252250,North Rhine-Westphalia,Electrification,Delivered,43229.2,29
ORD-103525,2026-01-20 07:14:40.736147,Saxony,Signaling Systems,In Progress,8770.14,5
ORD-103526,2026-01-20 09:51:40.220044,Saxony,Rail Automation,Shipped,11161.67,22
ORD-103527,2026-01-20 12:28:39.703940,Bavaria,Service Parts,Shipped,5313.1,13
ORD-103528,2026-01-20 15:05:39.187837,Saxony,Rail Automation,Shipped,95324.07,29
ORD-103529,2026-01-20 17:42:38.671734,North Rhine-Westphalia,Service Parts,Delivered,1729.17,16
ORD-103530,2026-01-20 20:19:38.155631,Saxony,Rail Automation,Delivered,864.97,36
ORD-103531,2026-01-20 22:56:37.639527,North Rhine-Westphalia,Signaling Systems,Delivered,31401.59,17
ORD-103532,2026-01-21 01:33:37.123424,Baden-Württemberg,Service Parts,Shipped,3230.07,20
ORD-103533,2026-01-21 04:10:36.607321,Bavaria,Rolling Stock Components,Shipped,,14
ORD-103534,2026-01-21 06:47:36.091218,Saxony,Rail Automation,Delivered,32467.48,6
ORD-103535,2026-01-21 09:24:35.575115,North Rhine-Westphalia,Rail Automation,Delivered,7831.54,22
ORD-103536,2026-01-21 12:01:35.059011,Lower Saxony,Electrification,Delivered,57176.61,40
ORD-103537,2026-01-21 14:38:34.542908,Bavaria,Service Parts,Received,5709.09,9
ORD-103538,2026-01-21 17:15:34.026805,Baden-Württemberg,Rolling Stock Components,Shipped,2255.35,32
ORD-103539,2026-01-21 19:52:33.510702,North Rhine-Westphalia,Signaling Systems,Shipped,369.14,24
ORD-103540,2026-01-21 22:29:32.994598,Baden-Württemberg,Electrification,Cancelled,6840.4,33
ORD-103541,2026-01-22 01:06:32.478495,Baden-Württemberg,Rolling Stock Components,Shipped,419.86,13
ORD-103542,2026-01-22 03:43:31.962392,Saxony,Service Parts,Delivered,7024.11,35
ORD-103543,2026-01-22 06:20:31.446289,Saxony,Rolling Stock Components,Delivered,24477.07,6
ORD-103544,2026-01-22 08:57:30.930186,North Rhine-Westphalia,Rail Automation,Shipped,4823.39,40
ORD-103545,2026-01-22 11:34:30.414082,Lower Saxony,Rail Automation,Delivered,6057.89,30
ORD-103546,2026-01-22 14:11:29.897979,North Rhine-Westphalia,Electrification,Delivered,13456.68,38
ORD-103547,2026-01-22 16:48:29.381876,Lower Saxony,Service Parts,Delivered,10264.92,16
ORD-103548,2026-01-22 19:25:28.865773,Baden-Württemberg,Service Parts,In Progress,17615.74,1
ORD-103549,2026-01-22 22:02:28.349669,Bavaria,Rolling Stock Components,Shipped,4812.17,42
ORD-103550,2026-01-23 00:39:27.833566,North Rhine-Westphalia,Electrification,Shipped,413.13,18
ORD-103551,2026-01-23 03:16:27.317463,North Rhine-Westphalia,Service Parts,Received,17919.05,22
ORD-103552,2026-01-23 05:53:26.801360,Lower Saxony,Rail Automation,Delivered,,26
ORD-103553,2026-01-23 08:30:26.285257,Baden-Württemberg,Rolling Stock Components,Delivered,1869.6,14
ORD-103554,2026-01-23 11:07:25.769153,Baden-Württemberg,Signaling Systems,Shipped,7111.93,37
ORD-103555,2026-01-23 13:44:25.253050,Lower Saxony,Rail Automation,Delivered,6034.18,14
ORD-103556,2026-01-23 16:21:24.736947,Baden-Württemberg,Electrification,Delivered,2155.1,26
ORD-103557,2026-01-23 18:58:24.220844,Saxony,Service Parts,Shipped,1194.95,36
ORD-103558,2026-01-23 21:35:23.704740,Bavaria,Rail Automation,In Progress,8227.66,23
ORD-103559,2026-01-24 00:12:23.188637,North Rhine-Westphalia,Signaling Systems,Delivered,1929.74,2
ORD-103560,2026-01-24 02:49:22.672534,Bavaria,Signaling Systems,Delivered,5573.74,39
ORD-103561,2026-01-24 05:26:22.156431,North Rhine-Westphalia,Electrification,Delivered,7411.51,7
ORD-103562,2026-01-24 08:03:21.640328,Saxony,Rail Automation,Received,14256.86,39
ORD-103563,2026-01-24 10:40:21.124224,Baden-Württemberg,Rolling Stock Components,In Progress,50564.95,22
ORD-103564,2026-01-24 13:17:20.608121,Lower Saxony,Rail Automation,Received,6380.04,28
ORD-103565,2026-01-24 15:54:20.092018,Saxony,Signaling Systems,Delivered,3078.21,38
ORD-103566,2026-01-24 18:31:19.575915,Bavaria,Electrification,Delivered,30463.35,20
ORD-103567,2026-01-24 21:08:19.059811,Lower Saxony,Electrification,In Progress,,18
ORD-103568,2026-01-24 23:45:18.543708,Baden-Württemberg,Rolling Stock Components,Delivered,5914.85,24
ORD-103569,2026-01-25 02:22:18.027605,Saxony,Electrification,Delivered,6374.98,33
ORD-103570,2026-01-25 04:59:17.511502,Lower Saxony,Electrification,Delivered,5062.44,26
ORD-103571,2026-01-25 07:36:16.995399,Saxony,Electrification,Cancelled,5874.83,19
ORD-103572,2026-01-25 10:13:16.479295,Saxony,Electrification,Received,4393.79,42
ORD-103573,2026-01-25 12:50:15.963192,Baden-Württemberg,Electrification,Delivered,1681.91,13
ORD-103574,2026-01-25 15:27:15.447089,North Rhine-Westphalia,Signaling Systems,In Progress,4962.98,10
ORD-103575,2026-01-25 18:04:14.930986,Lower Saxony,Rail Automation,Shipped,33962.14,14
ORD-103576,2026-01-25 20:41:14.414882,Baden-Württemberg,Service Parts,Delivered,2002.9,9
ORD-103577,2026-01-25 23:18:13.898779,Saxony,Electrification,Delivered,3646.79,11
ORD-103578,2026-01-26 01:55:13.382676,Baden-Württemberg,Service Parts,Delivered,1842.52,3
ORD-103579,2026-01-26 04:32:12.866573,North Rhine-Westphalia,Service Parts,Delivered,17554.5,40
ORD-103580,2026-01-26 07:09:12.350470,Lower Saxony,Signaling Systems,Delivered,12242.57,12
ORD-103581,2026-01-26 09:46:11.834366,North Rhine-Westphalia,Electrification,Delivered,1204.54,35
ORD-103582,2026-01-26 12:23:11.318263,Bavaria,Service Parts,In Progress,533.62,39
ORD-103583,2026-01-26 15:00:10.802160,Lower Saxony,Electrification,Delivered,12737.06,39
ORD-103584,2026-01-26 17:37:10.286057,North Rhine-Westphalia,Rolling Stock Components,Delivered,1126.43,32
ORD-103585,2026-01-26 20:14:09.769953,Saxony,Rolling Stock Components,Delivered,12223.22,39
ORD-103586,2026-01-26 22:51:09.253850,Lower Saxony,Rolling Stock Components,Shipped,2436.02,14
ORD-103587,2026-01-27 01:28:08.737747,Lower Saxony,Service Parts,Delivered,10556.53,44
ORD-103588,2026-01-27 04:05:08.221644,Baden-Württemberg,Rolling Stock Components,Delivered,8010.66,1
ORD-103589,2026-01-27 06:42:07.705541,Saxony,Signaling Systems,Delivered,2724.12,27
ORD-103590,2026-01-27 09:19:07.189437,Bavaria,Signaling Systems,Cancelled,1868.91,37
ORD-103591,2026-01-27 11:56:06.673334,North Rhine-Westphalia,Service Parts,In Progress,9259.23,43
ORD-103592,2026-01-27 14:33:06.157231,Baden-Württemberg,Electrification,Delivered,2294.24,1
ORD-103593,2026-01-27 17:10:05.641128,North Rhine-Westphalia,Rail Automation,Delivered,16645.22,29
ORD-103594,2026-01-27 19:47:05.125025,Bavaria,Electrification,Delivered,1967.3,24
ORD-103595,2026-01-27 22:24:04.608921,Bavaria,Electrification,Delivered,7225.6,17
ORD-103596,2026-01-28 01:01:04.092818,Lower Saxony,Electrification,Delivered,3199.58,35
ORD-103597,2026-01-28 03:38:03.576715,Bavaria,Electrification,Delivered,4945.76,31
ORD-103598,2026-01-28 06:15:03.060612,North Rhine-Westphalia,Rail Automation,Delivered,2274.28,42
ORD-103599,2026-01-28 08:52:02.544508,Saxony,Rolling Stock Components,In Progress,4038.11,32
ORD-103600,2026-01-28 11:29:02.028405,Saxony,Electrification,Delivered,293.56,19
ORD-103601,2026-01-28 14:06:01.512302,Lower Saxony,Signaling Systems,Shipped,2009.79,31
ORD-103602,2026-01-28 16:43:00.996199,North Rhine-Westphalia,Service Parts,Shipped,2575.06,39
ORD-103603,2026-01-28 19:20:00.480096,North Rhine-Westphalia,Service Parts,Delivered,4541.15,20
ORD-103604,2026-01-28 21:56:59.963992,Bavaria,Signaling Systems,Shipped,20384.11,28
ORD-103605,2026-01-29 00:33:59.447889,North Rhine-Westphalia,Electrification,Delivered,2281.29,3
ORD-103606,2026-01-29 03:10:58.931786,Baden-Württemberg,Rail Automation,Shipped,23280.79,32
ORD-103607,2026-01-29 05:47:58.415683,Bavaria,Rolling Stock Components,Received,1905.39,22
ORD-103608,2026-01-29 08:24:57.899579,Baden-Württemberg,Service Parts,Delivered,1452.54,44
ORD-103609,2026-01-29 11:01:57.383476,Lower Saxony,Rolling Stock Components,In Progress,618.54,42
ORD-103610,2026-01-29 13:38:56.867373,Saxony,Rail Automation,Delivered,9580.29,44
ORD-103611,2026-01-29 16:15:56.351270,Lower Saxony,Service Parts,Shipped,5402.54,15
ORD-103612,2026-01-29 18:52:55.835167,Saxony,Rolling Stock Components,Shipped,8975.82,38
ORD-103613,2026-01-29 21:29:55.319063,Lower Saxony,Rail Automation,Received,5680.43,19
ORD-103614,2026-01-30 00:06:54.802960,North Rhine-Westphalia,Rolling Stock Components,Shipped,4865.3,31
ORD-103615,2026-01-30 02:43:54.286857,Baden-Württemberg,Electrification,Delivered,6720.15,26
ORD-103616,2026-01-30 05:20:53.770754,Saxony,Rail Automation,In Progress,52456.25,5
ORD-103617,2026-01-30 07:57:53.254650,Bavaria,Rolling Stock Components,Delivered,2918.04,20
ORD-103618,2026-01-30 10:34:52.738547,Baden-Württemberg,Electrification,Delivered,47087.1,2
ORD-103619,2026-01-30 13:11:52.222444,Bavaria,Electrification,Delivered,12551.55,21
ORD-103620,2026-01-30 15:48:51.706341,Baden-Württemberg,Rail Automation,Delivered,7344.58,36
ORD-103621,2026-01-30 18:25:51.190238,Baden-Württemberg,Signaling Systems,In Progress,9045.13,28
ORD-103622,2026-01-30 21:02:50.674134,Lower Saxony,Service Parts,Shipped,146.18,20
ORD-103623,2026-01-30 23:39:50.158031,Saxony,Rail Automation,Delivered,3685.53,37
ORD-103624,2026-01-31 02:16:49.641928,Saxony,Electrification,Delivered,2351.35,39
ORD-103625,2026-01-31 04:53:49.125825,Baden-Württemberg,Electrification,Delivered,50193.09,36
ORD-103626,2026-01-31 07:30:48.609721,North Rhine-Westphalia,Rail Automation,Delivered,3376.05,11
ORD-103627,2026-01-31 10:07:48.093618,North Rhine-Westphalia,Signaling Systems,Shipped,4756.27,3
ORD-103628,2026-01-31 12:44:47.577515,Bavaria,Service Parts,Received,4672.04,37
ORD-103629,2026-01-31 15:21:47.061412,Bavaria,Rolling Stock Components,Delivered,1167.73,20
ORD-103630,2026-01-31 17:58:46.545309,Lower Saxony,Rail Automation,Delivered,2653.82,32
ORD-103631,2026-01-31 20:35:46.029205,Baden-Württemberg,Service Parts,Delivered,12071.32,25
ORD-103632,2026-01-31 23:12:45.513102,Bavaria,Service Parts,Delivered,471.07,21
ORD-103633,2026-02-01 01:49:44.996999,Bavaria,Electrification,Shipped,6922.19,16
ORD-103634,2026-02-01 04:26:44.480896,Baden-Württemberg,Rolling Stock Components,Shipped,1823.24,42
ORD-103635,2026-02-01 07:03:43.964792,Lower Saxony,Rail Automation,Delivered,20535.51,1
ORD-103636,2026-02-01 09:40:43.448689,Bavaria,Electrification,Delivered,7588.69,23
ORD-103637,2026-02-01 12:17:42.932586,Lower Saxony,Electrification,Delivered,923.58,43
ORD-103638,2026-02-01 14:54:42.416483,Saxony,Signaling Systems,In Progress,3109.57,24
ORD-103639,2026-02-01 17:31:41.900380,Lower Saxony,Service Parts,In Progress,8094.31,25
ORD-103640,2026-02-01 20:08:41.384276,North Rhine-Westphalia,Rail Automation,Delivered,3518.01,7
ORD-103641,2026-02-01 22:45:40.868173,North Rhine-Westphalia,Rail Automation,Shipped,5765.41,38
ORD-103642,2026-02-02 01:22:40.352070,Lower Saxony,Rail Automation,Delivered,4811.86,39
ORD-103643,2026-02-02 03:59:39.835967,North Rhine-Westphalia,Electrification,Delivered,12752.76,35
ORD-103644,2026-02-02 06:36:39.319863,Saxony,Signaling Systems,Delivered,7970.66,14
ORD-103645,2026-02-02 09:13:38.803760,Baden-Württemberg,Rolling Stock Components,Shipped,4660.93,9
ORD-103646,2026-02-02 11:50:38.287657,North Rhine-Westphalia,Electrification,Delivered,5012.6,3
ORD-103647,2026-02-02 14:27:37.771554,North Rhine-Westphalia,Rolling Stock Components,Shipped,1493.51,38
ORD-103648,2026-02-02 17:04:37.255451,Lower Saxony,Signaling Systems,In Progress,24689.18,20
ORD-103649,2026-02-02 19:41:36.739347,Saxony,Service Parts,Received,127827.28,41
ORD-103650,2026-02-02 22:18:36.223244,Baden-Württemberg,Rail Automation,Shipped,3417.33,33
ORD-103651,2026-02-03 00:55:35.707141,Lower Saxony,Rolling Stock Components,Delivered,5179.53,41
ORD-103652,2026-02-03 03:32:35.191038,Lower Saxony,Electrification,In Progress,15011.2,44
ORD-103653,2026-02-03 06:09:34.674934,Saxony,Rolling Stock Components,In Progress,14919.38,32
ORD-103654,2026-02-03 08:46:34.158831,Baden-Württemberg,Service Parts,Cancelled,5979.79,36
ORD-103655,2026-02-03 11:23:33.642728,Saxony,Rail Automation,Received,1679.44,26
ORD-103656,2026-02-03 14:00:33.126625,Baden-Württemberg,Rolling Stock Components,Delivered,36314.58,5
ORD-103657,2026-02-03 16:37:32.610522,Saxony,Service Parts,Shipped,10397.89,30
ORD-103658,2026-02-03 19:14:32.094418,Lower Saxony,Electrification,Received,6264.19,17
ORD-103659,2026-02-03 21:51:31.578315,Lower Saxony,Signaling Systems,Delivered,2219.17,6
ORD-103660,2026-02-04 00:28:31.062212,Bavaria,Electrification,In Progress,5238.29,15
ORD-103661,2026-02-04 03:05:30.546109,North Rhine-Westphalia,Rail Automation,Delivered,667.88,1
ORD-103662,2026-02-04 05:42:30.030006,Saxony,Electrification,Shipped,11103.27,13
ORD-103663,2026-02-04 08:19:29.513902,Bavaria,Electrification,Received,14518.92,34
ORD-103664,2026-02-04 10:56:28.997799,North Rhine-Westphalia,Electrification,Received,6327.97,30
ORD-103665,2026-02-04 13:33:28.481696,Saxony,Electrification,In Progress,1709.1,19
ORD-103666,2026-02-04 16:10:27.965593,Baden-Württemberg,Rail Automation,Received,8079.52,2
ORD-103667,2026-02-04 18:47:27.449489,North Rhine-Westphalia,Service Parts,Delivered,11685.38,44
ORD-103668,2026-02-04 21:24:26.933386,Lower Saxony,Rolling Stock Components,Delivered,2169.91,12
ORD-103669,2026-02-05 00:01:26.417283,Bavaria,Signaling Systems,Shipped,13730.73,40
ORD-103670,2026-02-05 02:38:25.901180,North Rhine-Westphalia,Rolling Stock Components,Shipped,8751.4,44
ORD-103671,2026-02-05 05:15:25.385077,North Rhine-Westphalia,Rolling Stock Components,Delivered,3635.79,24
ORD-103672,2026-02-05 07:52:24.868973,Lower Saxony,Signaling Systems,Delivered,2661.32,11
ORD-103673,2026-02-05 10:29:24.352870,Saxony,Rail Automation,Delivered,4036.92,2
ORD-103674,2026-02-05 13:06:23.836767,Baden-Württemberg,Signaling Systems,Delivered,1689.63,1
ORD-103675,2026-02-05 15:43:23.320664,Lower Saxony,Rail Automation,Shipped,6543.9,28
ORD-103676,2026-02-05 18:20:22.804560,Baden-Württemberg,Rolling Stock Components,Shipped,9084.57,4
ORD-103677,2026-02-05 20:57:22.288457,Saxony,Rail Automation,Delivered,17773.36,41
ORD-103678,2026-02-05 23:34:21.772354,North Rhine-Westphalia,Service Parts,Delivered,6817.13,30
ORD-103679,2026-02-06 02:11:21.256251,Baden-Württemberg,Signaling Systems,Delivered,7558.66,7
ORD-103680,2026-02-06 04:48:20.740148,Bavaria,Service Parts,Shipped,3659.9,22
ORD-103681,2026-02-06 07:25:20.224044,Bavaria,Rolling Stock Components,Cancelled,1878.98,26
ORD-103682,2026-02-06 10:02:19.707941,Lower Saxony,Signaling Systems,Delivered,3062.77,29
ORD-103683,2026-02-06 12:39:19.191838,Saxony,Rolling Stock Components,Shipped,23644.31,25
ORD-103684,2026-02-06 15:16:18.675735,Lower Saxony,Service Parts,Delivered,9872.31,10
ORD-103685,2026-02-06 17:53:18.159631,Lower Saxony,Rolling Stock Components,Shipped,7693.54,20
ORD-103686,2026-02-06 20:30:17.643528,Lower Saxony,Signaling Systems,In Progress,667.2,14
ORD-103687,2026-02-06 23:07:17.127425,Bavaria,Signaling Systems,Shipped,6933.32,33
ORD-103688,2026-02-07 01:44:16.611322,Bavaria,Rolling Stock Components,Shipped,1138.37,5
ORD-103689,2026-02-07 04:21:16.095219,Lower Saxony,Signaling Systems,Received,1231.26,6
ORD-103690,2026-02-07 06:58:15.579115,Bavaria,Signaling Systems,Delivered,1392.72,22
ORD-103691,2026-02-07 09:35:15.063012,Saxony,Rolling Stock Components,Shipped,2100.4,17
ORD-103692,2026-02-07 12:12:14.546909,Lower Saxony,Service Parts,Delivered,12292.3,15
ORD-103693,2026-02-07 14:49:14.030806,Bavaria,Signaling Systems,Received,6305.97,39
ORD-103694,2026-02-07 17:26:13.514702,Baden-Württemberg,Signaling Systems,In Progress,1741.56,40
ORD-103695,2026-02-07 20:03:12.998599,Lower Saxony,Signaling Systems,Delivered,2594.59,28
ORD-103696,2026-02-07 22:40:12.482496,Lower Saxony,Signaling Systems,Delivered,8502.76,2
ORD-103697,2026-02-08 01:17:11.966393,Saxony,Rolling Stock Components,Cancelled,10589.18,18
ORD-103698,2026-02-08 03:54:11.450290,North Rhine-Westphalia,Service Parts,Cancelled,5693.02,27
ORD-103699,2026-02-08 06:31:10.934186,North Rhine-Westphalia,Service Parts,Shipped,1390.98,21
ORD-103700,2026-02-08 09:08:10.418083,Saxony,Rail Automation,Shipped,3121.98,23
ORD-103701,2026-02-08 11:45:09.901980,Saxony,Signaling Systems,Delivered,67446.55,7
ORD-103702,2026-02-08 14:22:09.385877,Saxony,Signaling Systems,Cancelled,1297.3,19
ORD-103703,2026-02-08 16:59:08.869773,North Rhine-Westphalia,Rail Automation,Delivered,7423.65,9
ORD-103704,2026-02-08 19:36:08.353670,Saxony,Service Parts,Delivered,50661.23,12
ORD-103705,2026-02-08 22:13:07.837567,Bavaria,Electrification,Delivered,3637.92,30
ORD-103706,2026-02-09 00:50:07.321464,Lower Saxony,Electrification,Shipped,36944.95,7
ORD-103707,2026-02-09 03:27:06.805361,Lower Saxony,Service Parts,Delivered,2306.64,2
ORD-103708,2026-02-09 06:04:06.289257,Baden-Württemberg,Signaling Systems,Delivered,559.82,17
ORD-103709,2026-02-09 08:41:05.773154,Baden-Württemberg,Electrification,Delivered,2598.77,11
ORD-103710,2026-02-09 11:18:05.257051,Lower Saxony,Rolling Stock Components,Received,2135.65,12
ORD-103711,2026-02-09 13:55:04.740948,Bavaria,Rolling Stock Components,Shipped,782.74,3
ORD-103712,2026-02-09 16:32:04.224844,North Rhine-Westphalia,Rail Automation,In Progress,3105.12,21
ORD-103713,2026-02-09 19:09:03.708741,North Rhine-Westphalia,Service Parts,In Progress,14619.27,14
ORD-103714,2026-02-09 21:46:03.192638,Bavaria,Service Parts,Delivered,2556.69,15
ORD-103715,2026-02-10 00:23:02.676535,North Rhine-Westphalia,Electrification,Received,3249.96,42
ORD-103716,2026-02-10 03:00:02.160432,Saxony,Signaling Systems,In Progress,22193.61,41
ORD-103717,2026-02-10 05:37:01.644328,Lower Saxony,Service Parts,Shipped,2157.92,10
ORD-103718,2026-02-10 08:14:01.128225,Lower Saxony,Electrification,Delivered,9709.11,36
ORD-103719,2026-02-10 10:51:00.612122,Bavaria,Electrification,Delivered,751.31,10
ORD-103720,2026-02-10 13:28:00.096019,North Rhine-Westphalia,Service Parts,In Progress,1698.06,17
ORD-103721,2026-02-10 16:04:59.579915,Baden-Württemberg,Electrification,In Progress,,44
ORD-103722,2026-02-10 18:41:59.063812,Baden-Württemberg,Rail Automation,In Progress,18583.55,25
ORD-103723,2026-02-10 21:18:58.547709,North Rhine-Westphalia,Rail Automation,Delivered,1801.2,27
ORD-103724,2026-02-10 23:55:58.031606,Baden-Württemberg,Service Parts,Shipped,1777.54,33
ORD-103725,2026-02-11 02:32:57.515503,Bavaria,Signaling Systems,Delivered,6631.51,11
ORD-103726,2026-02-11 05:09:56.999399,Bavaria,Rail Automation,Delivered,7912.31,13
ORD-103727,2026-02-11 07:46:56.483296,North Rhine-Westphalia,Rail Automation,Received,1573.16,1
ORD-103728,2026-02-11 10:23:55.967193,Baden-Württemberg,Service Parts,Delivered,2768.1,31
ORD-103729,2026-02-11 13:00:55.451090,Bavaria,Rolling Stock Components,Shipped,16241.53,33
ORD-103730,2026-02-11 15:37:54.934986,Bavaria,Electrification,Delivered,1342.1,21
ORD-103731,2026-02-11 18:14:54.418883,Saxony,Rail Automation,Shipped,7155.41,16
ORD-103732,2026-02-11 20:51:53.902780,Saxony,Rolling Stock Components,Delivered,2781.41,39
ORD-103733,2026-02-11 23:28:53.386677,Bavaria,Signaling Systems,Delivered,22990.57,23
ORD-103734,2026-02-12 02:05:52.870574,North Rhine-Westphalia,Rolling Stock Components,Delivered,9306.44,10
ORD-103735,2026-02-12 04:42:52.354470,Lower Saxony,Service Parts,Shipped,12947.0,33
ORD-103736,2026-02-12 07:19:51.838367,Lower Saxony,Signaling Systems,Shipped,2720.74,22
ORD-103737,2026-02-12 09:56:51.322264,Bavaria,Signaling Systems,Delivered,12172.89,41
ORD-103738,2026-02-12 12:33:50.806161,Bavaria,Rolling Stock Components,Delivered,11829.18,6
ORD-103739,2026-02-12 15:10:50.290058,Bavaria,Service Parts,Delivered,8703.13,36
ORD-103740,2026-02-12 17:47:49.773954,North Rhine-Westphalia,Rail Automation,Received,3601.59,10
ORD-103741,2026-02-12 20:24:49.257851,Saxony,Rolling Stock Components,In Progress,5877.38,16
ORD-103742,2026-02-12 23:01:48.741748,Bavaria,Rail Automation,Delivered,640.35,13
ORD-103743,2026-02-13 01:38:48.225645,Bavaria,Rolling Stock Components,In Progress,34026.85,20
ORD-103744,2026-02-13 04:15:47.709541,Baden-Württemberg,Rail Automation,Shipped,2529.27,4
ORD-103745,2026-02-13 06:52:47.193438,North Rhine-Westphalia,Rolling Stock Components,In Progress,3400.45,20
ORD-103746,2026-02-13 09:29:46.677335,Bavaria,Signaling Systems,Delivered,1153.34,22
ORD-103747,2026-02-13 12:06:46.161232,Baden-Württemberg,Electrification,Delivered,10302.94,29
ORD-103748,2026-02-13 14:43:45.645129,Lower Saxony,Signaling Systems,Cancelled,8796.69,16
ORD-103749,2026-02-13 17:20:45.129025,Bavaria,Rail Automation,Shipped,3550.81,43
ORD-103750,2026-02-13 19:57:44.612922,Bavaria,Service Parts,Delivered,376.85,43
ORD-103751,2026-02-13 22:34:44.096819,Baden-Württemberg,Signaling Systems,Delivered,2246.86,23
ORD-103752,2026-02-14 01:11:43.580716,North Rhine-Westphalia,Electrification,In Progress,8152.05,30
ORD-103753,2026-02-14 03:48:43.064612,Bavaria,Rail Automation,Delivered,6480.57,30
ORD-103754,2026-02-14 06:25:42.548509,Lower Saxony,Signaling Systems,Shipped,4671.23,43
ORD-103755,2026-02-14 09:02:42.032406,Bavaria,Rolling Stock Components,In Progress,3083.0,3
ORD-103756,2026-02-14 11:39:41.516303,Lower Saxony,Service Parts,Shipped,865.68,24
ORD-103757,2026-02-14 14:16:41.000200,Saxony,Rail Automation,Received,14189.5,37
ORD-103758,2026-02-14 16:53:40.484096,Saxony,Signaling Systems,Delivered,1008.14,13
ORD-103759,2026-02-14 19:30:39.967993,Lower Saxony,Rail Automation,Shipped,3925.8,42
ORD-103760,2026-02-14 22:07:39.451890,North Rhine-Westphalia,Rolling Stock Components,Shipped,1574.38,32
ORD-103761,2026-02-15 00:44:38.935787,Bavaria,Electrification,In Progress,14662.65,37
ORD-103762,2026-02-15 03:21:38.419683,Bavaria,Signaling Systems,Delivered,9322.91,12
ORD-103763,2026-02-15 05:58:37.903580,Saxony,Rail Automation,Delivered,3317.87,8
ORD-103764,2026-02-15 08:35:37.387477,Lower Saxony,Rail Automation,Delivered,10512.31,24
ORD-103765,2026-02-15 11:12:36.871374,Bavaria,Rail Automation,Delivered,952.5,44
ORD-103766,2026-02-15 13:49:36.355271,Bavaria,Electrification,Shipped,4503.24,16
ORD-103767,2026-02-15 16:26:35.839167,North Rhine-Westphalia,Rail Automation,In Progress,1540.17,32
ORD-103768,2026-02-15 19:03:35.323064,Baden-Württemberg,Service Parts,Delivered,15177.5,-34
ORD-103769,2026-02-15 21:40:34.806961,Saxony,Service Parts,In Progress,7418.4,35
ORD-103770,2026-02-16 00:17:34.290858,Saxony,Rail Automation,In Progress,10046.08,32
ORD-103771,2026-02-16 02:54:33.774754,Baden-Württemberg,Service Parts,Delivered,2674.28,17
ORD-103772,2026-02-16 05:31:33.258651,Bavaria,Signaling Systems,In Progress,11151.09,2
ORD-103773,2026-02-16 08:08:32.742548,North Rhine-Westphalia,Service Parts,Shipped,1438.45,26
ORD-103774,2026-02-16 10:45:32.226445,North Rhine-Westphalia,Rail Automation,Delivered,1684.33,44
ORD-103775,2026-02-16 13:22:31.710342,Saxony,Rolling Stock Components,Shipped,4053.47,17
ORD-103776,2026-02-16 15:59:31.194238,North Rhine-Westphalia,Signaling Systems,Delivered,1757.78,38
ORD-103777,2026-02-16 18:36:30.678135,Baden-Württemberg,Electrification,Delivered,10727.5,2
ORD-103778,2026-02-16 21:13:30.162032,Bavaria,Rail Automation,Delivered,2919.59,8
ORD-103779,2026-02-16 23:50:29.645929,Baden-Württemberg,Electrification,Delivered,1497.08,6
ORD-103780,2026-02-17 02:27:29.129825,Lower Saxony,Rolling Stock Components,Shipped,1298.29,9
ORD-103781,2026-02-17 05:04:28.613722,Saxony,Electrification,Shipped,10584.36,1
ORD-103782,2026-02-17 07:41:28.097619,North Rhine-Westphalia,Rail Automation,Shipped,299.32,5
ORD-103783,2026-02-17 10:18:27.581516,Lower Saxony,Rail Automation,Shipped,1616.24,39
ORD-103784,2026-02-17 12:55:27.065413,North Rhine-Westphalia,Rolling Stock Components,Cancelled,22998.75,9
ORD-103785,2026-02-17 15:32:26.549309,Bavaria,Rail Automation,Delivered,3365.06,14
ORD-103786,2026-02-17 18:09:26.033206,Bavaria,Rolling Stock Components,In Progress,10808.61,27
ORD-103787,2026-02-17 20:46:25.517103,Bavaria,Rolling Stock Components,Received,7865.56,9
ORD-103788,2026-02-17 23:23:25.001000,North Rhine-Westphalia,Rail Automation,Received,3983.99,36
ORD-103789,2026-02-18 02:00:24.484896,Lower Saxony,Service Parts,In Progress,,29
ORD-103790,2026-02-18 04:37:23.968793,Bavaria,Rolling Stock Components,In Progress,1143.15,20
ORD-103791,2026-02-18 07:14:23.452690,Lower Saxony,Rail Automation,Delivered,1122.16,15
ORD-103792,2026-02-18 09:51:22.936587,North Rhine-Westphalia,Service Parts,Delivered,8352.0,36
ORD-103793,2026-02-18 12:28:22.420484,Lower Saxony,Rolling Stock Components,Delivered,10265.44,3
ORD-103794,2026-02-18 15:05:21.904380,North Rhine-Westphalia,Service Parts,In Progress,1869.27,23
ORD-103795,2026-02-18 17:42:21.388277,North Rhine-Westphalia,Signaling Systems,Shipped,4506.84,9
ORD-103796,2026-02-18 20:19:20.872174,Saxony,Signaling Systems,Delivered,4958.84,30
ORD-103797,2026-02-18 22:56:20.356071,North Rhine-Westphalia,Service Parts,Delivered,5356.22,19
ORD-103798,2026-02-19 01:33:19.839967,North Rhine-Westphalia,Rolling Stock Components,Delivered,2125.61,38
ORD-103799,2026-02-19 04:10:19.323864,Baden-Württemberg,Rail Automation,Delivered,29788.01,3
ORD-103800,2026-02-19 06:47:18.807761,Bavaria,Electrification,Delivered,10359.52,3
ORD-103801,2026-02-19 09:24:18.291658,Saxony,Rail Automation,Delivered,5326.19,34
ORD-103802,2026-02-19 12:01:17.775555,Saxony,Electrification,In Progress,2777.45,2
ORD-103803,2026-02-19 14:38:17.259451,Saxony,Electrification,Delivered,1964.66,27
ORD-103804,2026-02-19 17:15:16.743348,Baden-Württemberg,Rolling Stock Components,In Progress,7613.55,23
ORD-103805,2026-02-19 19:52:16.227245,North Rhine-Westphalia,Service Parts,Shipped,2918.57,42
ORD-103806,2026-02-19 22:29:15.711142,Bavaria,Rail Automation,Delivered,5693.64,32
ORD-103807,2026-02-20 01:06:15.195039,Lower Saxony,Service Parts,Shipped,608.35,35
ORD-103808,2026-02-20 03:43:14.678935,North Rhine-Westphalia,Signaling Systems,Received,2744.15,40
ORD-103809,2026-02-20 06:20:14.162832,Baden-Württemberg,Rolling Stock Components,Received,4359.02,18
ORD-103810,2026-02-20 08:57:13.646729,North Rhine-Westphalia,Rolling Stock Components,Received,14251.16,27
ORD-103811,2026-02-20 11:34:13.130626,North Rhine-Westphalia,Signaling Systems,Received,1781.91,11
ORD-103812,2026-02-20 14:11:12.614522,Baden-Württemberg,Rail Automation,In Progress,958.71,39
ORD-103813,2026-02-20 16:48:12.098419,Saxony,Signaling Systems,In Progress,8016.0,19
ORD-103814,2026-02-20 19:25:11.582316,Saxony,Rail Automation,In Progress,4580.38,25
ORD-103815,2026-02-20 22:02:11.066213,Bavaria,Electrification,Cancelled,739.35,7
ORD-103816,2026-02-21 00:39:10.550110,Bavaria,Rolling Stock Components,Shipped,781.04,31
ORD-103817,2026-02-21 03:16:10.034006,Saxony,Rail Automation,In Progress,2412.54,2
ORD-103818,2026-02-21 05:53:09.517903,Lower Saxony,Service Parts,Delivered,4482.24,38
ORD-103819,2026-02-21 08:30:09.001800,North Rhine-Westphalia,Service Parts,Delivered,22656.76,5
ORD-103820,2026-02-21 11:07:08.485697,Lower Saxony,Rolling Stock Components,Delivered,1496.29,14
ORD-103821,2026-02-21 13:44:07.969593,North Rhine-Westphalia,Signaling Systems,Shipped,8889.76,18
ORD-103822,2026-02-21 16:21:07.453490,Saxony,Signaling Systems,Delivered,568.54,36
ORD-103823,2026-02-21 18:58:06.937387,Bavaria,Rail Automation,Delivered,7310.43,4
ORD-103824,2026-02-21 21:35:06.421284,Bavaria,Signaling Systems,Delivered,25777.14,24
ORD-103825,2026-02-22 00:12:05.905181,Lower Saxony,Rolling Stock Components,Delivered,5743.79,13
ORD-103826,2026-02-22 02:49:05.389077,Bavaria,Rail Automation,Delivered,2356.7,21
ORD-103827,2026-02-22 05:26:04.872974,Saxony,Electrification,Delivered,19068.44,33
ORD-103828,2026-02-22 08:03:04.356871,Lower Saxony,Signaling Systems,Delivered,7213.94,20
ORD-103829,2026-02-22 10:40:03.840768,North Rhine-Westphalia,Signaling Systems,Shipped,5819.41,5
ORD-103830,2026-02-22 13:17:03.324664,Bavaria,Rail Automation,Delivered,1604.38,24
ORD-103831,2026-02-22 15:54:02.808561,Baden-Württemberg,Service Parts,Delivered,7333.05,35
ORD-103832,2026-02-22 18:31:02.292458,Bavaria,Signaling Systems,Received,2314.18,30
ORD-103833,2026-02-22 21:08:01.776355,North Rhine-Westphalia,Rolling Stock Components,Cancelled,6922.87,28
ORD-103834,2026-02-22 23:45:01.260252,Lower Saxony,Signaling Systems,In Progress,5184.32,7
ORD-103835,2026-02-23 02:22:00.744148,North Rhine-Westphalia,Electrification,Delivered,16196.14,42
ORD-103836,2026-02-23 04:59:00.228045,Baden-Württemberg,Signaling Systems,Delivered,2608.14,35
ORD-103837,2026-02-23 07:35:59.711942,Saxony,Service Parts,In Progress,4170.2,30
ORD-103838,2026-02-23 10:12:59.195839,Bavaria,Signaling Systems,Delivered,11827.05,34
ORD-103839,2026-02-23 12:49:58.679735,Lower Saxony,Rail Automation,In Progress,3790.9,39
ORD-103840,2026-02-23 15:26:58.163632,Saxony,Signaling Systems,Shipped,4799.76,9
ORD-103841,2026-02-23 18:03:57.647529,North Rhine-Westphalia,Service Parts,In Progress,3141.94,12
ORD-103842,2026-02-23 20:40:57.131426,Lower Saxony,Rail Automation,Shipped,4105.12,29
ORD-103843,2026-02-23 23:17:56.615323,Saxony,Rolling Stock Components,Shipped,10281.01,10
ORD-103844,2026-02-24 01:54:56.099219,Lower Saxony,Rail Automation,Cancelled,37030.74,27
ORD-103845,2026-02-24 04:31:55.583116,Baden-Württemberg,Electrification,Cancelled,775.61,19
ORD-103846,2026-02-24 07:08:55.067013,Baden-Württemberg,Rail Automation,In Progress,1222.29,13
ORD-103847,2026-02-24 09:45:54.550910,Bavaria,Rolling Stock Components,Delivered,4206.46,42
ORD-103848,2026-02-24 12:22:54.034806,Bavaria,Signaling Systems,Received,5190.62,37
ORD-103849,2026-02-24 14:59:53.518703,Baden-Württemberg,Rail Automation,Received,3868.35,32
ORD-103850,2026-02-24 17:36:53.002600,Lower Saxony,Rail Automation,In Progress,2674.17,15
ORD-103851,2026-02-24 20:13:52.486497,Baden-Württemberg,Rail Automation,Cancelled,1267.0,21
ORD-103852,2026-02-24 22:50:51.970394,Bavaria,Rail Automation,Delivered,2510.3,3
ORD-103853,2026-02-25 01:27:51.454290,Baden-Württemberg,Rolling Stock Components,In Progress,12075.82,8
ORD-103854,2026-02-25 04:04:50.938187,Baden-Württemberg,Service Parts,In Progress,5444.57,6
ORD-103855,2026-02-25 06:41:50.422084,Lower Saxony,Service Parts,In Progress,10333.21,29
ORD-103856,2026-02-25 09:18:49.905981,Saxony,Rail Automation,Delivered,1307.99,19
ORD-103857,2026-02-25 11:55:49.389877,Bavaria,Rolling Stock Components,Delivered,24066.06,17
ORD-103858,2026-02-25 14:32:48.873774,Lower Saxony,Rolling Stock Components,In Progress,2648.97,10
ORD-103859,2026-02-25 17:09:48.357671,Baden-Württemberg,Rail Automation,Delivered,8289.31,33
ORD-103860,2026-02-25 19:46:47.841568,Baden-Württemberg,Electrification,Shipped,4283.01,13
ORD-103861,2026-02-25 22:23:47.325465,Saxony,Rail Automation,Delivered,2713.47,27
ORD-103862,2026-02-26 01:00:46.809361,Bavaria,Electrification,Delivered,7911.72,42
ORD-103863,2026-02-26 03:37:46.293258,Bavaria,Rail Automation,Shipped,9514.39,12
ORD-103864,2026-02-26 06:14:45.777155,North Rhine-Westphalia,Electrification,Delivered,94543.54,2
ORD-103865,2026-02-26 08:51:45.261052,Bavaria,Electrification,Delivered,9928.82,10
ORD-103866,2026-02-26 11:28:44.744948,Saxony,Rail Automation,Shipped,9766.33,21
ORD-103867,2026-02-26 14:05:44.228845,North Rhine-Westphalia,Electrification,Shipped,17315.72,23
ORD-103868,2026-02-26 16:42:43.712742,North Rhine-Westphalia,Signaling Systems,Delivered,8822.31,1
ORD-103869,2026-02-26 19:19:43.196639,Baden-Württemberg,Service Parts,In Progress,4709.86,33
ORD-103870,2026-02-26 21:56:42.680536,Baden-Württemberg,Rolling Stock Components,Received,7032.5,26
ORD-103871,2026-02-27 00:33:42.164432,Bavaria,Electrification,Delivered,12585.34,15
ORD-103872,2026-02-27 03:10:41.648329,North Rhine-Westphalia,Electrification,Delivered,22693.63,22
ORD-103873,2026-02-27 05:47:41.132226,Baden-Württemberg,Rolling Stock Components,Delivered,932.85,25
ORD-103874,2026-02-27 08:24:40.616123,Saxony,Electrification,Delivered,614.45,1
ORD-103875,2026-02-27 11:01:40.100020,Baden-Württemberg,Rolling Stock Components,Delivered,21659.79,26
ORD-103876,2026-02-27 13:38:39.583916,Baden-Württemberg,Rail Automation,In Progress,2044.26,21
ORD-103877,2026-02-27 16:15:39.067813,North Rhine-Westphalia,Signaling Systems,Delivered,793.36,41
ORD-103878,2026-02-27 18:52:38.551710,North Rhine-Westphalia,Signaling Systems,Delivered,715.4,24
ORD-103879,2026-02-27 21:29:38.035607,Lower Saxony,Service Parts,Received,35668.84,39
ORD-103880,2026-02-28 00:06:37.519503,Saxony,Electrification,In Progress,12905.05,16
ORD-103881,2026-02-28 02:43:37.003400,North Rhine-Westphalia,Service Parts,Received,2049.6,32
ORD-103882,2026-02-28 05:20:36.487297,Bavaria,Rail Automation,Delivered,2144.95,16
ORD-103883,2026-02-28 07:57:35.971194,Saxony,Signaling Systems,Delivered,5220.51,13
ORD-103884,2026-02-28 10:34:35.455091,Saxony,Rail Automation,Delivered,12648.95,42
ORD-103885,2026-02-28 13:11:34.938987,North Rhine-Westphalia,Rail Automation,Cancelled,3556.71,32
ORD-103886,2026-02-28 15:48:34.422884,Saxony,Electrification,Received,2070.13,41
ORD-103887,2026-02-28 18:25:33.906781,North Rhine-Westphalia,Rail Automation,Delivered,17129.39,44
ORD-103888,2026-02-28 21:02:33.390678,Baden-Württemberg,Signaling Systems,Delivered,4777.05,24
ORD-103889,2026-02-28 23:39:32.874574,Lower Saxony,Service Parts,Shipped,3980.69,13
ORD-103890,2026-03-01 02:16:32.358471,Baden-Württemberg,Signaling Systems,Cancelled,9427.04,11
ORD-103891,2026-03-01 04:53:31.842368,North Rhine-Westphalia,Electrification,Shipped,468.73,15
ORD-103892,2026-03-01 07:30:31.326265,North Rhine-Westphalia,Signaling Systems,Delivered,8279.59,10
ORD-103893,2026-03-01 10:07:30.810162,Baden-Württemberg,Rolling Stock Components,Delivered,7723.38,42
ORD-103894,2026-03-01 12:44:30.294058,Bavaria,Service Parts,Delivered,1078.35,41
ORD-103895,2026-03-01 15:21:29.777955,Bavaria,Rolling Stock Components,Delivered,580.85,3
ORD-103896,2026-03-01 17:58:29.261852,Bavaria,Rolling Stock Components,In Progress,2641.76,16
ORD-103897,2026-03-01 20:35:28.745749,North Rhine-Westphalia,Electrification,Delivered,6010.54,44
ORD-103898,2026-03-01 23:12:28.229645,Saxony,Rail Automation,Shipped,6723.46,17
ORD-103899,2026-03-02 01:49:27.713542,North Rhine-Westphalia,Rolling Stock Components,Delivered,32030.73,25
ORD-103900,2026-03-02 04:26:27.197439,Saxony,Signaling Systems,Delivered,6013.5,30
ORD-103901,2026-03-02 07:03:26.681336,Baden-Württemberg,Rail Automation,Delivered,1054.99,35
ORD-103902,2026-03-02 09:40:26.165233,Lower Saxony,Signaling Systems,Received,3729.13,37
ORD-103903,2026-03-02 12:17:25.649129,Saxony,Signaling Systems,Delivered,1177.9,13
ORD-103904,2026-03-02 14:54:25.133026,Bavaria,Rail Automation,Delivered,4035.91,24
ORD-103905,2026-03-02 17:31:24.616923,North Rhine-Westphalia,Rail Automation,Delivered,23151.2,38
ORD-103906,2026-03-02 20:08:24.100820,Baden-Württemberg,Signaling Systems,In Progress,8145.06,26
ORD-103907,2026-03-02 22:45:23.584716,Bavaria,Electrification,Received,2224.16,9
ORD-103908,2026-03-03 01:22:23.068613,Baden-Württemberg,Service Parts,Received,9429.28,19
ORD-103909,2026-03-03 03:59:22.552510,Lower Saxony,Service Parts,Delivered,2089.0,28
ORD-103910,2026-03-03 06:36:22.036407,North Rhine-Westphalia,Electrification,Delivered,235.15,7
ORD-103911,2026-03-03 09:13:21.520304,North Rhine-Westphalia,Rail Automation,Cancelled,1265.43,22
ORD-103912,2026-03-03 11:50:21.004200,Lower Saxony,Signaling Systems,Shipped,8137.88,30
ORD-103913,2026-03-03 14:27:20.488097,North Rhine-Westphalia,Service Parts,Shipped,11493.88,37
ORD-103914,2026-03-03 17:04:19.971994,Saxony,Signaling Systems,Delivered,32513.56,16
ORD-103915,2026-03-03 19:41:19.455891,Baden-Württemberg,Electrification,Delivered,7153.07,36
ORD-103916,2026-03-03 22:18:18.939787,Bavaria,Signaling Systems,Delivered,21630.84,5
ORD-103917,2026-03-04 00:55:18.423684,Lower Saxony,Electrification,Delivered,,29
ORD-103918,2026-03-04 03:32:17.907581,Saxony,Rail Automation,Shipped,13782.34,23
ORD-103919,2026-03-04 06:09:17.391478,Bavaria,Electrification,Delivered,16512.82,6
ORD-103920,2026-03-04 08:46:16.875375,Bavaria,Electrification,Delivered,8397.75,36
ORD-103921,2026-03-04 11:23:16.359271,Lower Saxony,Service Parts,Delivered,16031.87,33
ORD-103922,2026-03-04 14:00:15.843168,Saxony,Signaling Systems,In Progress,2279.23,41
ORD-103923,2026-03-04 16:37:15.327065,Bavaria,Service Parts,In Progress,340.6,16
ORD-103924,2026-03-04 19:14:14.810962,Bavaria,Rolling Stock Components,Received,10054.88,34
ORD-103925,2026-03-04 21:51:14.294858,Saxony,Electrification,Delivered,7422.39,43
ORD-103926,2026-03-05 00:28:13.778755,North Rhine-Westphalia,Rolling Stock Components,In Progress,1876.57,26
ORD-103927,2026-03-05 03:05:13.262652,Bavaria,Service Parts,In Progress,1225.74,37
ORD-103928,2026-03-05 05:42:12.746549,Baden-Württemberg,Signaling Systems,Shipped,5674.53,13
ORD-103929,2026-03-05 08:19:12.230446,Saxony,Service Parts,Delivered,10814.19,17
ORD-103930,2026-03-05 10:56:11.714342,Bavaria,Signaling Systems,Shipped,8707.16,32
ORD-103931,2026-03-05 13:33:11.198239,Lower Saxony,Signaling Systems,Delivered,1601.01,32
ORD-103932,2026-03-05 16:10:10.682136,Baden-Württemberg,Rail Automation,Received,2048.94,28
ORD-103933,2026-03-05 18:47:10.166033,Bavaria,Electrification,In Progress,10264.37,29
ORD-103934,2026-03-05 21:24:09.649929,Baden-Württemberg,Service Parts,Delivered,5323.86,25
ORD-103935,2026-03-06 00:01:09.133826,Baden-Württemberg,Signaling Systems,Shipped,15774.8,22
ORD-103936,2026-03-06 02:38:08.617723,North Rhine-Westphalia,Service Parts,Shipped,3444.04,27
ORD-103937,2026-03-06 05:15:08.101620,Baden-Württemberg,Service Parts,Received,11086.43,44
ORD-103938,2026-03-06 07:52:07.585517,North Rhine-Westphalia,Signaling Systems,Delivered,4705.02,38
ORD-103939,2026-03-06 10:29:07.069413,Saxony,Rolling Stock Components,Delivered,2219.24,20
ORD-103940,2026-03-06 13:06:06.553310,North Rhine-Westphalia,Electrification,In Progress,13642.96,24
ORD-103941,2026-03-06 15:43:06.037207,Lower Saxony,Electrification,Received,1649.43,8
ORD-103942,2026-03-06 18:20:05.521104,Bavaria,Rail Automation,Cancelled,5332.46,-14
ORD-103943,2026-03-06 20:57:05.005001,Saxony,Rail Automation,Delivered,5974.38,39
ORD-103944,2026-03-06 23:34:04.488897,Saxony,Rail Automation,Shipped,4305.65,14
ORD-103945,2026-03-07 02:11:03.972794,Lower Saxony,Electrification,Delivered,14616.11,5
ORD-103946,2026-03-07 04:48:03.456691,North Rhine-Westphalia,Rolling Stock Components,Delivered,9226.89,21
ORD-103947,2026-03-07 07:25:02.940588,Bavaria,Electrification,Delivered,8093.13,15
ORD-103948,2026-03-07 10:02:02.424484,North Rhine-Westphalia,Electrification,Delivered,5299.19,36
ORD-103949,2026-03-07 12:39:01.908381,Baden-Württemberg,Electrification,Shipped,37871.74,33
ORD-103950,2026-03-07 15:16:01.392278,North Rhine-Westphalia,Electrification,Received,24615.56,17
ORD-103951,2026-03-07 17:53:00.876175,Saxony,Rolling Stock Components,Delivered,13512.52,20
ORD-103952,2026-03-07 20:30:00.360072,Bavaria,Rail Automation,Delivered,11278.04,1
ORD-103953,2026-03-07 23:06:59.843968,North Rhine-Westphalia,Service Parts,In Progress,2533.9,16
ORD-103954,2026-03-08 01:43:59.327865,Bavaria,Rail Automation,Delivered,4656.47,18
ORD-103955,2026-03-08 04:20:58.811762,Bavaria,Rail Automation,Delivered,9891.22,10
ORD-103956,2026-03-08 06:57:58.295659,Baden-Württemberg,Service Parts,Cancelled,15626.75,23
ORD-103957,2026-03-08 09:34:57.779555,Baden-Württemberg,Electrification,Delivered,13111.6,18
ORD-103958,2026-03-08 12:11:57.263452,Saxony,Rolling Stock Components,Cancelled,9311.99,9
ORD-103959,2026-03-08 14:48:56.747349,Lower Saxony,Rolling Stock Components,In Progress,44386.41,30
ORD-103960,2026-03-08 17:25:56.231246,Bavaria,Rail Automation,Delivered,4233.79,13
ORD-103961,2026-03-08 20:02:55.715143,Lower Saxony,Service Parts,Delivered,14980.56,31
ORD-103962,2026-03-08 22:39:55.199039,Saxony,Signaling Systems,In Progress,13102.84,43
ORD-103963,2026-03-09 01:16:54.682936,Bavaria,Electrification,Received,8010.21,13
ORD-103964,2026-03-09 03:53:54.166833,Bavaria,Rail Automation,Cancelled,8337.76,32
ORD-103965,2026-03-09 06:30:53.650730,Lower Saxony,Rolling Stock Components,Shipped,8154.94,17
ORD-103966,2026-03-09 09:07:53.134626,North Rhine-Westphalia,Service Parts,Delivered,2255.08,3
ORD-103967,2026-03-09 11:44:52.618523,Baden-Württemberg,Service Parts,Received,7638.43,1
ORD-103968,2026-03-09 14:21:52.102420,North Rhine-Westphalia,Rail Automation,Received,11193.73,5
ORD-103969,2026-03-09 16:58:51.586317,Lower Saxony,Signaling Systems,Delivered,7003.25,32
ORD-103970,2026-03-09 19:35:51.070214,Baden-Württemberg,Rolling Stock Components,In Progress,647.88,25
ORD-103971,2026-03-09 22:12:50.554110,North Rhine-Westphalia,Rail Automation,Delivered,858.52,5
ORD-103972,2026-03-10 00:49:50.038007,Baden-Württemberg,Signaling Systems,Delivered,1998.09,37
ORD-103973,2026-03-10 03:26:49.521904,Bavaria,Service Parts,Received,4345.43,23
ORD-103974,2026-03-10 06:03:49.005801,North Rhine-Westphalia,Electrification,In Progress,2119.63,12
ORD-103975,2026-03-10 08:40:48.489697,Baden-Württemberg,Rolling Stock Components,Shipped,10001.63,34
ORD-103976,2026-03-10 11:17:47.973594,Baden-Württemberg,Rolling Stock Components,In Progress,18236.84,23
ORD-103977,2026-03-10 13:54:47.457491,Baden-Württemberg,Signaling Systems,Delivered,21312.24,16
ORD-103978,2026-03-10 16:31:46.941388,North Rhine-Westphalia,Rail Automation,Shipped,7118.79,5
ORD-103979,2026-03-10 19:08:46.425285,Saxony,Service Parts,Received,16196.93,44
ORD-103980,2026-03-10 21:45:45.909181,North Rhine-Westphalia,Signaling Systems,Delivered,2647.03,28
ORD-103981,2026-03-11 00:22:45.393078,Lower Saxony,Electrification,Received,4159.63,6
ORD-103982,2026-03-11 02:59:44.876975,North Rhine-Westphalia,Electrification,In Progress,1361.46,13
ORD-103983,2026-03-11 05:36:44.360872,Baden-Württemberg,Electrification,In Progress,18538.21,43
ORD-103984,2026-03-11 08:13:43.844768,Bavaria,Signaling Systems,Delivered,42725.04,30
ORD-103985,2026-03-11 10:50:43.328665,North Rhine-Westphalia,Service Parts,Delivered,3349.42,26
ORD-103986,2026-03-11 13:27:42.812562,North Rhine-Westphalia,Rolling Stock Components,Delivered,451.61,17
ORD-103987,2026-03-11 16:04:42.296459,Baden-Württemberg,Rail Automation,Shipped,1718.24,9
ORD-103988,2026-03-11 18:41:41.780356,Bavaria,Rolling Stock Components,Shipped,2403.81,16
ORD-103989,2026-03-11 21:18:41.264252,Bavaria,Service Parts,Delivered,1142.73,18
ORD-103990,2026-03-11 23:55:40.748149,Lower Saxony,Rolling Stock Components,Delivered,1582.34,13
ORD-103991,2026-03-12 02:32:40.232046,North Rhine-Westphalia,Signaling Systems,Cancelled,6155.37,29
ORD-103992,2026-03-12 05:09:39.715943,Bavaria,Electrification,In Progress,10154.73,43
ORD-103993,2026-03-12 07:46:39.199839,Bavaria,Service Parts,Received,507.33,24
ORD-103994,2026-03-12 10:23:38.683736,Saxony,Service Parts,Delivered,2737.01,44
ORD-103995,2026-03-12 13:00:38.167633,Saxony,Rolling Stock Components,Delivered,5122.74,13
ORD-103996,2026-03-12 15:37:37.651530,Bavaria,Signaling Systems,Delivered,1520.14,25
ORD-103997,2026-03-12 18:14:37.135427,Lower Saxony,Rolling Stock Components,Delivered,6372.85,41
ORD-103998,2026-03-12 20:51:36.619323,Bavaria,Rolling Stock Components,Cancelled,4317.31,1
ORD-103999,2026-03-12 23:28:36.103220,Baden-Württemberg,Service Parts,Delivered,3000.55,9
ORD-104000,2026-03-13 02:05:35.587117,North Rhine-Westphalia,Rolling Stock Components,Delivered,1898.96,4
ORD-104001,2026-03-13 04:42:35.071014,Lower Saxony,Electrification,Cancelled,6639.21,28
ORD-104002,2026-03-13 07:19:34.554910,Baden-Württemberg,Rolling Stock Components,Delivered,2122.1,12
ORD-104003,2026-03-13 09:56:34.038807,Lower Saxony,Electrification,Shipped,730.47,24
ORD-104004,2026-03-13 12:33:33.522704,Baden-Württemberg,Service Parts,In Progress,5035.71,9
ORD-104005,2026-03-13 15:10:33.006601,North Rhine-Westphalia,Signaling Systems,Delivered,1257.74,35
ORD-104006,2026-03-13 17:47:32.490498,North Rhine-Westphalia,Electrification,Delivered,803.67,38
ORD-104007,2026-03-13 20:24:31.974394,Saxony,Signaling Systems,Delivered,5667.34,35
ORD-104008,2026-03-13 23:01:31.458291,Baden-Württemberg,Signaling Systems,In Progress,4108.45,33
ORD-104009,2026-03-14 01:38:30.942188,Saxony,Electrification,Shipped,1895.11,35
ORD-104010,2026-03-14 04:15:30.426085,Baden-Württemberg,Service Parts,Delivered,6322.27,20
ORD-104011,2026-03-14 06:52:29.909982,Saxony,Rail Automation,Received,7834.76,2
ORD-104012,2026-03-14 09:29:29.393878,North Rhine-Westphalia,Signaling Systems,Shipped,6398.45,44
ORD-104013,2026-03-14 12:06:28.877775,Lower Saxony,Signaling Systems,Shipped,6147.97,26
ORD-104014,2026-03-14 14:43:28.361672,Saxony,Service Parts,Delivered,840.57,42
ORD-104015,2026-03-14 17:20:27.845569,Baden-Württemberg,Service Parts,In Progress,20385.13,13
ORD-104016,2026-03-14 19:57:27.329465,Baden-Württemberg,Rolling Stock Components,Delivered,9074.45,30
ORD-104017,2026-03-14 22:34:26.813362,North Rhine-Westphalia,Service Parts,Shipped,1726.98,32
ORD-104018,2026-03-15 01:11:26.297259,Baden-Württemberg,Signaling Systems,Delivered,4851.61,36
ORD-104019,2026-03-15 03:48:25.781156,Bavaria,Electrification,Delivered,5979.67,19
ORD-104020,2026-03-15 06:25:25.265053,Lower Saxony,Rail Automation,Shipped,4706.62,22
ORD-104021,2026-03-15 09:02:24.748949,Saxony,Rolling Stock Components,In Progress,35325.74,1
ORD-104022,2026-03-15 11:39:24.232846,Lower Saxony,Electrification,Received,578.38,11
ORD-104023,2026-03-15 14:16:23.716743,North Rhine-Westphalia,Rail Automation,Delivered,968.92,26
ORD-104024,2026-03-15 16:53:23.200640,Saxony,Rail Automation,In Progress,391.96,19
ORD-104025,2026-03-15 19:30:22.684536,Saxony,Rail Automation,Shipped,5366.14,19
ORD-104026,2026-03-15 22:07:22.168433,Bavaria,Electrification,Delivered,8941.12,12
ORD-104027,2026-03-16 00:44:21.652330,North Rhine-Westphalia,Rolling Stock Components,Shipped,7315.56,3
ORD-104028,2026-03-16 03:21:21.136227,Baden-Württemberg,Rolling Stock Components,In Progress,3575.87,18
ORD-104029,2026-03-16 05:58:20.620124,Bavaria,Rail Automation,Delivered,7686.3,5
ORD-104030,2026-03-16 08:35:20.104020,Bavaria,Electrification,Delivered,3547.17,24
ORD-104031,2026-03-16 11:12:19.587917,Lower Saxony,Rail Automation,In Progress,11101.09,14
ORD-104032,2026-03-16 13:49:19.071814,Lower Saxony,Service Parts,In Progress,16614.38,38
ORD-104033,2026-03-16 16:26:18.555711,Lower Saxony,Rolling Stock Components,Cancelled,1764.62,3
ORD-104034,2026-03-16 19:03:18.039607,Bavaria,Signaling Systems,Received,3581.72,6
ORD-104035,2026-03-16 21:40:17.523504,Baden-Württemberg,Rail Automation,Cancelled,4280.26,12
ORD-104036,2026-03-17 00:17:17.007401,Saxony,Service Parts,Received,23575.81,11
ORD-104037,2026-03-17 02:54:16.491298,Lower Saxony,Rolling Stock Components,Delivered,2008.64,39
ORD-104038,2026-03-17 05:31:15.975195,Baden-Württemberg,Electrification,Shipped,16439.28,26
ORD-104039,2026-03-17 08:08:15.459091,North Rhine-Westphalia,Rolling Stock Components,Delivered,979.79,1
ORD-104040,2026-03-17 10:45:14.942988,Lower Saxony,Electrification,Shipped,19300.77,16
ORD-104041,2026-03-17 13:22:14.426885,Saxony,Electrification,Delivered,12544.93,9
ORD-104042,2026-03-17 15:59:13.910782,North Rhine-Westphalia,Rail Automation,Received,4141.35,5
ORD-104043,2026-03-17 18:36:13.394678,North Rhine-Westphalia,Rail Automation,In Progress,13471.63,8
ORD-104044,2026-03-17 21:13:12.878575,Saxony,Rolling Stock Components,Delivered,2832.64,21
ORD-104045,2026-03-17 23:50:12.362472,Lower Saxony,Service Parts,Delivered,1780.96,33
ORD-104046,2026-03-18 02:27:11.846369,Bavaria,Rolling Stock Components,Delivered,32115.97,39
ORD-104047,2026-03-18 05:04:11.330266,Saxony,Signaling Systems,Shipped,2709.99,43
ORD-104048,2026-03-18 07:41:10.814162,Saxony,Electrification,Delivered,10349.59,20
ORD-104049,2026-03-18 10:18:10.298059,Saxony,Electrification,Shipped,16642.68,22
ORD-104050,2026-03-18 12:55:09.781956,North Rhine-Westphalia,Rail Automation,Cancelled,11931.83,13
ORD-104051,2026-03-18 15:32:09.265853,Baden-Württemberg,Service Parts,Cancelled,9501.44,39
ORD-104052,2026-03-18 18:09:08.749749,Bavaria,Rail Automation,Shipped,10385.79,11
ORD-104053,2026-03-18 20:46:08.233646,Lower Saxony,Signaling Systems,Delivered,15728.01,18
ORD-104054,2026-03-18 23:23:07.717543,Lower Saxony,Rolling Stock Components,Delivered,6970.86,30
ORD-104055,2026-03-19 02:00:07.201440,Baden-Württemberg,Rolling Stock Components,In Progress,4705.06,33
ORD-104056,2026-03-19 04:37:06.685337,Saxony,Service Parts,Delivered,1090.25,44
ORD-104057,2026-03-19 07:14:06.169233,Bavaria,Rail Automation,Received,6973.97,3
ORD-104058,2026-03-19 09:51:05.653130,Lower Saxony,Rail Automation,Delivered,15232.28,1
ORD-104059,2026-03-19 12:28:05.137027,Lower Saxony,Signaling Systems,In Progress,1464.41,36
ORD-104060,2026-03-19 15:05:04.620924,Saxony,Rolling Stock Components,Received,3820.12,6
ORD-104061,2026-03-19 17:42:04.104820,Baden-Württemberg,Rail Automation,Shipped,7847.19,37
ORD-104062,2026-03-19 20:19:03.588717,Bavaria,Service Parts,Delivered,25941.58,29
ORD-104063,2026-03-19 22:56:03.072614,Baden-Württemberg,Rolling Stock Components,Delivered,1374.13,11
ORD-104064,2026-03-20 01:33:02.556511,Baden-Württemberg,Signaling Systems,Cancelled,11763.98,13
ORD-104065,2026-03-20 04:10:02.040408,Bavaria,Service Parts,Shipped,3315.73,11
ORD-104066,2026-03-20 06:47:01.524304,Bavaria,Electrification,Received,2342.57,38
ORD-104067,2026-03-20 09:24:01.008201,Lower Saxony,Signaling Systems,Delivered,1790.39,25
ORD-104068,2026-03-20 12:01:00.492098,Lower Saxony,Service Parts,Delivered,2389.65,15
ORD-104069,2026-03-20 14:37:59.975995,Bavaria,Rail Automation,Shipped,8510.17,13
ORD-104070,2026-03-20 17:14:59.459891,North Rhine-Westphalia,Electrification,Shipped,3825.53,42
ORD-104071,2026-03-20 19:51:58.943788,Lower Saxony,Signaling Systems,Delivered,10782.3,33
ORD-104072,2026-03-20 22:28:58.427685,North Rhine-Westphalia,Rail Automation,Shipped,1430.77,13
ORD-104073,2026-03-21 01:05:57.911582,Bavaria,Electrification,Delivered,10579.75,38
ORD-104074,2026-03-21 03:42:57.395479,Lower Saxony,Rolling Stock Components,Delivered,7920.21,24
ORD-104075,2026-03-21 06:19:56.879375,Baden-Württemberg,Rail Automation,Delivered,935.82,20
ORD-104076,2026-03-21 08:56:56.363272,Bavaria,Service Parts,Delivered,25767.17,44
ORD-104077,2026-03-21 11:33:55.847169,Saxony,Signaling Systems,In Progress,7143.05,17
ORD-104078,2026-03-21 14:10:55.331066,North Rhine-Westphalia,Electrification,Delivered,11406.9,24
ORD-104079,2026-03-21 16:47:54.814962,Bavaria,Rail Automation,Delivered,17531.41,26
ORD-104080,2026-03-21 19:24:54.298859,Bavaria,Rolling Stock Components,In Progress,14259.99,40
ORD-104081,2026-03-21 22:01:53.782756,Lower Saxony,Signaling Systems,Delivered,4278.2,32
ORD-104082,2026-03-22 00:38:53.266653,Lower Saxony,Signaling Systems,Shipped,10912.63,29
ORD-104083,2026-03-22 03:15:52.750550,Lower Saxony,Rail Automation,Delivered,671.12,14
ORD-104084,2026-03-22 05:52:52.234446,Saxony,Rolling Stock Components,Delivered,7579.05,37
ORD-104085,2026-03-22 08:29:51.718343,Lower Saxony,Electrification,Delivered,33048.57,22
ORD-104086,2026-03-22 11:06:51.202240,Bavaria,Rail Automation,Received,2287.2,34
ORD-104087,2026-03-22 13:43:50.686137,Lower Saxony,Electrification,Shipped,13453.56,27
ORD-104088,2026-03-22 16:20:50.170034,Baden-Württemberg,Signaling Systems,Cancelled,34554.13,28
ORD-104089,2026-03-22 18:57:49.653930,Lower Saxony,Electrification,Delivered,10489.47,22
ORD-104090,2026-03-22 21:34:49.137827,Saxony,Rolling Stock Components,In Progress,15183.24,43
ORD-104091,2026-03-23 00:11:48.621724,Baden-Württemberg,Service Parts,Shipped,874.44,3
ORD-104092,2026-03-23 02:48:48.105621,Bavaria,Rolling Stock Components,Shipped,1757.39,22
ORD-104093,2026-03-23 05:25:47.589517,Bavaria,Electrification,Delivered,23687.64,21
ORD-104094,2026-03-23 08:02:47.073414,North Rhine-Westphalia,Rail Automation,Delivered,14134.66,16
ORD-104095,2026-03-23 10:39:46.557311,Baden-Württemberg,Signaling Systems,Delivered,8481.34,9
ORD-104096,2026-03-23 13:16:46.041208,North Rhine-Westphalia,Service Parts,Delivered,3673.6,13
ORD-104097,2026-03-23 15:53:45.525105,Baden-Württemberg,Rail Automation,Delivered,6721.61,10
ORD-104098,2026-03-23 18:30:45.009001,Baden-Württemberg,Rail Automation,Shipped,33255.03,21
ORD-104099,2026-03-23 21:07:44.492898,Saxony,Rolling Stock Components,In Progress,4393.61,42
ORD-104100,2026-03-23 23:44:43.976795,North Rhine-Westphalia,Electrification,Delivered,10606.01,40
ORD-104101,2026-03-24 02:21:43.460692,Saxony,Rolling Stock Components,Cancelled,10303.9,7
ORD-104102,2026-03-24 04:58:42.944588,Baden-Württemberg,Electrification,Delivered,2362.71,22
ORD-104103,2026-03-24 07:35:42.428485,Bavaria,Rolling Stock Components,Delivered,2572.02,18
ORD-104104,2026-03-24 10:12:41.912382,Baden-Württemberg,Rail Automation,Delivered,26362.94,21
ORD-104105,2026-03-24 12:49:41.396279,Saxony,Signaling Systems,Delivered,9201.69,14
ORD-104106,2026-03-24 15:26:40.880176,North Rhine-Westphalia,Electrification,Shipped,2325.34,10
ORD-104107,2026-03-24 18:03:40.364072,North Rhine-Westphalia,Service Parts,Shipped,3489.78,33
ORD-104108,2026-03-24 20:40:39.847969,Saxony,Service Parts,Cancelled,1662.13,9
ORD-104109,2026-03-24 23:17:39.331866,North Rhine-Westphalia,Rail Automation,Delivered,15885.34,18
ORD-104110,2026-03-25 01:54:38.815763,Lower Saxony,Rolling Stock Components,Shipped,3725.87,13
ORD-104111,2026-03-25 04:31:38.299659,Bavaria,Rolling Stock Components,Delivered,3780.87,17
ORD-104112,2026-03-25 07:08:37.783556,Bavaria,Rail Automation,Shipped,12394.53,23
ORD-104113,2026-03-25 09:45:37.267453,Bavaria,Service Parts,In Progress,774.82,25
ORD-104114,2026-03-25 12:22:36.751350,North Rhine-Westphalia,Service Parts,Cancelled,4719.26,16
ORD-104115,2026-03-25 14:59:36.235247,North Rhine-Westphalia,Rolling Stock Components,Shipped,4856.19,24
ORD-104116,2026-03-25 17:36:35.719143,Baden-Württemberg,Electrification,Delivered,3589.72,31
ORD-104117,2026-03-25 20:13:35.203040,Baden-Württemberg,Signaling Systems,In Progress,2685.19,11
ORD-104118,2026-03-25 22:50:34.686937,Bavaria,Electrification,Delivered,2250.56,23
ORD-104119,2026-03-26 01:27:34.170834,Lower Saxony,Service Parts,Received,6705.58,41
ORD-104120,2026-03-26 04:04:33.654730,Baden-Württemberg,Electrification,Delivered,1617.93,39
ORD-104121,2026-03-26 06:41:33.138627,Baden-Württemberg,Signaling Systems,Delivered,5868.2,22
ORD-104122,2026-03-26 09:18:32.622524,North Rhine-Westphalia,Electrification,Delivered,2675.27,33
ORD-104123,2026-03-26 11:55:32.106421,Lower Saxony,Electrification,Received,2878.3,41
ORD-104124,2026-03-26 14:32:31.590318,Bavaria,Electrification,In Progress,6103.94,42
ORD-104125,2026-03-26 17:09:31.074214,Baden-Württemberg,Electrification,Received,2843.1,18
ORD-104126,2026-03-26 19:46:30.558111,Lower Saxony,Rail Automation,Shipped,19806.18,14
ORD-104127,2026-03-26 22:23:30.042008,Lower Saxony,Service Parts,Delivered,4212.99,28
ORD-104128,2026-03-27 01:00:29.525905,Bavaria,Signaling Systems,Delivered,15542.18,11
ORD-104129,2026-03-27 03:37:29.009801,Lower Saxony,Service Parts,Delivered,2125.75,24
ORD-104130,2026-03-27 06:14:28.493698,Lower Saxony,Rail Automation,Delivered,2074.53,36
ORD-104131,2026-03-27 08:51:27.977595,Lower Saxony,Rail Automation,Shipped,788.9,19
ORD-104132,2026-03-27 11:28:27.461492,Baden-Württemberg,Rail Automation,In Progress,2860.14,13
ORD-104133,2026-03-27 14:05:26.945389,Bavaria,Rail Automation,In Progress,3805.24,33
ORD-104134,2026-03-27 16:42:26.429285,Lower Saxony,Electrification,Delivered,5349.35,19
ORD-104135,2026-03-27 19:19:25.913182,Lower Saxony,Service Parts,Delivered,10583.86,32
ORD-104136,2026-03-27 21:56:25.397079,Baden-Württemberg,Rolling Stock Components,In Progress,9771.99,15
ORD-104137,2026-03-28 00:33:24.880976,Bavaria,Signaling Systems,In Progress,17140.6,11
ORD-104138,2026-03-28 03:10:24.364872,North Rhine-Westphalia,Rail Automation,Delivered,1851.9,23
ORD-104139,2026-03-28 05:47:23.848769,Baden-Württemberg,Service Parts,Delivered,5084.27,5
ORD-104140,2026-03-28 08:24:23.332666,Bavaria,Rail Automation,Delivered,1635.68,22
ORD-104141,2026-03-28 11:01:22.816563,Lower Saxony,Rail Automation,Shipped,7751.63,42
ORD-104142,2026-03-28 13:38:22.300460,Bavaria,Rail Automation,Shipped,35763.41,18
ORD-104143,2026-03-28 16:15:21.784356,Bavaria,Rail Automation,Cancelled,1318.08,7
ORD-104144,2026-03-28 18:52:21.268253,Bavaria,Rail Automation,Delivered,10470.35,33
ORD-104145,2026-03-28 21:29:20.752150,North Rhine-Westphalia,Signaling Systems,Shipped,15576.28,3
ORD-104146,2026-03-29 00:06:20.236047,Bavaria,Service Parts,Delivered,1840.88,28
ORD-104147,2026-03-29 02:43:19.719943,North Rhine-Westphalia,Rail Automation,Delivered,7942.32,1
ORD-104148,2026-03-29 05:20:19.203840,Lower Saxony,Rail Automation,Shipped,3307.92,37
ORD-104149,2026-03-29 07:57:18.687737,North Rhine-Westphalia,Rail Automation,Shipped,4301.49,22
ORD-104150,2026-03-29 10:34:18.171634,Lower Saxony,Rail Automation,In Progress,3189.57,44
ORD-104151,2026-03-29 13:11:17.655531,Lower Saxony,Electrification,In Progress,3837.73,19
ORD-104152,2026-03-29 15:48:17.139427,North Rhine-Westphalia,Electrification,Delivered,17519.73,14
ORD-104153,2026-03-29 18:25:16.623324,Baden-Württemberg,Rolling Stock Components,Shipped,4505.01,3
ORD-104154,2026-03-29 21:02:16.107221,Saxony,Rail Automation,Delivered,2535.55,19
ORD-104155,2026-03-29 23:39:15.591118,Bavaria,Rolling Stock Components,Cancelled,5302.31,33
ORD-104156,2026-03-30 02:16:15.075015,Saxony,Signaling Systems,Received,476.11,21
ORD-104157,2026-03-30 04:53:14.558911,Bavaria,Rolling Stock Components,Delivered,2001.02,1
ORD-104158,2026-03-30 07:30:14.042808,Bavaria,Service Parts,Delivered,19408.19,26
ORD-104159,2026-03-30 10:07:13.526705,Lower Saxony,Electrification,Delivered,4188.59,10
ORD-104160,2026-03-30 12:44:13.010602,Bavaria,Electrification,Delivered,2904.92,35
ORD-104161,2026-03-30 15:21:12.494498,Bavaria,Rail Automation,Shipped,5944.77,13
ORD-104162,2026-03-30 17:58:11.978395,North Rhine-Westphalia,Rail Automation,Delivered,11051.06,6
ORD-104163,2026-03-30 20:35:11.462292,Saxony,Signaling Systems,Delivered,21197.01,43
ORD-104164,2026-03-30 23:12:10.946189,North Rhine-Westphalia,Signaling Systems,Cancelled,2992.52,6
ORD-104165,2026-03-31 01:49:10.430086,Bavaria,Service Parts,Shipped,3069.22,35
ORD-104166,2026-03-31 04:26:09.913982,Lower Saxony,Rail Automation,Delivered,3844.93,16
ORD-104167,2026-03-31 07:03:09.397879,North Rhine-Westphalia,Rail Automation,Shipped,15246.07,41
ORD-104168,2026-03-31 09:40:08.881776,North Rhine-Westphalia,Signaling Systems,Cancelled,5233.03,8
ORD-104169,2026-03-31 12:17:08.365673,Baden-Württemberg,Signaling Systems,Delivered,53234.81,3
ORD-104170,2026-03-31 14:54:07.849569,Bavaria,Signaling Systems,Delivered,4117.05,5
ORD-104171,2026-03-31 17:31:07.333466,Lower Saxony,Electrification,Delivered,34194.98,21
ORD-104172,2026-03-31 20:08:06.817363,North Rhine-Westphalia,Rolling Stock Components,Shipped,1840.27,31
ORD-104173,2026-03-31 22:45:06.301260,North Rhine-Westphalia,Rolling Stock Components,Shipped,1065.47,14
ORD-104174,2026-04-01 01:22:05.785157,Lower Saxony,Rail Automation,In Progress,4395.9,37
ORD-104175,2026-04-01 03:59:05.269053,Bavaria,Electrification,In Progress,17211.37,19
ORD-104176,2026-04-01 06:36:04.752950,Baden-Württemberg,Signaling Systems,Shipped,2908.3,37
ORD-104177,2026-04-01 09:13:04.236847,North Rhine-Westphalia,Rail Automation,Delivered,2494.41,20
ORD-104178,2026-04-01 11:50:03.720744,Baden-Württemberg,Electrification,Delivered,15176.69,2
ORD-104179,2026-04-01 14:27:03.204640,Saxony,Service Parts,In Progress,10674.46,7
ORD-104180,2026-04-01 17:04:02.688537,Bavaria,Electrification,Delivered,2055.64,33
ORD-104181,2026-04-01 19:41:02.172434,Saxony,Rail Automation,Delivered,1927.59,42
ORD-104182,2026-04-01 22:18:01.656331,Saxony,Rolling Stock Components,Cancelled,12237.02,6
ORD-104183,2026-04-02 00:55:01.140228,Saxony,Signaling Systems,Delivered,816.43,7
ORD-104184,2026-04-02 03:32:00.624124,Bavaria,Service Parts,In Progress,16114.52,44
ORD-104185,2026-04-02 06:09:00.108021,Bavaria,Electrification,Delivered,10519.77,18
ORD-104186,2026-04-02 08:45:59.591918,Lower Saxony,Rail Automation,Delivered,399.81,43
ORD-104187,2026-04-02 11:22:59.075815,Baden-Württemberg,Rail Automation,Received,4999.66,29
ORD-104188,2026-04-02 13:59:58.559711,Baden-Württemberg,Signaling Systems,Received,557.38,19
ORD-104189,2026-04-02 16:36:58.043608,Lower Saxony,Rail Automation,In Progress,1305.58,25
ORD-104190,2026-04-02 19:13:57.527505,Lower Saxony,Rail Automation,Shipped,2826.32,4
ORD-104191,2026-04-02 21:50:57.011402,Saxony,Signaling Systems,Shipped,1218.57,13
ORD-104192,2026-04-03 00:27:56.495299,Lower Saxony,Service Parts,Delivered,56386.05,32
ORD-104193,2026-04-03 03:04:55.979195,North Rhine-Westphalia,Rolling Stock Components,In Progress,12714.06,27
ORD-104194,2026-04-03 05:41:55.463092,Baden-Württemberg,Rolling Stock Components,Delivered,22118.79,34
ORD-104195,2026-04-03 08:18:54.946989,Lower Saxony,Electrification,Delivered,4211.97,28
ORD-104196,2026-04-03 10:55:54.430886,North Rhine-Westphalia,Service Parts,Shipped,5082.27,9
ORD-104197,2026-04-03 13:32:53.914782,North Rhine-Westphalia,Electrification,Received,27967.54,8
ORD-104198,2026-04-03 16:09:53.398679,North Rhine-Westphalia,Rolling Stock Components,Received,7919.68,21
ORD-104199,2026-04-03 18:46:52.882576,North Rhine-Westphalia,Signaling Systems,Shipped,9637.97,30
ORD-104200,2026-04-03 21:23:52.366473,Saxony,Rail Automation,In Progress,1803.89,29
ORD-104201,2026-04-04 00:00:51.850370,North Rhine-Westphalia,Rolling Stock Components,Shipped,1794.72,9
ORD-104202,2026-04-04 02:37:51.334266,Saxony,Service Parts,Delivered,6549.5,13
ORD-104203,2026-04-04 05:14:50.818163,Saxony,Rolling Stock Components,Delivered,,18
ORD-104204,2026-04-04 07:51:50.302060,North Rhine-Westphalia,Service Parts,In Progress,1641.23,38
ORD-104205,2026-04-04 10:28:49.785957,Baden-Württemberg,Service Parts,Shipped,7290.32,22
ORD-104206,2026-04-04 13:05:49.269853,North Rhine-Westphalia,Service Parts,Delivered,1281.98,31
ORD-104207,2026-04-04 15:42:48.753750,North Rhine-Westphalia,Electrification,Delivered,4990.11,35
ORD-104208,2026-04-04 18:19:48.237647,North Rhine-Westphalia,Signaling Systems,Delivered,1011.07,42
ORD-104209,2026-04-04 20:56:47.721544,Baden-Württemberg,Rolling Stock Components,Delivered,21179.51,42
ORD-104210,2026-04-04 23:33:47.205441,Bavaria,Signaling Systems,Shipped,3490.0,10
ORD-104211,2026-04-05 02:10:46.689337,Bavaria,Rail Automation,Shipped,2291.76,9
ORD-104212,2026-04-05 04:47:46.173234,Saxony,Rolling Stock Components,Delivered,1393.66,31
ORD-104213,2026-04-05 07:24:45.657131,Saxony,Signaling Systems,Received,1253.65,44
ORD-104214,2026-04-05 10:01:45.141028,Baden-Württemberg,Signaling Systems,Cancelled,7943.04,40
ORD-104215,2026-04-05 12:38:44.624924,Lower Saxony,Rail Automation,Delivered,14826.66,24
ORD-104216,2026-04-05 15:15:44.108821,Bavaria,Service Parts,Delivered,13281.22,41
ORD-104217,2026-04-05 17:52:43.592718,Saxony,Rolling Stock Components,Received,22839.59,8
ORD-104218,2026-04-05 20:29:43.076615,Bavaria,Rolling Stock Components,Delivered,33624.11,20
ORD-104219,2026-04-05 23:06:42.560512,Baden-Württemberg,Rail Automation,Delivered,14097.03,17
ORD-104220,2026-04-06 01:43:42.044408,Baden-Württemberg,Service Parts,In Progress,2826.57,28
ORD-104221,2026-04-06 04:20:41.528305,Lower Saxony,Rolling Stock Components,Shipped,5922.0,6
ORD-104222,2026-04-06 06:57:41.012202,Lower Saxony,Rolling Stock Components,Delivered,410.48,42
ORD-104223,2026-04-06 09:34:40.496099,Baden-Württemberg,Rolling Stock Components,Delivered,9910.38,33
ORD-104224,2026-04-06 12:11:39.979996,Saxony,Service Parts,Shipped,5791.76,28
ORD-104225,2026-04-06 14:48:39.463892,Bavaria,Rail Automation,Received,28417.23,1
ORD-104226,2026-04-06 17:25:38.947789,North Rhine-Westphalia,Rolling Stock Components,Delivered,2169.61,41
ORD-104227,2026-04-06 20:02:38.431686,Lower Saxony,Signaling Systems,Delivered,8665.17,35
ORD-104228,2026-04-06 22:39:37.915583,North Rhine-Westphalia,Service Parts,Delivered,1629.98,24
ORD-104229,2026-04-07 01:16:37.399479,Saxony,Electrification,Delivered,4354.49,6
ORD-104230,2026-04-07 03:53:36.883376,Lower Saxony,Rail Automation,Shipped,813.39,7
ORD-104231,2026-04-07 06:30:36.367273,North Rhine-Westphalia,Signaling Systems,Delivered,21843.33,9
ORD-104232,2026-04-07 09:07:35.851170,Saxony,Rolling Stock Components,In Progress,15645.12,37
ORD-104233,2026-04-07 11:44:35.335067,Bavaria,Electrification,Delivered,2922.07,16
ORD-104234,2026-04-07 14:21:34.818963,Saxony,Rail Automation,Delivered,6555.23,34
ORD-104235,2026-04-07 16:58:34.302860,Lower Saxony,Service Parts,Shipped,5127.3,35
ORD-104236,2026-04-07 19:35:33.786757,Baden-Württemberg,Electrification,Shipped,2505.81,35
ORD-104237,2026-04-07 22:12:33.270654,Bavaria,Electrification,Delivered,5628.02,20
ORD-104238,2026-04-08 00:49:32.754550,North Rhine-Westphalia,Signaling Systems,In Progress,3019.82,23
ORD-104239,2026-04-08 03:26:32.238447,Lower Saxony,Rail Automation,Shipped,14448.89,42
ORD-104240,2026-04-08 06:03:31.722344,Baden-Württemberg,Signaling Systems,Delivered,3897.58,35
ORD-104241,2026-04-08 08:40:31.206241,Saxony,Signaling Systems,Shipped,68158.35,23
ORD-104242,2026-04-08 11:17:30.690138,Baden-Württemberg,Rolling Stock Components,Delivered,4511.42,4
ORD-104243,2026-04-08 13:54:30.174034,Lower Saxony,Service Parts,In Progress,5563.86,10
ORD-104244,2026-04-08 16:31:29.657931,Lower Saxony,Electrification,Delivered,8786.52,43
ORD-104245,2026-04-08 19:08:29.141828,Baden-Württemberg,Rail Automation,Received,12341.91,11
ORD-104246,2026-04-08 21:45:28.625725,Saxony,Service Parts,Received,5354.92,40
ORD-104247,2026-04-09 00:22:28.109621,Baden-Württemberg,Service Parts,Delivered,8578.53,9
ORD-104248,2026-04-09 02:59:27.593518,Lower Saxony,Rail Automation,Delivered,6009.43,40
ORD-104249,2026-04-09 05:36:27.077415,Lower Saxony,Service Parts,Shipped,2087.16,12
ORD-104250,2026-04-09 08:13:26.561312,North Rhine-Westphalia,Rolling Stock Components,In Progress,1551.59,-17
ORD-104251,2026-04-09 10:50:26.045209,North Rhine-Westphalia,Service Parts,Delivered,10605.97,32
ORD-104252,2026-04-09 13:27:25.529105,Bavaria,Rolling Stock Components,Delivered,,23
ORD-104253,2026-04-09 16:04:25.013002,Lower Saxony,Electrification,Cancelled,817.26,15
ORD-104254,2026-04-09 18:41:24.496899,North Rhine-Westphalia,Electrification,Cancelled,1014.33,28
ORD-104255,2026-04-09 21:18:23.980796,Baden-Württemberg,Signaling Systems,Delivered,1003.61,38
ORD-104256,2026-04-09 23:55:23.464692,Saxony,Rolling Stock Components,Shipped,11529.44,5
ORD-104257,2026-04-10 02:32:22.948589,Baden-Württemberg,Electrification,Delivered,12638.0,40
ORD-104258,2026-04-10 05:09:22.432486,Saxony,Service Parts,Delivered,1679.12,18
ORD-104259,2026-04-10 07:46:21.916383,North Rhine-Westphalia,Rail Automation,In Progress,55623.72,21
ORD-104260,2026-04-10 10:23:21.400280,Bavaria,Rail Automation,Shipped,3218.07,15
ORD-104261,2026-04-10 13:00:20.884176,Baden-Württemberg,Rolling Stock Components,Received,23842.12,3
ORD-104262,2026-04-10 15:37:20.368073,Baden-Württemberg,Signaling Systems,Received,11960.86,26
ORD-104263,2026-04-10 18:14:19.851970,Baden-Württemberg,Service Parts,In Progress,1713.15,15
ORD-104264,2026-04-10 20:51:19.335867,Saxony,Rolling Stock Components,Delivered,3103.12,20
ORD-104265,2026-04-10 23:28:18.819763,North Rhine-Westphalia,Rail Automation,Delivered,1882.47,21
ORD-104266,2026-04-11 02:05:18.303660,Baden-Württemberg,Rolling Stock Components,Delivered,1120.18,26
ORD-104267,2026-04-11 04:42:17.787557,Baden-Württemberg,Service Parts,Shipped,,41
ORD-104268,2026-04-11 07:19:17.271454,Bavaria,Electrification,Received,1314.93,23
ORD-104269,2026-04-11 09:56:16.755351,Bavaria,Service Parts,Delivered,4054.4,25
ORD-104270,2026-04-11 12:33:16.239247,North Rhine-Westphalia,Electrification,Shipped,41202.42,4
ORD-104271,2026-04-11 15:10:15.723144,North Rhine-Westphalia,Electrification,Delivered,10576.15,10
ORD-104272,2026-04-11 17:47:15.207041,Lower Saxony,Electrification,Cancelled,2662.86,22
ORD-104273,2026-04-11 20:24:14.690938,Bavaria,Rolling Stock Components,In Progress,2434.28,3
ORD-104274,2026-04-11 23:01:14.174834,Lower Saxony,Rail Automation,In Progress,3161.39,19
ORD-104275,2026-04-12 01:38:13.658731,Saxony,Rolling Stock Components,Delivered,47965.91,31
ORD-104276,2026-04-12 04:15:13.142628,Lower Saxony,Rail Automation,Cancelled,1484.47,9
ORD-104277,2026-04-12 06:52:12.626525,Baden-Württemberg,Service Parts,Delivered,4905.21,29
ORD-104278,2026-04-12 09:29:12.110422,Lower Saxony,Signaling Systems,Delivered,8200.08,37
ORD-104279,2026-04-12 12:06:11.594318,North Rhine-Westphalia,Service Parts,Shipped,18714.19,7
ORD-104280,2026-04-12 14:43:11.078215,Saxony,Rolling Stock Components,Cancelled,3408.62,38
ORD-104281,2026-04-12 17:20:10.562112,Baden-Württemberg,Rolling Stock Components,In Progress,,24
ORD-104282,2026-04-12 19:57:10.046009,Lower Saxony,Rail Automation,Received,6757.79,8
ORD-104283,2026-04-12 22:34:09.529905,Saxony,Rolling Stock Components,Delivered,20871.3,34
ORD-104284,2026-04-13 01:11:09.013802,Saxony,Electrification,Delivered,3640.33,26
ORD-104285,2026-04-13 03:48:08.497699,Baden-Württemberg,Rolling Stock Components,Received,1952.06,28
ORD-104286,2026-04-13 06:25:07.981596,Lower Saxony,Rail Automation,In Progress,5548.19,28
ORD-104287,2026-04-13 09:02:07.465493,Saxony,Rail Automation,Received,823.9,7
ORD-104288,2026-04-13 11:39:06.949389,Saxony,Electrification,In Progress,3864.07,3
ORD-104289,2026-04-13 14:16:06.433286,Bavaria,Rail Automation,In Progress,17958.67,22
ORD-104290,2026-04-13 16:53:05.917183,Saxony,Signaling Systems,Cancelled,12865.85,38
ORD-104291,2026-04-13 19:30:05.401080,Bavaria,Service Parts,Delivered,4195.42,44
ORD-104292,2026-04-13 22:07:04.884976,Lower Saxony,Rolling Stock Components,Delivered,30493.3,18
ORD-104293,2026-04-14 00:44:04.368873,Lower Saxony,Signaling Systems,Delivered,40169.46,12
ORD-104294,2026-04-14 03:21:03.852770,Lower Saxony,Rolling Stock Components,Delivered,10203.59,31
ORD-104295,2026-04-14 05:58:03.336667,North Rhine-Westphalia,Signaling Systems,Delivered,977.94,39
ORD-104296,2026-04-14 08:35:02.820564,Lower Saxony,Rolling Stock Components,Delivered,621.48,5
ORD-104297,2026-04-14 11:12:02.304460,Saxony,Electrification,Shipped,22512.8,44
ORD-104298,2026-04-14 13:49:01.788357,Baden-Württemberg,Rail Automation,Delivered,6433.03,41
ORD-104299,2026-04-14 16:26:01.272254,Bavaria,Rail Automation,Delivered,29706.16,29
ORD-104300,2026-04-14 19:03:00.756151,North Rhine-Westphalia,Electrification,Delivered,1127.15,-43
ORD-104301,2026-04-14 21:40:00.240048,Lower Saxony,Signaling Systems,Cancelled,4116.24,36
ORD-104302,2026-04-15 00:16:59.723944,Lower Saxony,Service Parts,Shipped,15246.57,14
ORD-104303,2026-04-15 02:53:59.207841,Baden-Württemberg,Signaling Systems,Delivered,2202.25,44
ORD-104304,2026-04-15 05:30:58.691738,Baden-Württemberg,Rail Automation,Received,15006.87,18
ORD-104305,2026-04-15 08:07:58.175635,North Rhine-Westphalia,Service Parts,Delivered,4293.86,7
ORD-104306,2026-04-15 10:44:57.659531,Bavaria,Rolling Stock Components,Shipped,5068.84,23
ORD-104307,2026-04-15 13:21:57.143428,Lower Saxony,Service Parts,Received,1336.76,33
ORD-104308,2026-04-15 15:58:56.627325,North Rhine-Westphalia,Signaling Systems,Shipped,6480.32,16
ORD-104309,2026-04-15 18:35:56.111222,Saxony,Electrification,Delivered,54834.16,37
ORD-104310,2026-04-15 21:12:55.595119,Saxony,Rolling Stock Components,In Progress,7531.31,25
ORD-104311,2026-04-15 23:49:55.079015,North Rhine-Westphalia,Signaling Systems,Delivered,2057.2,9
ORD-104312,2026-04-16 02:26:54.562912,Lower Saxony,Rolling Stock Components,Received,22813.23,28
ORD-104313,2026-04-16 05:03:54.046809,North Rhine-Westphalia,Service Parts,Delivered,2126.58,9
ORD-104314,2026-04-16 07:40:53.530706,Lower Saxony,Rail Automation,Delivered,32637.38,12
ORD-104315,2026-04-16 10:17:53.014602,Baden-Württemberg,Signaling Systems,Shipped,1209.0,18
ORD-104316,2026-04-16 12:54:52.498499,North Rhine-Westphalia,Electrification,Shipped,6634.11,27
ORD-104317,2026-04-16 15:31:51.982396,Lower Saxony,Service Parts,Delivered,26342.63,26
ORD-104318,2026-04-16 18:08:51.466293,North Rhine-Westphalia,Signaling Systems,Delivered,1894.1,26
ORD-104319,2026-04-16 20:45:50.950190,North Rhine-Westphalia,Electrification,Delivered,5385.56,10
ORD-104320,2026-04-16 23:22:50.434086,Lower Saxony,Signaling Systems,Shipped,17553.67,17
ORD-104321,2026-04-17 01:59:49.917983,Lower Saxony,Service Parts,Delivered,411.14,32
ORD-104322,2026-04-17 04:36:49.401880,Bavaria,Signaling Systems,Cancelled,13623.78,24
ORD-104323,2026-04-17 07:13:48.885777,North Rhine-Westphalia,Rolling Stock Components,In Progress,4461.68,43
ORD-104324,2026-04-17 09:50:48.369673,Saxony,Service Parts,Shipped,24008.17,8
ORD-104325,2026-04-17 12:27:47.853570,North Rhine-Westphalia,Signaling Systems,Shipped,1977.82,30
ORD-104326,2026-04-17 15:04:47.337467,North Rhine-Westphalia,Rail Automation,Delivered,1069.07,26
ORD-104327,2026-04-17 17:41:46.821364,Lower Saxony,Signaling Systems,Delivered,2704.47,24
ORD-104328,2026-04-17 20:18:46.305261,North Rhine-Westphalia,Rolling Stock Components,Shipped,2643.06,27
ORD-104329,2026-04-17 22:55:45.789157,North Rhine-Westphalia,Electrification,Received,3916.15,15
ORD-104330,2026-04-18 01:32:45.273054,Saxony,Electrification,Received,2935.29,28
ORD-104331,2026-04-18 04:09:44.756951,Lower Saxony,Electrification,Shipped,539.86,11
ORD-104332,2026-04-18 06:46:44.240848,North Rhine-Westphalia,Rail Automation,Shipped,4427.31,39
ORD-104333,2026-04-18 09:23:43.724744,Baden-Württemberg,Rolling Stock Components,Cancelled,6342.17,2
ORD-104334,2026-04-18 12:00:43.208641,Bavaria,Service Parts,Delivered,3973.62,9
ORD-104335,2026-04-18 14:37:42.692538,Saxony,Electrification,Shipped,6737.95,23
ORD-104336,2026-04-18 17:14:42.176435,North Rhine-Westphalia,Rolling Stock Components,Delivered,5396.16,33
ORD-104337,2026-04-18 19:51:41.660332,Baden-Württemberg,Signaling Systems,Delivered,1074.71,19
ORD-104338,2026-04-18 22:28:41.144228,North Rhine-Westphalia,Rail Automation,Delivered,3530.03,13
ORD-104339,2026-04-19 01:05:40.628125,North Rhine-Westphalia,Rolling Stock Components,Received,5570.78,14
ORD-104340,2026-04-19 03:42:40.112022,Lower Saxony,Rolling Stock Components,Shipped,3786.18,32
ORD-104341,2026-04-19 06:19:39.595919,Lower Saxony,Service Parts,Delivered,951.4,22
ORD-104342,2026-04-19 08:56:39.079815,Lower Saxony,Rolling Stock Components,Delivered,18871.8,20
ORD-104343,2026-04-19 11:33:38.563712,Baden-Württemberg,Service Parts,Shipped,1686.87,33
ORD-104344,2026-04-19 14:10:38.047609,North Rhine-Westphalia,Rail Automation,Delivered,1253.36,5
ORD-104345,2026-04-19 16:47:37.531506,Bavaria,Rail Automation,Delivered,5140.47,20
ORD-104346,2026-04-19 19:24:37.015403,Saxony,Signaling Systems,Shipped,3472.63,14
ORD-104347,2026-04-19 22:01:36.499299,Lower Saxony,Service Parts,Delivered,9524.15,27
ORD-104348,2026-04-20 00:38:35.983196,Lower Saxony,Service Parts,Cancelled,12834.85,26
ORD-104349,2026-04-20 03:15:35.467093,North Rhine-Westphalia,Electrification,In Progress,10857.61,32
ORD-104350,2026-04-20 05:52:34.950990,North Rhine-Westphalia,Electrification,Delivered,4905.14,30
ORD-104351,2026-04-20 08:29:34.434886,Baden-Württemberg,Signaling Systems,Delivered,9032.89,27
ORD-104352,2026-04-20 11:06:33.918783,Baden-Württemberg,Rail Automation,Delivered,883.58,26
ORD-104353,2026-04-20 13:43:33.402680,Lower Saxony,Electrification,Shipped,16379.68,18
ORD-104354,2026-04-20 16:20:32.886577,North Rhine-Westphalia,Rolling Stock Components,Shipped,3148.52,23
ORD-104355,2026-04-20 18:57:32.370474,Bavaria,Rail Automation,Delivered,42913.07,44
ORD-104356,2026-04-20 21:34:31.854370,Saxony,Rolling Stock Components,In Progress,,24
ORD-104357,2026-04-21 00:11:31.338267,North Rhine-Westphalia,Service Parts,Shipped,3955.99,4
ORD-104358,2026-04-21 02:48:30.822164,North Rhine-Westphalia,Rail Automation,In Progress,5031.89,41
ORD-104359,2026-04-21 05:25:30.306061,Baden-Württemberg,Signaling Systems,Received,18078.3,3
ORD-104360,2026-04-21 08:02:29.789957,Saxony,Service Parts,Cancelled,409.06,43
ORD-104361,2026-04-21 10:39:29.273854,Lower Saxony,Service Parts,Shipped,4120.57,30
ORD-104362,2026-04-21 13:16:28.757751,North Rhine-Westphalia,Rolling Stock Components,Cancelled,31938.46,16
ORD-104363,2026-04-21 15:53:28.241648,Lower Saxony,Service Parts,In Progress,12448.3,7
ORD-104364,2026-04-21 18:30:27.725545,North Rhine-Westphalia,Electrification,Delivered,1955.72,39
ORD-104365,2026-04-21 21:07:27.209441,Lower Saxony,Rail Automation,In Progress,6946.01,22
ORD-104366,2026-04-21 23:44:26.693338,Saxony,Electrification,Delivered,1678.47,41
ORD-104367,2026-04-22 02:21:26.177235,Baden-Württemberg,Rolling Stock Components,Delivered,3375.8,31
ORD-104368,2026-04-22 04:58:25.661132,Saxony,Rolling Stock Components,In Progress,7095.54,13
ORD-104369,2026-04-22 07:35:25.145029,Bavaria,Rail Automation,Delivered,8611.1,41
ORD-104370,2026-04-22 10:12:24.628925,Baden-Württemberg,Service Parts,In Progress,10963.87,41
ORD-104371,2026-04-22 12:49:24.112822,Saxony,Signaling Systems,Delivered,19094.7,29
ORD-104372,2026-04-22 15:26:23.596719,Bavaria,Rolling Stock Components,Cancelled,1322.0,28
ORD-104373,2026-04-22 18:03:23.080616,North Rhine-Westphalia,Rail Automation,Delivered,5046.36,44
ORD-104374,2026-04-22 20:40:22.564512,North Rhine-Westphalia,Signaling Systems,Cancelled,1928.73,19
ORD-104375,2026-04-22 23:17:22.048409,Lower Saxony,Service Parts,Shipped,3169.27,23
ORD-104376,2026-04-23 01:54:21.532306,Baden-Württemberg,Rolling Stock Components,In Progress,2143.34,8
ORD-104377,2026-04-23 04:31:21.016203,North Rhine-Westphalia,Rail Automation,In Progress,8512.95,25
ORD-104378,2026-04-23 07:08:20.500100,Baden-Württemberg,Rail Automation,Delivered,15651.49,38
ORD-104379,2026-04-23 09:45:19.983996,North Rhine-Westphalia,Rail Automation,Delivered,16609.26,38
ORD-104380,2026-04-23 12:22:19.467893,Lower Saxony,Rolling Stock Components,In Progress,1457.25,35
ORD-104381,2026-04-23 14:59:18.951790,Saxony,Signaling Systems,Delivered,4291.42,26
ORD-104382,2026-04-23 17:36:18.435687,Lower Saxony,Rail Automation,Shipped,1413.48,3
ORD-104383,2026-04-23 20:13:17.919583,Bavaria,Service Parts,Shipped,1362.6,2
ORD-104384,2026-04-23 22:50:17.403480,North Rhine-Westphalia,Rail Automation,Delivered,2373.44,5
ORD-104385,2026-04-24 01:27:16.887377,Bavaria,Signaling Systems,Delivered,7169.76,20
ORD-104386,2026-04-24 04:04:16.371274,Bavaria,Rolling Stock Components,Delivered,8697.64,12
ORD-104387,2026-04-24 06:41:15.855171,Baden-Württemberg,Rail Automation,In Progress,10093.56,38
ORD-104388,2026-04-24 09:18:15.339067,North Rhine-Westphalia,Rail Automation,Delivered,9429.46,16
ORD-104389,2026-04-24 11:55:14.822964,Bavaria,Service Parts,Received,1934.04,37
ORD-104390,2026-04-24 14:32:14.306861,Saxony,Service Parts,In Progress,18052.42,38
ORD-104391,2026-04-24 17:09:13.790758,Bavaria,Rail Automation,Delivered,11891.84,36
ORD-104392,2026-04-24 19:46:13.274654,Saxony,Rail Automation,Delivered,3121.41,29
ORD-104393,2026-04-24 22:23:12.758551,Baden-Württemberg,Service Parts,Shipped,3253.83,35
ORD-104394,2026-04-25 01:00:12.242448,Bavaria,Signaling Systems,Shipped,2384.4,37
ORD-104395,2026-04-25 03:37:11.726345,Lower Saxony,Electrification,Delivered,1186.75,21
ORD-104396,2026-04-25 06:14:11.210242,Baden-Württemberg,Electrification,In Progress,10225.37,21
ORD-104397,2026-04-25 08:51:10.694138,Saxony,Rail Automation,Delivered,12140.08,28
ORD-104398,2026-04-25 11:28:10.178035,Baden-Württemberg,Service Parts,Delivered,1774.62,6
ORD-104399,2026-04-25 14:05:09.661932,Bavaria,Rolling Stock Components,In Progress,1267.69,20
ORD-104400,2026-04-25 16:42:09.145829,North Rhine-Westphalia,Rolling Stock Components,Delivered,1754.27,36
ORD-104401,2026-04-25 19:19:08.629725,North Rhine-Westphalia,Electrification,Delivered,5548.42,13
ORD-104402,2026-04-25 21:56:08.113622,Saxony,Signaling Systems,Shipped,1074.73,40
ORD-104403,2026-04-26 00:33:07.597519,Saxony,Electrification,Delivered,16993.58,11
ORD-104404,2026-04-26 03:10:07.081416,North Rhine-Westphalia,Rail Automation,Received,15910.8,24
ORD-104405,2026-04-26 05:47:06.565313,Saxony,Signaling Systems,Delivered,7838.32,19
ORD-104406,2026-04-26 08:24:06.049209,Baden-Württemberg,Rolling Stock Components,In Progress,11976.59,23
ORD-104407,2026-04-26 11:01:05.533106,Lower Saxony,Service Parts,Delivered,5242.9,31
ORD-104408,2026-04-26 13:38:05.017003,Lower Saxony,Service Parts,Shipped,8198.2,37
ORD-104409,2026-04-26 16:15:04.500900,Baden-Württemberg,Rail Automation,Shipped,1175.91,37
ORD-104410,2026-04-26 18:52:03.984796,Lower Saxony,Electrification,Delivered,22686.55,3
ORD-104411,2026-04-26 21:29:03.468693,Bavaria,Rail Automation,Received,2875.3,34
ORD-104412,2026-04-27 00:06:02.952590,Baden-Württemberg,Service Parts,Shipped,4265.52,29
ORD-104413,2026-04-27 02:43:02.436487,Saxony,Rolling Stock Components,Shipped,75805.1,3
ORD-104414,2026-04-27 05:20:01.920384,Baden-Württemberg,Service Parts,Shipped,3858.34,15
ORD-104415,2026-04-27 07:57:01.404280,North Rhine-Westphalia,Signaling Systems,Delivered,11084.93,7
ORD-104416,2026-04-27 10:34:00.888177,Saxony,Service Parts,Delivered,8655.81,3
ORD-104417,2026-04-27 13:11:00.372074,North Rhine-Westphalia,Service Parts,Received,1134.45,43
ORD-104418,2026-04-27 15:47:59.855971,Saxony,Signaling Systems,Delivered,1636.45,16
ORD-104419,2026-04-27 18:24:59.339867,Lower Saxony,Electrification,Delivered,46141.94,34
ORD-104420,2026-04-27 21:01:58.823764,Baden-Württemberg,Service Parts,Delivered,9293.58,20
ORD-104421,2026-04-27 23:38:58.307661,Bavaria,Rail Automation,Shipped,4824.38,44
ORD-104422,2026-04-28 02:15:57.791558,Saxony,Service Parts,Delivered,2726.54,39
ORD-104423,2026-04-28 04:52:57.275455,Saxony,Rail Automation,Delivered,6988.95,33
ORD-104424,2026-04-28 07:29:56.759351,North Rhine-Westphalia,Signaling Systems,Delivered,,14
ORD-104425,2026-04-28 10:06:56.243248,Lower Saxony,Service Parts,Delivered,6305.48,42
ORD-104426,2026-04-28 12:43:55.727145,North Rhine-Westphalia,Signaling Systems,In Progress,15928.36,35
ORD-104427,2026-04-28 15:20:55.211042,North Rhine-Westphalia,Signaling Systems,Delivered,1894.02,11
ORD-104428,2026-04-28 17:57:54.694938,Lower Saxony,Electrification,Delivered,1634.72,20
ORD-104429,2026-04-28 20:34:54.178835,Bavaria,Service Parts,Cancelled,15481.14,30
ORD-104430,2026-04-28 23:11:53.662732,North Rhine-Westphalia,Rail Automation,Shipped,50209.33,28
ORD-104431,2026-04-29 01:48:53.146629,North Rhine-Westphalia,Rail Automation,Delivered,12417.37,15
ORD-104432,2026-04-29 04:25:52.630526,Saxony,Service Parts,Delivered,20486.66,38
ORD-104433,2026-04-29 07:02:52.114422,Lower Saxony,Electrification,Delivered,4526.37,13
ORD-104434,2026-04-29 09:39:51.598319,Baden-Württemberg,Electrification,Delivered,6586.17,35
ORD-104435,2026-04-29 12:16:51.082216,Bavaria,Electrification,Delivered,6489.38,-24
ORD-104436,2026-04-29 14:53:50.566113,Bavaria,Rail Automation,Shipped,4624.07,1
ORD-104437,2026-04-29 17:30:50.050010,Lower Saxony,Signaling Systems,Delivered,23212.04,42
ORD-104438,2026-04-29 20:07:49.533906,Saxony,Electrification,In Progress,16771.43,24
ORD-104439,2026-04-29 22:44:49.017803,Saxony,Rail Automation,Delivered,3167.96,27
ORD-104440,2026-04-30 01:21:48.501700,Lower Saxony,Rail Automation,In Progress,804.21,18
ORD-104441,2026-04-30 03:58:47.985597,Saxony,Signaling Systems,Delivered,4582.81,26
ORD-104442,2026-04-30 06:35:47.469493,Bavaria,Service Parts,Delivered,1380.06,29
ORD-104443,2026-04-30 09:12:46.953390,Bavaria,Service Parts,Shipped,5044.44,8
ORD-104444,2026-04-30 11:49:46.437287,Baden-Württemberg,Electrification,Shipped,1505.0,44
ORD-104445,2026-04-30 14:26:45.921184,Lower Saxony,Electrification,Cancelled,19578.13,26
ORD-104446,2026-04-30 17:03:45.405081,North Rhine-Westphalia,Signaling Systems,Received,10434.42,5
ORD-104447,2026-04-30 19:40:44.888977,North Rhine-Westphalia,Electrification,Received,10159.3,33
ORD-104448,2026-04-30 22:17:44.372874,Baden-Württemberg,Signaling Systems,In Progress,15984.97,40
ORD-104449,2026-05-01 00:54:43.856771,Baden-Württemberg,Rail Automation,Cancelled,7556.91,5
ORD-104450,2026-05-01 03:31:43.340668,Saxony,Electrification,Cancelled,8968.57,36
ORD-104451,2026-05-01 06:08:42.824564,Baden-Württemberg,Rail Automation,Delivered,23817.33,13
ORD-104452,2026-05-01 08:45:42.308461,Baden-Württemberg,Rolling Stock Components,Delivered,4238.79,17
ORD-104453,2026-05-01 11:22:41.792358,North Rhine-Westphalia,Signaling Systems,In Progress,9562.71,13
ORD-104454,2026-05-01 13:59:41.276255,Saxony,Rolling Stock Components,Cancelled,1543.1,25
ORD-104455,2026-05-01 16:36:40.760152,Baden-Württemberg,Electrification,In Progress,5362.6,2
ORD-104456,2026-05-01 19:13:40.244048,Baden-Württemberg,Rail Automation,In Progress,58995.24,24
ORD-104457,2026-05-01 21:50:39.727945,Saxony,Electrification,In Progress,12043.83,36
ORD-104458,2026-05-02 00:27:39.211842,Lower Saxony,Rolling Stock Components,Delivered,4471.17,25
ORD-104459,2026-05-02 03:04:38.695739,Saxony,Electrification,Delivered,6574.77,34
ORD-104460,2026-05-02 05:41:38.179635,North Rhine-Westphalia,Service Parts,Shipped,4802.55,12
ORD-104461,2026-05-02 08:18:37.663532,Lower Saxony,Rolling Stock Components,Cancelled,6341.5,19
ORD-104462,2026-05-02 10:55:37.147429,Bavaria,Electrification,Shipped,3168.75,42
ORD-104463,2026-05-02 13:32:36.631326,Saxony,Rail Automation,In Progress,8470.61,30
ORD-104464,2026-05-02 16:09:36.115223,North Rhine-Westphalia,Electrification,Delivered,8807.34,37
ORD-104465,2026-05-02 18:46:35.599119,Lower Saxony,Rail Automation,Delivered,4950.79,43
ORD-104466,2026-05-02 21:23:35.083016,Saxony,Service Parts,Delivered,5733.41,1
ORD-104467,2026-05-03 00:00:34.566913,Baden-Württemberg,Electrification,Delivered,7149.83,3
ORD-104468,2026-05-03 02:37:34.050810,Saxony,Service Parts,Delivered,2751.86,26
ORD-104469,2026-05-03 05:14:33.534706,Bavaria,Rolling Stock Components,Shipped,8381.63,15
ORD-104470,2026-05-03 07:51:33.018603,Saxony,Rail Automation,Delivered,11593.19,28
ORD-104471,2026-05-03 10:28:32.502500,Lower Saxony,Rolling Stock Components,Cancelled,24620.94,4
ORD-104472,2026-05-03 13:05:31.986397,Lower Saxony,Rail Automation,Received,6975.85,19
ORD-104473,2026-05-03 15:42:31.470294,Saxony,Service Parts,Delivered,2667.24,24
ORD-104474,2026-05-03 18:19:30.954190,Lower Saxony,Signaling Systems,Delivered,4388.62,40
ORD-104475,2026-05-03 20:56:30.438087,Baden-Württemberg,Electrification,Shipped,1397.92,6
ORD-104476,2026-05-03 23:33:29.921984,Saxony,Service Parts,Cancelled,10938.98,16
ORD-104477,2026-05-04 02:10:29.405881,Baden-Württemberg,Rail Automation,Delivered,509.94,-32
ORD-104478,2026-05-04 04:47:28.889777,Baden-Württemberg,Rail Automation,Shipped,15170.69,30
ORD-104479,2026-05-04 07:24:28.373674,North Rhine-Westphalia,Rail Automation,In Progress,17324.15,35
ORD-104480,2026-05-04 10:01:27.857571,Saxony,Rail Automation,In Progress,195.65,8
ORD-104481,2026-05-04 12:38:27.341468,Lower Saxony,Electrification,Delivered,19986.44,5
ORD-104482,2026-05-04 15:15:26.825365,Baden-Württemberg,Rolling Stock Components,Delivered,15214.66,37
ORD-104483,2026-05-04 17:52:26.309261,North Rhine-Westphalia,Signaling Systems,Delivered,3572.22,12
ORD-104484,2026-05-04 20:29:25.793158,Saxony,Electrification,In Progress,1324.78,25
ORD-104485,2026-05-04 23:06:25.277055,Saxony,Rail Automation,In Progress,1955.62,33
ORD-104486,2026-05-05 01:43:24.760952,Bavaria,Electrification,Received,2133.74,39
ORD-104487,2026-05-05 04:20:24.244848,Bavaria,Service Parts,Delivered,20903.28,24
ORD-104488,2026-05-05 06:57:23.728745,Baden-Württemberg,Rail Automation,Cancelled,2999.06,11
ORD-104489,2026-05-05 09:34:23.212642,Bavaria,Signaling Systems,Delivered,13304.47,42
ORD-104490,2026-05-05 12:11:22.696539,Baden-Württemberg,Rail Automation,Shipped,4287.82,35
ORD-104491,2026-05-05 14:48:22.180436,Lower Saxony,Signaling Systems,Delivered,5221.73,40
ORD-104492,2026-05-05 17:25:21.664332,Baden-Württemberg,Signaling Systems,Delivered,872.59,1
ORD-104493,2026-05-05 20:02:21.148229,Bavaria,Rolling Stock Components,Received,,8
ORD-104494,2026-05-05 22:39:20.632126,Lower Saxony,Rolling Stock Components,Delivered,20382.0,23
ORD-104495,2026-05-06 01:16:20.116023,Bavaria,Electrification,Shipped,4141.05,20
ORD-104496,2026-05-06 03:53:19.599919,Baden-Württemberg,Electrification,In Progress,6841.25,32
ORD-104497,2026-05-06 06:30:19.083816,North Rhine-Westphalia,Signaling Systems,In Progress,35846.2,11
ORD-104498,2026-05-06 09:07:18.567713,Saxony,Rail Automation,Delivered,4271.03,7
ORD-104499,2026-05-06 11:44:18.051610,Bavaria,Service Parts,Shipped,4013.14,30
ORD-104500,2026-05-06 14:21:17.535507,Baden-Württemberg,Service Parts,Shipped,18521.63,39
ORD-104501,2026-05-06 16:58:17.019403,Lower Saxony,Rail Automation,In Progress,4981.99,13
ORD-104502,2026-05-06 19:35:16.503300,Bavaria,Rail Automation,Delivered,6988.41,42
ORD-104503,2026-05-06 22:12:15.987197,Bavaria,Rolling Stock Components,Cancelled,14713.16,3
ORD-104504,2026-05-07 00:49:15.471094,Saxony,Service Parts,Delivered,4915.39,7
ORD-104505,2026-05-07 03:26:14.954991,Baden-Württemberg,Signaling Systems,Shipped,11688.34,43
ORD-104506,2026-05-07 06:03:14.438887,North Rhine-Westphalia,Electrification,In Progress,4326.74,13
ORD-104507,2026-05-07 08:40:13.922784,Lower Saxony,Rolling Stock Components,In Progress,14461.61,37
ORD-104508,2026-05-07 11:17:13.406681,Baden-Württemberg,Service Parts,In Progress,7812.34,25
ORD-104509,2026-05-07 13:54:12.890578,Lower Saxony,Rail Automation,Delivered,3835.5,23
ORD-104510,2026-05-07 16:31:12.374474,Bavaria,Service Parts,Delivered,5333.03,33
ORD-104511,2026-05-07 19:08:11.858371,Saxony,Signaling Systems,Delivered,334.03,5
ORD-104512,2026-05-07 21:45:11.342268,Saxony,Rolling Stock Components,Delivered,18272.47,32
ORD-104513,2026-05-08 00:22:10.826165,North Rhine-Westphalia,Rail Automation,Shipped,1236.33,30
ORD-104514,2026-05-08 02:59:10.310062,Saxony,Signaling Systems,Shipped,1516.21,31
ORD-104515,2026-05-08 05:36:09.793958,Bavaria,Electrification,Delivered,3035.65,13
ORD-104516,2026-05-08 08:13:09.277855,North Rhine-Westphalia,Rolling Stock Components,Shipped,683.86,42
ORD-104517,2026-05-08 10:50:08.761752,Baden-Württemberg,Signaling Systems,In Progress,8220.43,5
ORD-104518,2026-05-08 13:27:08.245649,Saxony,Signaling Systems,Shipped,7310.85,23
ORD-104519,2026-05-08 16:04:07.729545,North Rhine-Westphalia,Rail Automation,Shipped,2877.87,1
ORD-104520,2026-05-08 18:41:07.213442,Bavaria,Electrification,Received,2331.24,10
ORD-104521,2026-05-08 21:18:06.697339,Lower Saxony,Signaling Systems,Delivered,2292.19,27
ORD-104522,2026-05-08 23:55:06.181236,Lower Saxony,Rolling Stock Components,Delivered,9665.11,8
ORD-104523,2026-05-09 02:32:05.665133,Bavaria,Signaling Systems,In Progress,851.42,3
ORD-104524,2026-05-09 05:09:05.149029,Bavaria,Service Parts,Received,3134.11,19
ORD-104525,2026-05-09 07:46:04.632926,Lower Saxony,Rolling Stock Components,Delivered,913.82,2
ORD-104526,2026-05-09 10:23:04.116823,North Rhine-Westphalia,Rolling Stock Components,In Progress,11448.56,31
ORD-104527,2026-05-09 13:00:03.600720,Lower Saxony,Signaling Systems,Shipped,3395.33,10
ORD-104528,2026-05-09 15:37:03.084616,Bavaria,Rail Automation,Received,8968.06,16
ORD-104529,2026-05-09 18:14:02.568513,Saxony,Rolling Stock Components,In Progress,19428.4,37
ORD-104530,2026-05-09 20:51:02.052410,Baden-Württemberg,Service Parts,Delivered,19792.73,20
ORD-104531,2026-05-09 23:28:01.536307,Saxony,Rail Automation,Delivered,1596.69,3
ORD-104532,2026-05-10 02:05:01.020204,Saxony,Rail Automation,In Progress,6907.8,35
ORD-104533,2026-05-10 04:42:00.504100,Bavaria,Rail Automation,Shipped,16874.07,34
ORD-104534,2026-05-10 07:18:59.987997,Lower Saxony,Rolling Stock Components,In Progress,10573.69,21
ORD-104535,2026-05-10 09:55:59.471894,North Rhine-Westphalia,Rail Automation,Received,11788.31,36
ORD-104536,2026-05-10 12:32:58.955791,Saxony,Signaling Systems,Cancelled,691.14,32
ORD-104537,2026-05-10 15:09:58.439687,Lower Saxony,Rail Automation,Delivered,10396.89,18
ORD-104538,2026-05-10 17:46:57.923584,North Rhine-Westphalia,Service Parts,Delivered,2054.47,34
ORD-104539,2026-05-10 20:23:57.407481,Saxony,Electrification,Delivered,10210.32,38
ORD-104540,2026-05-10 23:00:56.891378,North Rhine-Westphalia,Service Parts,Delivered,9967.54,3
ORD-104541,2026-05-11 01:37:56.375275,Lower Saxony,Rolling Stock Components,Delivered,9404.17,3
ORD-104542,2026-05-11 04:14:55.859171,Baden-Württemberg,Rail Automation,Received,4351.54,27
ORD-104543,2026-05-11 06:51:55.343068,Lower Saxony,Rail Automation,In Progress,20904.1,2
ORD-104544,2026-05-11 09:28:54.826965,Bavaria,Signaling Systems,Delivered,8615.68,3
ORD-104545,2026-05-11 12:05:54.310862,North Rhine-Westphalia,Rail Automation,Shipped,7000.01,17
ORD-104546,2026-05-11 14:42:53.794758,Baden-Württemberg,Service Parts,Cancelled,1758.38,39
ORD-104547,2026-05-11 17:19:53.278655,North Rhine-Westphalia,Rolling Stock Components,Delivered,7598.45,38
ORD-104548,2026-05-11 19:56:52.762552,North Rhine-Westphalia,Electrification,Cancelled,43329.19,40
ORD-104549,2026-05-11 22:33:52.246449,Saxony,Rail Automation,In Progress,1065.07,19
ORD-104550,2026-05-12 01:10:51.730346,Bavaria,Electrification,Delivered,10972.16,19
ORD-104551,2026-05-12 03:47:51.214242,North Rhine-Westphalia,Rail Automation,Shipped,12605.18,44
ORD-104552,2026-05-12 06:24:50.698139,Lower Saxony,Rolling Stock Components,Cancelled,32796.31,5
ORD-104553,2026-05-12 09:01:50.182036,Lower Saxony,Service Parts,In Progress,,-5
ORD-104554,2026-05-12 11:38:49.665933,Saxony,Rolling Stock Components,Delivered,4972.84,14
ORD-104555,2026-05-12 14:15:49.149829,Bavaria,Electrification,Delivered,7823.39,27
ORD-104556,2026-05-12 16:52:48.633726,Bavaria,Rail Automation,Shipped,3659.71,36
ORD-104557,2026-05-12 19:29:48.117623,Lower Saxony,Electrification,Delivered,18791.95,40
ORD-104558,2026-05-12 22:06:47.601520,Baden-Württemberg,Service Parts,Cancelled,894.37,35
ORD-104559,2026-05-13 00:43:47.085417,Saxony,Rolling Stock Components,Shipped,2873.66,21
ORD-104560,2026-05-13 03:20:46.569313,Saxony,Electrification,Delivered,8028.65,5
ORD-104561,2026-05-13 05:57:46.053210,Lower Saxony,Electrification,Received,17819.06,24
ORD-104562,2026-05-13 08:34:45.537107,Lower Saxony,Service Parts,Delivered,4840.81,39
ORD-104563,2026-05-13 11:11:45.021004,Baden-Württemberg,Rail Automation,Delivered,2078.56,24
ORD-104564,2026-05-13 13:48:44.504900,Baden-Württemberg,Electrification,Shipped,3897.3,40
ORD-104565,2026-05-13 16:25:43.988797,Bavaria,Service Parts,Received,3282.44,43
ORD-104566,2026-05-13 19:02:43.472694,Saxony,Rail Automation,Delivered,3452.75,13
ORD-104567,2026-05-13 21:39:42.956591,Saxony,Rail Automation,Received,3045.14,38
ORD-104568,2026-05-14 00:16:42.440488,Lower Saxony,Rolling Stock Components,Received,3046.6,1
ORD-104569,2026-05-14 02:53:41.924384,Bavaria,Service Parts,Delivered,744.32,43
ORD-104570,2026-05-14 05:30:41.408281,Saxony,Rail Automation,In Progress,6837.44,39
ORD-104571,2026-05-14 08:07:40.892178,Bavaria,Rolling Stock Components,In Progress,10323.8,10
ORD-104572,2026-05-14 10:44:40.376075,Bavaria,Signaling Systems,Delivered,25545.96,2
ORD-104573,2026-05-14 13:21:39.859971,Lower Saxony,Service Parts,Received,12663.02,16
ORD-104574,2026-05-14 15:58:39.343868,Bavaria,Signaling Systems,Shipped,11971.64,37
ORD-104575,2026-05-14 18:35:38.827765,Baden-Württemberg,Rail Automation,In Progress,6806.36,16
ORD-104576,2026-05-14 21:12:38.311662,Baden-Württemberg,Service Parts,Delivered,707.11,23
ORD-104577,2026-05-14 23:49:37.795559,North Rhine-Westphalia,Rolling Stock Components,Delivered,6688.57,26
ORD-104578,2026-05-15 02:26:37.279455,Lower Saxony,Rail Automation,Delivered,5561.45,16
ORD-104579,2026-05-15 05:03:36.763352,North Rhine-Westphalia,Service Parts,Shipped,15258.02,27
ORD-104580,2026-05-15 07:40:36.247249,Baden-Württemberg,Service Parts,Received,9174.9,41
ORD-104581,2026-05-15 10:17:35.731146,North Rhine-Westphalia,Signaling Systems,Received,4260.49,30
ORD-104582,2026-05-15 12:54:35.215043,Lower Saxony,Rail Automation,Shipped,42360.32,33
ORD-104583,2026-05-15 15:31:34.698939,Lower Saxony,Rolling Stock Components,Delivered,12497.73,32
ORD-104584,2026-05-15 18:08:34.182836,Bavaria,Rolling Stock Components,In Progress,7142.74,9
ORD-104585,2026-05-15 20:45:33.666733,Saxony,Rail Automation,Shipped,8109.94,11
ORD-104586,2026-05-15 23:22:33.150630,Bavaria,Rail Automation,In Progress,5256.92,37
ORD-104587,2026-05-16 01:59:32.634526,Lower Saxony,Electrification,Delivered,5004.81,6
ORD-104588,2026-05-16 04:36:32.118423,Baden-Württemberg,Signaling Systems,Delivered,451.58,30
ORD-104589,2026-05-16 07:13:31.602320,Baden-Württemberg,Rail Automation,Delivered,1796.16,40
ORD-104590,2026-05-16 09:50:31.086217,Bavaria,Rail Automation,Delivered,2710.75,15
ORD-104591,2026-05-16 12:27:30.570114,Lower Saxony,Electrification,Delivered,8068.3,30
ORD-104592,2026-05-16 15:04:30.054010,Baden-Württemberg,Electrification,In Progress,798.83,-18
ORD-104593,2026-05-16 17:41:29.537907,Lower Saxony,Service Parts,Shipped,2770.31,12
ORD-104594,2026-05-16 20:18:29.021804,Baden-Württemberg,Rolling Stock Components,Delivered,2406.07,4
ORD-104595,2026-05-16 22:55:28.505701,Lower Saxony,Signaling Systems,Delivered,5588.3,16
ORD-104596,2026-05-17 01:32:27.989597,North Rhine-Westphalia,Service Parts,Delivered,8090.42,23
ORD-104597,2026-05-17 04:09:27.473494,Lower Saxony,Rail Automation,Delivered,2415.37,11
ORD-104598,2026-05-17 06:46:26.957391,Lower Saxony,Electrification,Delivered,2614.09,24
ORD-104599,2026-05-17 09:23:26.441288,Bavaria,Rolling Stock Components,Delivered,2325.46,22
ORD-104600,2026-05-17 12:00:25.925185,North Rhine-Westphalia,Service Parts,Delivered,3199.85,39
ORD-104601,2026-05-17 14:37:25.409081,Saxony,Rolling Stock Components,Delivered,4645.9,15
ORD-104602,2026-05-17 17:14:24.892978,Bavaria,Electrification,In Progress,20881.9,15
ORD-104603,2026-05-17 19:51:24.376875,Saxony,Service Parts,Delivered,1613.65,10
ORD-104604,2026-05-17 22:28:23.860772,Baden-Württemberg,Service Parts,Delivered,33722.66,28
ORD-104605,2026-05-18 01:05:23.344668,Saxony,Rolling Stock Components,Shipped,1264.97,36
ORD-104606,2026-05-18 03:42:22.828565,Lower Saxony,Electrification,Delivered,14046.19,17
ORD-104607,2026-05-18 06:19:22.312462,Saxony,Rail Automation,Delivered,2912.08,36
ORD-104608,2026-05-18 08:56:21.796359,Bavaria,Service Parts,Received,1804.33,22
ORD-104609,2026-05-18 11:33:21.280256,Bavaria,Rail Automation,Delivered,20922.24,23
ORD-104610,2026-05-18 14:10:20.764152,Saxony,Electrification,In Progress,5377.23,29
ORD-104611,2026-05-18 16:47:20.248049,Bavaria,Service Parts,Cancelled,5155.58,22
ORD-104612,2026-05-18 19:24:19.731946,Bavaria,Service Parts,Delivered,3623.58,11
ORD-104613,2026-05-18 22:01:19.215843,Saxony,Rail Automation,In Progress,2592.53,36
ORD-104614,2026-05-19 00:38:18.699739,North Rhine-Westphalia,Signaling Systems,In Progress,4045.94,44
ORD-104615,2026-05-19 03:15:18.183636,North Rhine-Westphalia,Rail Automation,Delivered,141.23,29
ORD-104616,2026-05-19 05:52:17.667533,Baden-Württemberg,Rail Automation,Shipped,639.66,42
ORD-104617,2026-05-19 08:29:17.151430,Bavaria,Signaling Systems,Received,7566.99,32
ORD-104618,2026-05-19 11:06:16.635327,Saxony,Electrification,Delivered,18052.78,14
ORD-104619,2026-05-19 13:43:16.119223,Bavaria,Electrification,Shipped,22024.53,18
ORD-104620,2026-05-19 16:20:15.603120,Lower Saxony,Service Parts,In Progress,1715.23,38
ORD-104621,2026-05-19 18:57:15.087017,Bavaria,Rolling Stock Components,Delivered,6076.01,37
ORD-104622,2026-05-19 21:34:14.570914,Bavaria,Rolling Stock Components,Delivered,440.18,34
ORD-104623,2026-05-20 00:11:14.054810,North Rhine-Westphalia,Service Parts,Delivered,3339.15,23
ORD-104624,2026-05-20 02:48:13.538707,Saxony,Rolling Stock Components,Delivered,12161.88,32
ORD-104625,2026-05-20 05:25:13.022604,Bavaria,Rail Automation,In Progress,4821.08,3
ORD-104626,2026-05-20 08:02:12.506501,North Rhine-Westphalia,Rail Automation,Shipped,3412.08,43
ORD-104627,2026-05-20 10:39:11.990398,Baden-Württemberg,Signaling Systems,In Progress,4843.45,22
ORD-104628,2026-05-20 13:16:11.474294,North Rhine-Westphalia,Signaling Systems,Delivered,20153.48,23
ORD-104629,2026-05-20 15:53:10.958191,North Rhine-Westphalia,Service Parts,Delivered,3754.94,4
ORD-104630,2026-05-20 18:30:10.442088,North Rhine-Westphalia,Service Parts,Delivered,5323.62,13
ORD-104631,2026-05-20 21:07:09.925985,Bavaria,Service Parts,Delivered,26142.93,32
ORD-104632,2026-05-20 23:44:09.409881,Bavaria,Rail Automation,Delivered,3823.21,29
ORD-104633,2026-05-21 02:21:08.893778,Baden-Württemberg,Rolling Stock Components,Shipped,812.26,40
ORD-104634,2026-05-21 04:58:08.377675,Lower Saxony,Service Parts,Shipped,22142.38,40
ORD-104635,2026-05-21 07:35:07.861572,Lower Saxony,Service Parts,Received,15020.25,10
ORD-104636,2026-05-21 10:12:07.345469,Lower Saxony,Rail Automation,Received,429.09,13
ORD-104637,2026-05-21 12:49:06.829365,Baden-Württemberg,Rail Automation,Delivered,4259.03,17
ORD-104638,2026-05-21 15:26:06.313262,Lower Saxony,Rail Automation,Shipped,4796.4,38
ORD-104639,2026-05-21 18:03:05.797159,Lower Saxony,Rolling Stock Components,Delivered,22148.3,2
ORD-104640,2026-05-21 20:40:05.281056,North Rhine-Westphalia,Service Parts,Delivered,4837.63,17
ORD-104641,2026-05-21 23:17:04.764952,Bavaria,Electrification,Shipped,5898.83,44
ORD-104642,2026-05-22 01:54:04.248849,Bavaria,Electrification,Delivered,6103.91,26
ORD-104643,2026-05-22 04:31:03.732746,North Rhine-Westphalia,Service Parts,Delivered,2943.34,38
ORD-104644,2026-05-22 07:08:03.216643,North Rhine-Westphalia,Service Parts,Shipped,20474.87,37
ORD-104645,2026-05-22 09:45:02.700540,North Rhine-Westphalia,Service Parts,Delivered,2055.97,5
ORD-104646,2026-05-22 12:22:02.184436,Bavaria,Service Parts,Delivered,2881.33,25
ORD-104647,2026-05-22 14:59:01.668333,Lower Saxony,Rolling Stock Components,Delivered,4882.78,9
ORD-104648,2026-05-22 17:36:01.152230,North Rhine-Westphalia,Electrification,Delivered,1127.93,28
ORD-104649,2026-05-22 20:13:00.636127,Baden-Württemberg,Signaling Systems,Delivered,34267.41,22
ORD-104650,2026-05-22 22:50:00.120024,North Rhine-Westphalia,Electrification,Delivered,4910.15,29
ORD-104651,2026-05-23 01:26:59.603920,Saxony,Electrification,Shipped,12174.12,35
ORD-104652,2026-05-23 04:03:59.087817,North Rhine-Westphalia,Rail Automation,Received,1714.31,20
ORD-104653,2026-05-23 06:40:58.571714,Bavaria,Service Parts,Shipped,10752.65,5
ORD-104654,2026-05-23 09:17:58.055611,North Rhine-Westphalia,Service Parts,Shipped,11804.71,39
ORD-104655,2026-05-23 11:54:57.539507,Saxony,Service Parts,Delivered,13834.99,44
ORD-104656,2026-05-23 14:31:57.023404,Baden-Württemberg,Rail Automation,Delivered,39954.63,32
ORD-104657,2026-05-23 17:08:56.507301,Lower Saxony,Rolling Stock Components,Received,2659.62,39
ORD-104658,2026-05-23 19:45:55.991198,North Rhine-Westphalia,Rolling Stock Components,In Progress,4002.55,10
ORD-104659,2026-05-23 22:22:55.475095,Saxony,Signaling Systems,In Progress,1939.58,40
ORD-104660,2026-05-24 00:59:54.958991,Saxony,Rolling Stock Components,Delivered,4421.12,17
ORD-104661,2026-05-24 03:36:54.442888,Baden-Württemberg,Rolling Stock Components,Delivered,10203.93,37
ORD-104662,2026-05-24 06:13:53.926785,Bavaria,Service Parts,Delivered,9616.73,15
ORD-104663,2026-05-24 08:50:53.410682,North Rhine-Westphalia,Electrification,Delivered,29876.5,9
ORD-104664,2026-05-24 11:27:52.894578,Saxony,Rolling Stock Components,In Progress,8427.17,32
ORD-104665,2026-05-24 14:04:52.378475,Baden-Württemberg,Rolling Stock Components,Shipped,4917.81,23
ORD-104666,2026-05-24 16:41:51.862372,Lower Saxony,Rail Automation,In Progress,1478.93,11
ORD-104667,2026-05-24 19:18:51.346269,Saxony,Signaling Systems,Shipped,12745.74,13
ORD-104668,2026-05-24 21:55:50.830166,Baden-Württemberg,Rail Automation,Delivered,4137.53,18
ORD-104669,2026-05-25 00:32:50.314062,Bavaria,Service Parts,Delivered,13068.32,9
ORD-104670,2026-05-25 03:09:49.797959,Bavaria,Electrification,Delivered,3080.2,42
ORD-104671,2026-05-25 05:46:49.281856,Saxony,Signaling Systems,Delivered,18412.38,5
ORD-104672,2026-05-25 08:23:48.765753,Saxony,Rail Automation,Received,7517.2,43
ORD-104673,2026-05-25 11:00:48.249649,North Rhine-Westphalia,Rolling Stock Components,Received,14639.48,22
ORD-104674,2026-05-25 13:37:47.733546,Baden-Württemberg,Rolling Stock Components,Delivered,7513.03,32
ORD-104675,2026-05-25 16:14:47.217443,Saxony,Signaling Systems,Delivered,1776.02,2
ORD-104676,2026-05-25 18:51:46.701340,North Rhine-Westphalia,Rolling Stock Components,In Progress,3288.16,21
ORD-104677,2026-05-25 21:28:46.185237,North Rhine-Westphalia,Rail Automation,Delivered,1201.76,28
ORD-104678,2026-05-26 00:05:45.669133,Saxony,Rail Automation,Delivered,,24
ORD-104679,2026-05-26 02:42:45.153030,Bavaria,Rolling Stock Components,Shipped,983.49,24
ORD-104680,2026-05-26 05:19:44.636927,Baden-Württemberg,Rolling Stock Components,Delivered,6790.39,14
ORD-104681,2026-05-26 07:56:44.120824,Baden-Württemberg,Service Parts,Shipped,91.7,37
ORD-104682,2026-05-26 10:33:43.604720,Bavaria,Electrification,Delivered,11979.19,27
ORD-104683,2026-05-26 13:10:43.088617,Saxony,Signaling Systems,Delivered,1459.67,24
ORD-104684,2026-05-26 15:47:42.572514,Baden-Württemberg,Rail Automation,Cancelled,1721.05,6
ORD-104685,2026-05-26 18:24:42.056411,Saxony,Signaling Systems,Shipped,22226.93,26
ORD-104686,2026-05-26 21:01:41.540308,Saxony,Service Parts,Shipped,6986.69,15
ORD-104687,2026-05-26 23:38:41.024204,North Rhine-Westphalia,Rail Automation,In Progress,12468.6,29
ORD-104688,2026-05-27 02:15:40.508101,Bavaria,Service Parts,In Progress,1626.41,36
ORD-104689,2026-05-27 04:52:39.991998,Saxony,Service Parts,Delivered,14158.71,10
ORD-104690,2026-05-27 07:29:39.475895,Lower Saxony,Rolling Stock Components,Delivered,4225.06,28
ORD-104691,2026-05-27 10:06:38.959791,Bavaria,Signaling Systems,Shipped,5593.64,9
ORD-104692,2026-05-27 12:43:38.443688,Baden-Württemberg,Signaling Systems,In Progress,25319.41,21
ORD-104693,2026-05-27 15:20:37.927585,North Rhine-Westphalia,Rolling Stock Components,Shipped,1367.6,10
ORD-104694,2026-05-27 17:57:37.411482,Baden-Württemberg,Signaling Systems,Delivered,13417.83,4
ORD-104695,2026-05-27 20:34:36.895379,Baden-Württemberg,Rolling Stock Components,Shipped,7509.7,4
ORD-104696,2026-05-27 23:11:36.379275,Bavaria,Rail Automation,In Progress,3887.81,6
ORD-104697,2026-05-28 01:48:35.863172,Baden-Württemberg,Service Parts,Delivered,1475.06,26
ORD-104698,2026-05-28 04:25:35.347069,Saxony,Service Parts,Received,3840.08,40
ORD-104699,2026-05-28 07:02:34.830966,Baden-Württemberg,Signaling Systems,Delivered,1997.82,16
ORD-104700,2026-05-28 09:39:34.314862,North Rhine-Westphalia,Electrification,Delivered,18133.91,8
ORD-104701,2026-05-28 12:16:33.798759,North Rhine-Westphalia,Service Parts,Shipped,5436.74,28
ORD-104702,2026-05-28 14:53:33.282656,Lower Saxony,Rolling Stock Components,Delivered,2333.99,16
ORD-104703,2026-05-28 17:30:32.766553,North Rhine-Westphalia,Electrification,Delivered,1010.94,38
ORD-104704,2026-05-28 20:07:32.250450,Baden-Württemberg,Electrification,Delivered,2953.21,1
ORD-104705,2026-05-28 22:44:31.734346,North Rhine-Westphalia,Service Parts,Shipped,19146.18,19
ORD-104706,2026-05-29 01:21:31.218243,Bavaria,Service Parts,Shipped,5555.68,17
ORD-104707,2026-05-29 03:58:30.702140,North Rhine-Westphalia,Service Parts,Delivered,4031.08,28
ORD-104708,2026-05-29 06:35:30.186037,Saxony,Rolling Stock Components,Delivered,31842.49,44
ORD-104709,2026-05-29 09:12:29.669933,Bavaria,Electrification,Shipped,3115.05,12
ORD-104710,2026-05-29 11:49:29.153830,Lower Saxony,Signaling Systems,In Progress,2019.99,6
ORD-104711,2026-05-29 14:26:28.637727,Saxony,Rolling Stock Components,Received,7665.6,7
ORD-104712,2026-05-29 17:03:28.121624,Baden-Württemberg,Rail Automation,Received,7797.21,8
ORD-104713,2026-05-29 19:40:27.605521,Baden-Württemberg,Service Parts,Delivered,2577.39,3
ORD-104714,2026-05-29 22:17:27.089417,Baden-Württemberg,Electrification,Received,2043.8,21
ORD-104715,2026-05-30 00:54:26.573314,Saxony,Rolling Stock Components,Shipped,24143.67,8
ORD-104716,2026-05-30 03:31:26.057211,Saxony,Rail Automation,Delivered,3052.5,28
ORD-104717,2026-05-30 06:08:25.541108,Saxony,Rolling Stock Components,Shipped,995.2,30
ORD-104718,2026-05-30 08:45:25.025005,Bavaria,Rolling Stock Components,Delivered,6076.33,32
ORD-104719,2026-05-30 11:22:24.508901,Bavaria,Signaling Systems,Delivered,13148.34,11
ORD-104720,2026-05-30 13:59:23.992798,Baden-Württemberg,Signaling Systems,In Progress,3985.15,20
ORD-104721,2026-05-30 16:36:23.476695,North Rhine-Westphalia,Rolling Stock Components,Delivered,8873.64,16
ORD-104722,2026-05-30 19:13:22.960592,Baden-Württemberg,Rail Automation,Delivered,1552.98,25
ORD-104723,2026-05-30 21:50:22.444488,Lower Saxony,Electrification,Shipped,,9
ORD-104724,2026-05-31 00:27:21.928385,Bavaria,Electrification,In Progress,1718.6,39
ORD-104725,2026-05-31 03:04:21.412282,Saxony,Service Parts,Delivered,6875.3,40
ORD-104726,2026-05-31 05:41:20.896179,Bavaria,Service Parts,Delivered,11435.03,40
ORD-104727,2026-05-31 08:18:20.380076,Saxony,Electrification,Delivered,5478.43,3
ORD-104728,2026-05-31 10:55:19.863972,Lower Saxony,Rolling Stock Components,In Progress,1262.7,16
ORD-104729,2026-05-31 13:32:19.347869,Lower Saxony,Rolling Stock Components,Delivered,1324.4,12
ORD-104730,2026-05-31 16:09:18.831766,Bavaria,Signaling Systems,Shipped,28351.44,15
ORD-104731,2026-05-31 18:46:18.315663,Saxony,Signaling Systems,Delivered,2111.27,4
ORD-104732,2026-05-31 21:23:17.799559,Lower Saxony,Service Parts,Delivered,11403.05,23
ORD-104733,2026-06-01 00:00:17.283456,Baden-Württemberg,Electrification,Delivered,5598.27,27
ORD-104734,2026-06-01 02:37:16.767353,Baden-Württemberg,Rolling Stock Components,Delivered,1628.73,39
ORD-104735,2026-06-01 05:14:16.251250,Saxony,Electrification,Delivered,2735.22,43
ORD-104736,2026-06-01 07:51:15.735147,Bavaria,Rail Automation,Delivered,31882.62,37
ORD-104737,2026-06-01 10:28:15.219043,Lower Saxony,Electrification,In Progress,228344.87,13
ORD-104738,2026-06-01 13:05:14.702940,Bavaria,Rail Automation,Delivered,3466.69,43
ORD-104739,2026-06-01 15:42:14.186837,Baden-Württemberg,Signaling Systems,Delivered,3213.08,37
ORD-104740,2026-06-01 18:19:13.670734,Lower Saxony,Signaling Systems,In Progress,810.68,40
ORD-104741,2026-06-01 20:56:13.154630,Bavaria,Service Parts,Delivered,800.39,21
ORD-104742,2026-06-01 23:33:12.638527,North Rhine-Westphalia,Electrification,Shipped,1914.14,29
ORD-104743,2026-06-02 02:10:12.122424,Saxony,Electrification,Delivered,3012.41,29
ORD-104744,2026-06-02 04:47:11.606321,Saxony,Rail Automation,Delivered,4779.13,11
ORD-104745,2026-06-02 07:24:11.090218,North Rhine-Westphalia,Signaling Systems,In Progress,10500.17,28
ORD-104746,2026-06-02 10:01:10.574114,Baden-Württemberg,Rail Automation,Delivered,6266.44,10
ORD-104747,2026-06-02 12:38:10.058011,Lower Saxony,Signaling Systems,In Progress,10693.37,5
ORD-104748,2026-06-02 15:15:09.541908,Saxony,Rail Automation,Delivered,2501.53,25
ORD-104749,2026-06-02 17:52:09.025805,North Rhine-Westphalia,Signaling Systems,Delivered,4546.57,33
ORD-104750,2026-06-02 20:29:08.509701,North Rhine-Westphalia,Rail Automation,Shipped,3292.79,17
ORD-104751,2026-06-02 23:06:07.993598,Baden-Württemberg,Signaling Systems,In Progress,1220.0,33
ORD-104752,2026-06-03 01:43:07.477495,Baden-Württemberg,Rail Automation,In Progress,560.36,25
ORD-104753,2026-06-03 04:20:06.961392,Bavaria,Electrification,Delivered,2354.17,33
ORD-104754,2026-06-03 06:57:06.445289,Saxony,Service Parts,Delivered,320.84,9
ORD-104755,2026-06-03 09:34:05.929185,Bavaria,Rail Automation,In Progress,1413.52,27
ORD-104756,2026-06-03 12:11:05.413082,North Rhine-Westphalia,Service Parts,In Progress,8952.48,25
ORD-104757,2026-06-03 14:48:04.896979,Lower Saxony,Electrification,Received,5991.99,4
ORD-104758,2026-06-03 17:25:04.380876,Lower Saxony,Electrification,Delivered,5031.86,9
ORD-104759,2026-06-03 20:02:03.864772,Baden-Württemberg,Signaling Systems,Delivered,18008.14,15
ORD-104760,2026-06-03 22:39:03.348669,Lower Saxony,Service Parts,Received,2205.43,16
ORD-104761,2026-06-04 01:16:02.832566,Lower Saxony,Rolling Stock Components,Delivered,10406.12,16
ORD-104762,2026-06-04 03:53:02.316463,Lower Saxony,Signaling Systems,Received,2022.67,13
ORD-104763,2026-06-04 06:30:01.800360,North Rhine-Westphalia,Service Parts,Delivered,6668.82,14
ORD-104764,2026-06-04 09:07:01.284256,Lower Saxony,Rail Automation,Delivered,5819.11,22
ORD-104765,2026-06-04 11:44:00.768153,Lower Saxony,Rail Automation,Delivered,6175.05,21
ORD-104766,2026-06-04 14:21:00.252050,Lower Saxony,Electrification,Delivered,3211.92,9
ORD-104767,2026-06-04 16:57:59.735947,Bavaria,Rolling Stock Components,Delivered,6983.14,41
ORD-104768,2026-06-04 19:34:59.219843,North Rhine-Westphalia,Rail Automation,Delivered,7610.29,4
ORD-104769,2026-06-04 22:11:58.703740,Baden-Württemberg,Service Parts,Delivered,1018.7,10
ORD-104770,2026-06-05 00:48:58.187637,Bavaria,Service Parts,Shipped,12498.27,35
ORD-104771,2026-06-05 03:25:57.671534,Saxony,Rail Automation,In Progress,1262.05,9
ORD-104772,2026-06-05 06:02:57.155431,North Rhine-Westphalia,Service Parts,Shipped,1872.28,16
ORD-104773,2026-06-05 08:39:56.639327,North Rhine-Westphalia,Service Parts,Delivered,6413.54,18
ORD-104774,2026-06-05 11:16:56.123224,Saxony,Electrification,In Progress,9487.26,10
ORD-104775,2026-06-05 13:53:55.607121,Saxony,Rolling Stock Components,Shipped,6260.62,21
ORD-104776,2026-06-05 16:30:55.091018,Saxony,Electrification,Delivered,7031.23,15
ORD-104777,2026-06-05 19:07:54.574914,Baden-Württemberg,Rolling Stock Components,In Progress,1407.6,15
ORD-104778,2026-06-05 21:44:54.058811,Lower Saxony,Service Parts,Delivered,2762.68,11
ORD-104779,2026-06-06 00:21:53.542708,North Rhine-Westphalia,Rolling Stock Components,Delivered,515.22,40
ORD-104780,2026-06-06 02:58:53.026605,Lower Saxony,Service Parts,Delivered,1788.86,42
ORD-104781,2026-06-06 05:35:52.510502,Lower Saxony,Service Parts,Delivered,1123.52,41
ORD-104782,2026-06-06 08:12:51.994398,Saxony,Electrification,Delivered,4987.32,37
ORD-104783,2026-06-06 10:49:51.478295,Baden-Württemberg,Electrification,Delivered,65626.96,20
ORD-104784,2026-06-06 13:26:50.962192,Bavaria,Signaling Systems,In Progress,11340.47,34
ORD-104785,2026-06-06 16:03:50.446089,Baden-Württemberg,Rail Automation,Delivered,415.99,22
ORD-104786,2026-06-06 18:40:49.929986,Lower Saxony,Signaling Systems,In Progress,925.75,18
ORD-104787,2026-06-06 21:17:49.413882,Baden-Württemberg,Signaling Systems,Received,1177.66,16
ORD-104788,2026-06-06 23:54:48.897779,Saxony,Rolling Stock Components,Delivered,712.88,5
ORD-104789,2026-06-07 02:31:48.381676,Bavaria,Service Parts,In Progress,3602.11,1
ORD-104790,2026-06-07 05:08:47.865573,Saxony,Service Parts,Shipped,6320.99,19
ORD-104791,2026-06-07 07:45:47.349469,Bavaria,Service Parts,Received,1185.26,10
ORD-104792,2026-06-07 10:22:46.833366,Lower Saxony,Rail Automation,In Progress,3845.47,21
ORD-104793,2026-06-07 12:59:46.317263,Bavaria,Rolling Stock Components,In Progress,6261.87,13
ORD-104794,2026-06-07 15:36:45.801160,Bavaria,Rolling Stock Components,Received,10602.8,24
ORD-104795,2026-06-07 18:13:45.285057,Bavaria,Service Parts,Delivered,5835.5,23
ORD-104796,2026-06-07 20:50:44.768953,Baden-Württemberg,Signaling Systems,Delivered,7068.77,23
ORD-104797,2026-06-07 23:27:44.252850,Baden-Württemberg,Rail Automation,Shipped,4716.62,11
ORD-104798,2026-06-08 02:04:43.736747,Lower Saxony,Signaling Systems,Delivered,1610.63,2
ORD-104799,2026-06-08 04:41:43.220644,Bavaria,Electrification,In Progress,2048.65,6
ORD-104800,2026-06-08 07:18:42.704540,North Rhine-Westphalia,Rolling Stock Components,Shipped,1147.02,11
ORD-104801,2026-06-08 09:55:42.188437,Lower Saxony,Rolling Stock Components,In Progress,25554.32,15
ORD-104802,2026-06-08 12:32:41.672334,Bavaria,Signaling Systems,Delivered,976.36,9
ORD-104803,2026-06-08 15:09:41.156231,Bavaria,Rail Automation,Shipped,14006.78,12
ORD-104804,2026-06-08 17:46:40.640128,Baden-Württemberg,Rolling Stock Components,Delivered,986.89,36
ORD-104805,2026-06-08 20:23:40.124024,Lower Saxony,Signaling Systems,Delivered,11432.13,28
ORD-104806,2026-06-08 23:00:39.607921,Bavaria,Rail Automation,Delivered,14318.98,23
ORD-104807,2026-06-09 01:37:39.091818,Bavaria,Signaling Systems,Delivered,17451.56,27
ORD-104808,2026-06-09 04:14:38.575715,Lower Saxony,Rail Automation,Delivered,1563.04,24
ORD-104809,2026-06-09 06:51:38.059611,North Rhine-Westphalia,Service Parts,Shipped,5888.21,14
ORD-104810,2026-06-09 09:28:37.543508,Lower Saxony,Rail Automation,Shipped,2538.41,35
ORD-104811,2026-06-09 12:05:37.027405,Lower Saxony,Electrification,Delivered,1853.31,27
ORD-104812,2026-06-09 14:42:36.511302,North Rhine-Westphalia,Service Parts,Delivered,5157.67,21
ORD-104813,2026-06-09 17:19:35.995199,Lower Saxony,Signaling Systems,In Progress,12031.48,13
ORD-104814,2026-06-09 19:56:35.479095,Bavaria,Service Parts,Shipped,2553.79,8
ORD-104815,2026-06-09 22:33:34.962992,Lower Saxony,Service Parts,Delivered,7059.21,44
ORD-104816,2026-06-10 01:10:34.446889,North Rhine-Westphalia,Signaling Systems,Shipped,1810.71,44
ORD-104817,2026-06-10 03:47:33.930786,Saxony,Signaling Systems,In Progress,1559.99,44
ORD-104818,2026-06-10 06:24:33.414682,Lower Saxony,Electrification,Delivered,3439.76,34
ORD-104819,2026-06-10 09:01:32.898579,Baden-Württemberg,Signaling Systems,Delivered,3674.16,42
ORD-104820,2026-06-10 11:38:32.382476,Bavaria,Rolling Stock Components,Delivered,10245.15,23
ORD-104821,2026-06-10 14:15:31.866373,Bavaria,Rolling Stock Components,Delivered,1240.57,9
ORD-104822,2026-06-10 16:52:31.350270,Baden-Württemberg,Electrification,Delivered,52812.25,1
ORD-104823,2026-06-10 19:29:30.834166,Baden-Württemberg,Rail Automation,In Progress,684.38,36
ORD-104824,2026-06-10 22:06:30.318063,Lower Saxony,Rail Automation,Shipped,6316.2,16
ORD-104825,2026-06-11 00:43:29.801960,Baden-Württemberg,Rolling Stock Components,Delivered,3591.83,25
ORD-104826,2026-06-11 03:20:29.285857,Saxony,Signaling Systems,Delivered,2408.66,18
ORD-104827,2026-06-11 05:57:28.769753,North Rhine-Westphalia,Electrification,Received,4053.58,34
ORD-104828,2026-06-11 08:34:28.253650,Baden-Württemberg,Rail Automation,Cancelled,10294.7,38
ORD-104829,2026-06-11 11:11:27.737547,Baden-Württemberg,Rail Automation,Delivered,12213.11,3
ORD-104830,2026-06-11 13:48:27.221444,Saxony,Service Parts,Shipped,3868.72,20
ORD-104831,2026-06-11 16:25:26.705341,Bavaria,Rolling Stock Components,Shipped,7079.56,19
ORD-104832,2026-06-11 19:02:26.189237,Bavaria,Signaling Systems,In Progress,1137.6,13
ORD-104833,2026-06-11 21:39:25.673134,Lower Saxony,Electrification,Delivered,4013.04,17
ORD-104834,2026-06-12 00:16:25.157031,Saxony,Rail Automation,Cancelled,7584.12,14
ORD-104835,2026-06-12 02:53:24.640928,North Rhine-Westphalia,Service Parts,Shipped,398.89,30
ORD-104836,2026-06-12 05:30:24.124824,North Rhine-Westphalia,Rolling Stock Components,Cancelled,5372.28,22
ORD-104837,2026-06-12 08:07:23.608721,Saxony,Rolling Stock Components,Delivered,4084.58,43
ORD-104838,2026-06-12 10:44:23.092618,North Rhine-Westphalia,Electrification,Delivered,19866.6,43
ORD-104839,2026-06-12 13:21:22.576515,Bavaria,Rail Automation,Delivered,5906.62,29
ORD-104840,2026-06-12 15:58:22.060412,North Rhine-Westphalia,Electrification,Shipped,8331.6,2
ORD-104841,2026-06-12 18:35:21.544308,North Rhine-Westphalia,Electrification,Delivered,3645.82,8
ORD-104842,2026-06-12 21:12:21.028205,Saxony,Service Parts,Received,9850.26,14
ORD-104843,2026-06-12 23:49:20.512102,Saxony,Rolling Stock Components,Delivered,9122.67,34
ORD-104844,2026-06-13 02:26:19.995999,North Rhine-Westphalia,Signaling Systems,Received,1167.63,13
ORD-104845,2026-06-13 05:03:19.479895,Baden-Württemberg,Rolling Stock Components,Delivered,6919.33,10
ORD-104846,2026-06-13 07:40:18.963792,Saxony,Rolling Stock Components,Delivered,18042.12,8
ORD-104847,2026-06-13 10:17:18.447689,Lower Saxony,Service Parts,In Progress,14503.87,7
ORD-104848,2026-06-13 12:54:17.931586,Lower Saxony,Signaling Systems,Shipped,5065.0,13
ORD-104849,2026-06-13 15:31:17.415483,Bavaria,Rail Automation,Delivered,7001.35,26
ORD-104850,2026-06-13 18:08:16.899379,North Rhine-Westphalia,Signaling Systems,Delivered,13445.49,32
ORD-104851,2026-06-13 20:45:16.383276,Baden-Württemberg,Rail Automation,Shipped,1404.25,19
ORD-104852,2026-06-13 23:22:15.867173,Bavaria,Signaling Systems,Delivered,8281.85,15
ORD-104853,2026-06-14 01:59:15.351070,North Rhine-Westphalia,Electrification,Shipped,562.28,2
ORD-104854,2026-06-14 04:36:14.834966,Saxony,Signaling Systems,Received,12690.28,37
ORD-104855,2026-06-14 07:13:14.318863,Lower Saxony,Service Parts,Received,3218.81,19
ORD-104856,2026-06-14 09:50:13.802760,Baden-Württemberg,Rail Automation,In Progress,4468.9,33
ORD-104857,2026-06-14 12:27:13.286657,Lower Saxony,Rolling Stock Components,Delivered,2668.03,39
ORD-104858,2026-06-14 15:04:12.770554,Saxony,Service Parts,Cancelled,4697.79,33
ORD-104859,2026-06-14 17:41:12.254450,North Rhine-Westphalia,Rail Automation,Shipped,6508.87,1
ORD-104860,2026-06-14 20:18:11.738347,Saxony,Rail Automation,Delivered,11268.26,39
ORD-104861,2026-06-14 22:55:11.222244,Saxony,Rolling Stock Components,In Progress,20526.07,28
ORD-104862,2026-06-15 01:32:10.706141,Lower Saxony,Electrification,Delivered,5184.37,17
ORD-104863,2026-06-15 04:09:10.190038,Baden-Württemberg,Service Parts,In Progress,790.17,6
ORD-104864,2026-06-15 06:46:09.673934,Saxony,Rolling Stock Components,Delivered,20665.3,44
ORD-104865,2026-06-15 09:23:09.157831,Lower Saxony,Rolling Stock Components,Delivered,973.43,20
ORD-104866,2026-06-15 12:00:08.641728,Baden-Württemberg,Electrification,In Progress,3088.74,13
ORD-104867,2026-06-15 14:37:08.125625,North Rhine-Westphalia,Service Parts,Delivered,2865.81,12
ORD-104868,2026-06-15 17:14:07.609521,North Rhine-Westphalia,Rolling Stock Components,Received,4977.65,30
ORD-104869,2026-06-15 19:51:07.093418,Bavaria,Electrification,Shipped,1224.35,21
ORD-104870,2026-06-15 22:28:06.577315,Lower Saxony,Service Parts,In Progress,1160.66,2
ORD-104871,2026-06-16 01:05:06.061212,Baden-Württemberg,Signaling Systems,Shipped,4799.79,18
ORD-104872,2026-06-16 03:42:05.545109,Saxony,Rail Automation,In Progress,2043.52,28
ORD-104873,2026-06-16 06:19:05.029005,North Rhine-Westphalia,Electrification,Shipped,21605.49,4
ORD-104874,2026-06-16 08:56:04.512902,Baden-Württemberg,Rail Automation,Shipped,2681.23,42
ORD-104875,2026-06-16 11:33:03.996799,Lower Saxony,Signaling Systems,Shipped,1585.8,43
ORD-104876,2026-06-16 14:10:03.480696,Bavaria,Rolling Stock Components,Delivered,30915.7,6
ORD-104877,2026-06-16 16:47:02.964592,North Rhine-Westphalia,Rolling Stock Components,Delivered,8241.44,38
ORD-104878,2026-06-16 19:24:02.448489,Baden-Württemberg,Service Parts,Shipped,97601.52,9
ORD-104879,2026-06-16 22:01:01.932386,Baden-Württemberg,Electrification,In Progress,593.15,20
ORD-104880,2026-06-17 00:38:01.416283,Baden-Württemberg,Electrification,Shipped,6176.72,30
ORD-104881,2026-06-17 03:15:00.900180,Lower Saxony,Service Parts,Delivered,8384.78,37
ORD-104882,2026-06-17 05:52:00.384076,Lower Saxony,Rail Automation,Delivered,5067.51,38
ORD-104883,2026-06-17 08:28:59.867973,Lower Saxony,Rolling Stock Components,Delivered,3300.4,4
ORD-104884,2026-06-17 11:05:59.351870,Saxony,Rolling Stock Components,In Progress,19344.82,38
ORD-104885,2026-06-17 13:42:58.835767,Baden-Württemberg,Electrification,Shipped,,13
ORD-104886,2026-06-17 16:19:58.319663,North Rhine-Westphalia,Electrification,Shipped,766.5,35
ORD-104887,2026-06-17 18:56:57.803560,Lower Saxony,Service Parts,Delivered,1888.8,30
ORD-104888,2026-06-17 21:33:57.287457,Lower Saxony,Signaling Systems,Delivered,1365.94,42
ORD-104889,2026-06-18 00:10:56.771354,Baden-Württemberg,Rail Automation,Received,4301.53,4
ORD-104890,2026-06-18 02:47:56.255251,Lower Saxony,Signaling Systems,Delivered,13957.21,25
ORD-104891,2026-06-18 05:24:55.739147,Saxony,Signaling Systems,In Progress,3238.38,31
ORD-104892,2026-06-18 08:01:55.223044,Saxony,Electrification,Shipped,3720.32,12
ORD-104893,2026-06-18 10:38:54.706941,Lower Saxony,Electrification,Delivered,1674.17,15
ORD-104894,2026-06-18 13:15:54.190838,Baden-Württemberg,Electrification,Delivered,11355.72,26
ORD-104895,2026-06-18 15:52:53.674734,Baden-Württemberg,Signaling Systems,Shipped,19070.77,10
ORD-104896,2026-06-18 18:29:53.158631,Baden-Württemberg,Rail Automation,In Progress,4742.47,12
ORD-104897,2026-06-18 21:06:52.642528,Bavaria,Electrification,Delivered,27945.76,22
ORD-104898,2026-06-18 23:43:52.126425,Lower Saxony,Rolling Stock Components,Delivered,2701.36,40
ORD-104899,2026-06-19 02:20:51.610322,Baden-Württemberg,Rail Automation,Delivered,1057.14,21
ORD-104900,2026-06-19 04:57:51.094218,Saxony,Rolling Stock Components,In Progress,11906.09,35
ORD-104901,2026-06-19 07:34:50.578115,North Rhine-Westphalia,Rail Automation,Shipped,4422.86,7
ORD-104902,2026-06-19 10:11:50.062012,North Rhine-Westphalia,Electrification,Cancelled,2593.17,18
ORD-104903,2026-06-19 12:48:49.545909,Baden-Württemberg,Service Parts,Delivered,5347.25,27
ORD-104904,2026-06-19 15:25:49.029805,North Rhine-Westphalia,Electrification,Shipped,860.21,35
ORD-104905,2026-06-19 18:02:48.513702,North Rhine-Westphalia,Signaling Systems,Delivered,718.47,2
ORD-104906,2026-06-19 20:39:47.997599,Bavaria,Signaling Systems,Delivered,,32
ORD-104907,2026-06-19 23:16:47.481496,Saxony,Rail Automation,Shipped,7925.17,15
ORD-104908,2026-06-20 01:53:46.965393,Saxony,Signaling Systems,In Progress,22771.03,24
ORD-104909,2026-06-20 04:30:46.449289,Bavaria,Electrification,Delivered,13033.82,20
ORD-104910,2026-06-20 07:07:45.933186,Bavaria,Rolling Stock Components,Delivered,9886.26,10
ORD-104911,2026-06-20 09:44:45.417083,North Rhine-Westphalia,Electrification,Delivered,19880.14,24
ORD-104912,2026-06-20 12:21:44.900980,Lower Saxony,Rail Automation,Delivered,8424.38,24
ORD-104913,2026-06-20 14:58:44.384876,North Rhine-Westphalia,Signaling Systems,Shipped,3365.66,24
ORD-104914,2026-06-20 17:35:43.868773,Bavaria,Rolling Stock Components,Received,13408.25,40
ORD-104915,2026-06-20 20:12:43.352670,Saxony,Service Parts,Cancelled,12876.58,34
ORD-104916,2026-06-20 22:49:42.836567,North Rhine-Westphalia,Rolling Stock Components,Shipped,4872.7,41
ORD-104917,2026-06-21 01:26:42.320464,Lower Saxony,Rolling Stock Components,Delivered,1313.19,40
ORD-104918,2026-06-21 04:03:41.804360,North Rhine-Westphalia,Electrification,Delivered,,11
ORD-104919,2026-06-21 06:40:41.288257,Baden-Württemberg,Service Parts,Delivered,12414.71,26
ORD-104920,2026-06-21 09:17:40.772154,North Rhine-Westphalia,Rail Automation,In Progress,8321.03,1
ORD-104921,2026-06-21 11:54:40.256051,Bavaria,Rail Automation,Delivered,9710.94,30
ORD-104922,2026-06-21 14:31:39.739947,Saxony,Rolling Stock Components,Delivered,12935.26,43
ORD-104923,2026-06-21 17:08:39.223844,Saxony,Rolling Stock Components,Delivered,1828.18,18
ORD-104924,2026-06-21 19:45:38.707741,Bavaria,Signaling Systems,Delivered,623.68,26
ORD-104925,2026-06-21 22:22:38.191638,Baden-Württemberg,Service Parts,In Progress,8668.41,9
ORD-104926,2026-06-22 00:59:37.675535,Bavaria,Rolling Stock Components,Received,18352.41,9
ORD-104927,2026-06-22 03:36:37.159431,North Rhine-Westphalia,Signaling Systems,Shipped,7237.6,1
ORD-104928,2026-06-22 06:13:36.643328,Bavaria,Service Parts,Shipped,958.16,7
ORD-104929,2026-06-22 08:50:36.127225,Bavaria,Rail Automation,Cancelled,6404.52,44
ORD-104930,2026-06-22 11:27:35.611122,Baden-Württemberg,Signaling Systems,Delivered,1426.21,42
ORD-104931,2026-06-22 14:04:35.095019,North Rhine-Westphalia,Service Parts,Delivered,900.85,16
ORD-104932,2026-06-22 16:41:34.578915,Lower Saxony,Signaling Systems,Delivered,4873.49,38
ORD-104933,2026-06-22 19:18:34.062812,Lower Saxony,Rolling Stock Components,In Progress,5876.69,11
ORD-104934,2026-06-22 21:55:33.546709,Saxony,Electrification,Cancelled,4409.5,25
ORD-104935,2026-06-23 00:32:33.030606,Bavaria,Rail Automation,Shipped,7958.14,29
ORD-104936,2026-06-23 03:09:32.514502,Saxony,Rolling Stock Components,In Progress,2059.75,19
ORD-104937,2026-06-23 05:46:31.998399,Baden-Württemberg,Rolling Stock Components,Delivered,5400.51,18
ORD-104938,2026-06-23 08:23:31.482296,Lower Saxony,Service Parts,Delivered,2881.64,29
ORD-104939,2026-06-23 11:00:30.966193,Bavaria,Signaling Systems,Delivered,3726.19,16
ORD-104940,2026-06-23 13:37:30.450090,Baden-Württemberg,Rail Automation,Received,6602.83,40
ORD-104941,2026-06-23 16:14:29.933986,Baden-Württemberg,Rolling Stock Components,Delivered,15765.86,8
ORD-104942,2026-06-23 18:51:29.417883,Bavaria,Service Parts,Shipped,6778.6,34
ORD-104943,2026-06-23 21:28:28.901780,Baden-Württemberg,Rail Automation,Received,9763.54,6
ORD-104944,2026-06-24 00:05:28.385677,Bavaria,Signaling Systems,Delivered,4970.36,30
ORD-104945,2026-06-24 02:42:27.869573,Bavaria,Rolling Stock Components,Delivered,8403.28,44
ORD-104946,2026-06-24 05:19:27.353470,North Rhine-Westphalia,Rolling Stock Components,Delivered,15324.02,34
ORD-104947,2026-06-24 07:56:26.837367,Saxony,Rolling Stock Components,Delivered,38836.15,21
ORD-104948,2026-06-24 10:33:26.321264,Baden-Württemberg,Rail Automation,Delivered,18617.42,12
ORD-104949,2026-06-24 13:10:25.805161,Baden-Württemberg,Rail Automation,Delivered,4625.81,6
ORD-104950,2026-06-24 15:47:25.289057,North Rhine-Westphalia,Rail Automation,Delivered,17311.61,39
ORD-104951,2026-06-24 18:24:24.772954,North Rhine-Westphalia,Rail Automation,Delivered,8990.7,6
ORD-104952,2026-06-24 21:01:24.256851,North Rhine-Westphalia,Service Parts,Cancelled,2520.14,4
ORD-104953,2026-06-24 23:38:23.740748,Lower Saxony,Electrification,Cancelled,9127.91,9
ORD-104954,2026-06-25 02:15:23.224644,Lower Saxony,Service Parts,In Progress,1420.03,5
ORD-104955,2026-06-25 04:52:22.708541,Lower Saxony,Rolling Stock Components,Delivered,9142.89,10
ORD-104956,2026-06-25 07:29:22.192438,Bavaria,Service Parts,Delivered,33758.11,8
ORD-104957,2026-06-25 10:06:21.676335,Baden-Württemberg,Signaling Systems,Shipped,12147.48,23
ORD-104958,2026-06-25 12:43:21.160232,Saxony,Rail Automation,Delivered,18329.73,4
ORD-104959,2026-06-25 15:20:20.644128,Bavaria,Signaling Systems,Received,3242.13,37
ORD-104960,2026-06-25 17:57:20.128025,Baden-Württemberg,Signaling Systems,Delivered,8341.27,7
ORD-104961,2026-06-25 20:34:19.611922,Baden-Württemberg,Rolling Stock Components,Delivered,10593.34,6
ORD-104962,2026-06-25 23:11:19.095819,North Rhine-Westphalia,Rail Automation,In Progress,3513.34,42
ORD-104963,2026-06-26 01:48:18.579715,North Rhine-Westphalia,Signaling Systems,Shipped,10426.23,15
ORD-104964,2026-06-26 04:25:18.063612,Bavaria,Rolling Stock Components,Delivered,8104.36,35
ORD-104965,2026-06-26 07:02:17.547509,North Rhine-Westphalia,Rail Automation,Shipped,10554.4,32
ORD-104966,2026-06-26 09:39:17.031406,Baden-Württemberg,Electrification,Shipped,1582.75,14
ORD-104967,2026-06-26 12:16:16.515303,North Rhine-Westphalia,Rolling Stock Components,Shipped,20004.42,35
ORD-104968,2026-06-26 14:53:15.999199,Lower Saxony,Service Parts,Delivered,8068.37,11
ORD-104969,2026-06-26 17:30:15.483096,North Rhine-Westphalia,Rail Automation,Delivered,4315.85,10
ORD-104970,2026-06-26 20:07:14.966993,Baden-Württemberg,Signaling Systems,Delivered,4431.91,17
ORD-104971,2026-06-26 22:44:14.450890,Bavaria,Signaling Systems,Delivered,4709.28,13
ORD-104972,2026-06-27 01:21:13.934786,Saxony,Service Parts,Delivered,1974.72,34
ORD-104973,2026-06-27 03:58:13.418683,North Rhine-Westphalia,Service Parts,Delivered,18179.98,5
ORD-104974,2026-06-27 06:35:12.902580,Baden-Württemberg,Signaling Systems,Shipped,14177.62,10
ORD-104975,2026-06-27 09:12:12.386477,Saxony,Rail Automation,Delivered,15265.67,32
ORD-104976,2026-06-27 11:49:11.870374,Saxony,Rolling Stock Components,Delivered,25965.16,12
ORD-104977,2026-06-27 14:26:11.354270,Lower Saxony,Service Parts,Delivered,6055.7,13
ORD-104978,2026-06-27 17:03:10.838167,Saxony,Service Parts,Received,795.28,21
ORD-104979,2026-06-27 19:40:10.322064,Baden-Württemberg,Service Parts,In Progress,9815.9,33
ORD-104980,2026-06-27 22:17:09.805961,Baden-Württemberg,Electrification,Shipped,9421.85,41
ORD-104981,2026-06-28 00:54:09.289857,North Rhine-Westphalia,Rail Automation,Shipped,27152.28,32
ORD-104982,2026-06-28 03:31:08.773754,North Rhine-Westphalia,Rail Automation,Delivered,16159.97,12
ORD-104983,2026-06-28 06:08:08.257651,North Rhine-Westphalia,Rail Automation,Received,5695.22,35
ORD-104984,2026-06-28 08:45:07.741548,Saxony,Rail Automation,Delivered,4193.36,36
ORD-104985,2026-06-28 11:22:07.225445,Saxony,Rail Automation,Shipped,14823.97,38
ORD-104986,2026-06-28 13:59:06.709341,Lower Saxony,Signaling Systems,Shipped,264.95,28
ORD-104987,2026-06-28 16:36:06.193238,North Rhine-Westphalia,Service Parts,Delivered,,13
ORD-104988,2026-06-28 19:13:05.677135,Bavaria,Signaling Systems,In Progress,13908.1,12
ORD-104989,2026-06-28 21:50:05.161032,Lower Saxony,Electrification,Delivered,4302.24,22
ORD-104990,2026-06-29 00:27:04.644928,Bavaria,Rolling Stock Components,Received,3228.03,44
ORD-104991,2026-06-29 03:04:04.128825,Saxony,Service Parts,Shipped,6797.62,2
ORD-104992,2026-06-29 05:41:03.612722,Lower Saxony,Electrification,Delivered,21685.33,29
ORD-104993,2026-06-29 08:18:03.096619,Lower Saxony,Signaling Systems,Delivered,8071.93,13
ORD-104994,2026-06-29 10:55:02.580516,Baden-Württemberg,Rolling Stock Components,Shipped,2333.85,35
ORD-104995,2026-06-29 13:32:02.064412,Saxony,Electrification,Shipped,18744.96,13
ORD-104996,2026-06-29 16:09:01.548309,Saxony,Rolling Stock Components,Delivered,23220.97,34
ORD-104997,2026-06-29 18:46:01.032206,Lower Saxony,Electrification,Cancelled,2022.19,19
ORD-104998,2026-06-29 21:23:00.516103,Saxony,Signaling Systems,Delivered,,9
ORD-104999,2026-06-30 00:00:00.000000,Lower Saxony,Rolling Stock Components,Shipped,4911.24,31
ORD-102764,2025-10-29 08:04:13.490698,Saxony,Electrification,Delivered,5206.05,33
ORD-104767,2026-06-04 16:57:59.735947,Bavaria,Rolling Stock Components,Delivered,6983.14,41
ORD-103814,2026-02-20 19:25:11.582316,Saxony,Rail Automation,In Progress,4580.38,25
ORD-103499,2026-01-17 11:12:54.154830,Saxony,Signaling Systems,Delivered,4332.09,37
ORD-102735,2025-10-26 04:11:28.457691,North Rhine-Westphalia,Signaling Systems,Delivered,45278.94,22
ORD-103922,2026-03-04 14:00:15.843168,Saxony,Signaling Systems,In Progress,2279.23,41
ORD-102701,2025-10-22 11:13:46.005201,Saxony,Rolling Stock Components,Delivered,5424.48,24
ORD-101179,2025-05-09 12:52:51.514302,Bavaria,Rail Automation,Delivered,4560.44,31
ORD-100932,2025-04-12 14:35:58.991798,Baden-Württemberg,Rail Automation,Delivered,11627.03,30
ORD-100792,2025-03-28 08:17:11.246249,Saxony,Rail Automation,In Progress,5016.03,44
ORD-101852,2025-07-21 21:48:04.176835,Bavaria,Service Parts,Delivered,16281.31,23
ORD-101185,2025-05-10 04:34:48.417683,North Rhine-Westphalia,Rolling Stock Components,Delivered,1301.88,12
ORD-101724,2025-07-07 22:53:10.238047,Lower Saxony,Rail Automation,Delivered,15250.04,41
ORD-104080,2026-03-21 19:24:54.298859,Bavaria,Rolling Stock Components,In Progress,14259.99,40
ORD-103823,2026-02-21 18:58:06.937387,Bavaria,Rail Automation,Delivered,7310.43,4
ORD-104054,2026-03-18 23:23:07.717543,Lower Saxony,Rolling Stock Components,Delivered,6970.86,30
ORD-102721,2025-10-24 15:33:35.683136,Bavaria,Service Parts,Delivered,2496.61,10
ORD-103903,2026-03-02 12:17:25.649129,Saxony,Signaling Systems,Delivered,1177.9,13
ORD-101865,2025-07-23 07:48:57.467493,North Rhine-Westphalia,Signaling Systems,Delivered,10404.17,1
ORD-100759,2025-03-24 17:56:28.277655,Baden-Württemberg,Rail Automation,Delivered,1908.15,31
ORD-102416,2025-09-21 09:31:13.094618,Baden-Württemberg,Service Parts,Delivered,14693.89,1
ORD-103670,2026-02-05 02:38:25.901180,North Rhine-Westphalia,Rolling Stock Components,Shipped,8751.4,44
ORD-104838,2026-06-12 10:44:23.092618,North Rhine-Westphalia,Electrification,Delivered,19866.6,43
ORD-103090,2025-12-03 21:03:25.241048,Lower Saxony,Service Parts,In Progress,17122.6,38
ORD-101546,2025-06-18 13:08:42.104420,Saxony,Rail Automation,Delivered,963.0,29
ORD-101132,2025-05-04 09:54:15.771154,Lower Saxony,Electrification,Received,3621.41,27
ORD-104703,2026-05-28 17:30:32.766553,North Rhine-Westphalia,Electrification,Delivered,1010.94,38
ORD-104494,2026-05-05 22:39:20.632126,Lower Saxony,Rolling Stock Components,Delivered,20382.0,23
ORD-102775,2025-10-30 12:51:07.813562,Lower Saxony,Signaling Systems,Shipped,17357.42,35
ORD-103185,2025-12-14 05:37:36.211242,North Rhine-Westphalia,Rolling Stock Components,Received,5327.82,18
ORD-101213,2025-05-13 05:50:33.966793,Saxony,Signaling Systems,Received,10574.74,14
ORD-103289,2025-12-25 13:44:42.536507,Baden-Württemberg,Signaling Systems,Shipped,3489.43,6
ORD-100763,2025-03-25 04:24:26.213242,Lower Saxony,Electrification,In Progress,5483.58,31
ORD-101216,2025-05-13 13:41:32.418483,North Rhine-Westphalia,Rolling Stock Components,In Progress,1395.78,18
ORD-100348,2025-02-07 22:33:00.396079,Baden-Württemberg,Electrification,Shipped,8541.89,35
ORD-102982,2025-11-22 02:28:20.980196,Bavaria,Signaling Systems,Delivered,10980.93,30
ORD-102916,2025-11-14 21:46:55.043008,Bavaria,Rolling Stock Components,Shipped,22939.37,21
ORD-102971,2025-11-20 21:41:26.657331,Bavaria,Service Parts,Delivered,18437.89,32
ORD-101355,2025-05-28 17:23:20.680136,Saxony,Rolling Stock Components,Delivered,24781.15,39
ORD-102330,2025-09-12 00:29:57.479495,Bavaria,Electrification,In Progress,6776.19,18
ORD-101513,2025-06-14 22:47:59.135827,Lower Saxony,Signaling Systems,Delivered,720.55,33
ORD-102181,2025-08-26 18:38:14.378875,Bavaria,Signaling Systems,Received,1542.87,17
ORD-103347,2025-12-31 21:30:12.602520,Lower Saxony,Rolling Stock Components,Cancelled,15714.33,28
ORD-101660,2025-06-30 23:25:43.268653,Baden-Württemberg,Service Parts,In Progress,31858.52,17
ORD-104377,2026-04-23 04:31:21.016203,North Rhine-Westphalia,Rail Automation,In Progress,8512.95,25
ORD-100804,2025-03-29 15:41:05.053010,Baden-Württemberg,Rolling Stock Components,Delivered,20729.68,24
ORD-101441,2025-06-07 02:24:36.295259,North Rhine-Westphalia,Signaling Systems,Delivered,6134.86,18
ORD-101094,2025-04-30 06:28:35.383076,North Rhine-Westphalia,Electrification,Shipped,11308.18,13
ORD-103988,2026-03-11 18:41:41.780356,Bavaria,Rolling Stock Components,Shipped,2403.81,16
ORD-103705,2026-02-08 22:13:07.837567,Bavaria,Electrification,Delivered,3637.92,30
ORD-103743,2026-02-13 01:38:48.225645,Bavaria,Rolling Stock Components,In Progress,34026.85,20
ORD-103271,2025-12-23 14:38:51.826365,Saxony,Signaling Systems,Delivered,5342.69,1
ORD-101453,2025-06-08 09:48:30.102020,North Rhine-Westphalia,Electrification,Delivered,11109.25,25
ORD-102513,2025-10-01 23:19:23.032606,Bavaria,Electrification,Delivered,1425.79,26
ORD-102000,2025-08-07 01:02:47.793558,Saxony,Service Parts,In Progress,5316.48,20
ORD-104133,2026-03-27 14:05:26.945389,Bavaria,Rail Automation,In Progress,3805.24,33
ORD-104077,2026-03-21 11:33:55.847169,Saxony,Signaling Systems,In Progress,7143.05,17
ORD-100988,2025-04-18 17:07:30.090018,North Rhine-Westphalia,Service Parts,Delivered,23325.94,11
ORD-101621,2025-06-26 17:23:03.396679,Bavaria,Rolling Stock Components,Shipped,1586.22,33
ORD-104198,2026-04-03 16:09:53.398679,North Rhine-Westphalia,Rolling Stock Components,Received,7919.68,21
ORD-101412,2025-06-03 22:31:51.262252,Saxony,Electrification,In Progress,33083.79,6
ORD-100608,2025-03-08 06:50:46.209241,Baden-Württemberg,Rolling Stock Components,Delivered,2312.99,29
ORD-101772,2025-07-13 04:28:45.465093,North Rhine-Westphalia,Electrification,Delivered,1477.77,25
ORD-103283,2025-12-24 22:02:45.633126,Saxony,Electrification,In Progress,10413.94,21
ORD-103635,2026-02-01 07:03:43.964792,Lower Saxony,Rail Automation,Delivered,20535.51,1
ORD-104828,2026-06-11 08:34:28.253650,Baden-Württemberg,Rail Automation,Cancelled,10294.7,38
ORD-103521,2026-01-19 20:46:42.800560,North Rhine-Westphalia,Rail Automation,Delivered,,5
ORD-102717,2025-10-24 05:05:37.747549,Baden-Württemberg,Rolling Stock Components,Delivered,3093.88,3
ORD-104079,2026-03-21 16:47:54.814962,Bavaria,Rail Automation,Delivered,17531.41,26
ORD-102334,2025-09-12 10:57:55.415083,Bavaria,Electrification,Delivered,2379.17,8
ORD-104437,2026-04-29 17:30:50.050010,Lower Saxony,Signaling Systems,Delivered,23212.04,42
ORD-104115,2026-03-25 14:59:36.235247,North Rhine-Westphalia,Rolling Stock Components,Shipped,4856.19,24
ORD-102755,2025-10-28 08:31:18.135627,Bavaria,Service Parts,Cancelled,3298.0,13
ORD-100636,2025-03-11 08:06:31.758351,Bavaria,Signaling Systems,Delivered,12347.43,11
ORD-100503,2025-02-24 20:06:40.400080,North Rhine-Westphalia,Service Parts,Shipped,2906.66,24
ORD-103420,2026-01-08 20:30:34.926985,Saxony,Rail Automation,In Progress,8797.4,1
ORD-103944,2026-03-06 23:34:04.488897,Saxony,Rail Automation,Shipped,4305.65,14
ORD-102943,2025-11-17 20:25:41.108221,Baden-Württemberg,Rail Automation,Delivered,8948.91,28
ORD-103019,2025-11-26 03:17:01.884376,Bavaria,Signaling Systems,Delivered,7563.94,16
ORD-104589,2026-05-16 07:13:31.602320,Baden-Württemberg,Rail Automation,Delivered,1796.16,40
